# Made in Blockbench 5.1.4
mtllib PC.mtl

o cube
v 0.125 0.03553365617962734 0.4664178633367351
v 0.125 0.022454317352603843 0.27937460391301805
v 0.125 -0.0018749957051160705 0.4690337311021398
v 0.125 -0.014954334532139565 0.2819904716784227
v -0.125 0.022454317352603843 0.27937460391301805
v -0.125 0.03553365617962734 0.4664178633367351
v -0.125 -0.014954334532139565 0.2819904716784227
v -0.125 -0.0018749957051160705 0.4690337311021398
vt 0.53125 0.65625
vt 0.59375 0.65625
vt 0.59375 0.646484375
vt 0.53125 0.646484375
vt 0.59375 0.453125
vt 0.640625 0.453125
vt 0.640625 0.443359375
vt 0.59375 0.443359375
vt 0.53125 0.515625
vt 0.59375 0.515625
vt 0.59375 0.505859375
vt 0.53125 0.505859375
vt 0.609375 1
vt 0.65625 1
vt 0.65625 0.990234375
vt 0.609375 0.990234375
vt 0.390625 0.828125
vt 0.328125 0.828125
vt 0.328125 0.875
vt 0.390625 0.875
vt 0.0625 0.65625
vt 0 0.65625
vt 0 0.609375
vt 0.0625 0.609375
vn 0 -0.0697564737441253 -0.9975640502598242
vn 1 0 0
vn 0 0.0697564737441253 0.9975640502598242
vn -1 0 0
vn 0 0.9975640502598242 -0.0697564737441253
vn 0 -0.9975640502598242 0.0697564737441253
usemtl none
f 4/4/1 7/3/1 5/2/1 2/1/1
f 3/8/2 4/7/2 2/6/2 1/5/2
f 8/12/3 3/11/3 1/10/3 6/9/3
f 7/16/4 8/15/4 6/14/4 5/13/4
f 6/20/5 1/19/5 2/18/5 5/17/5
f 7/24/6 4/23/6 3/22/6 8/21/6
o cube
v 0.040625 0.1962617533755343 0.4021903926346321
v 0.040625 0.18008556305662676 0.3418200284915653
v 0.040625 0.030243251982100695 0.4466749160116278
v 0.040625 0.014067061663193148 0.38630455186856105
v -0.040625 0.18008556305662676 0.3418200284915653
v -0.040625 0.1962617533755343 0.4021903926346321
v -0.040625 0.014067061663193148 0.38630455186856105
v -0.040625 0.030243251982100695 0.4466749160116278
vt 0.4375 0.609375
vt 0.45703125 0.609375
vt 0.45703125 0.56640625
vt 0.4375 0.56640625
vt 0.3125 0.484375
vt 0.328125 0.484375
vt 0.328125 0.44140625
vt 0.3125 0.44140625
vt 0.453125 1
vt 0.47265625 1
vt 0.47265625 0.95703125
vt 0.453125 0.95703125
vt 0.34375 0.484375
vt 0.359375 0.484375
vt 0.359375 0.44140625
vt 0.34375 0.44140625
vt 0.62890625 0.5
vt 0.609375 0.5
vt 0.609375 0.515625
vt 0.62890625 0.515625
vt 0.58203125 0.390625
vt 0.5625 0.390625
vt 0.5625 0.375
vt 0.58203125 0.375
vn 0 -0.25881904510252074 -0.9659258262890683
vn 1 0 0
vn 0 0.25881904510252074 0.9659258262890683
vn -1 0 0
vn 0 0.9659258262890683 -0.25881904510252074
vn 0 -0.9659258262890683 0.25881904510252074
usemtl none
f 12/28/7 15/27/7 13/26/7 10/25/7
f 11/32/8 12/31/8 10/30/8 9/29/8
f 16/36/9 11/35/9 9/34/9 14/33/9
f 15/40/10 16/39/10 14/38/10 13/37/10
f 14/44/11 9/43/11 10/42/11 13/41/11
f 15/48/12 12/47/12 11/46/12 16/45/12
o cube
v 0.184375 0.421875 0.403125
v 0.184375 0.421875 0.315625
v 0.184375 0.11250000000000002 0.403125
v 0.184375 0.11250000000000002 0.315625
v -0.184375 0.421875 0.315625
v -0.184375 0.421875 0.403125
v -0.184375 0.11250000000000002 0.315625
v -0.184375 0.11250000000000002 0.403125
vt 0 0.8125
vt 0.091796875 0.8125
vt 0.091796875 0.734375
vt 0 0.734375
vt 0.40625 1
vt 0.427734375 1
vt 0.427734375 0.921875
vt 0.40625 0.921875
vt 0.109375 0.8125
vt 0.201171875 0.8125
vt 0.201171875 0.734375
vt 0.109375 0.734375
vt 0.40625 0.90625
vt 0.427734375 0.90625
vt 0.427734375 0.828125
vt 0.40625 0.828125
vt 0.435546875 0.697265625
vt 0.34375 0.697265625
vt 0.34375 0.71875
vt 0.435546875 0.71875
vt 0.388671875 0.65625
vt 0.296875 0.65625
vt 0.296875 0.634765625
vt 0.388671875 0.634765625
vn 0 0 -1
vn 1 0 0
vn 0 0 1
vn -1 0 0
vn 0 1 0
vn 0 -1 0
usemtl none
f 20/52/13 23/51/13 21/50/13 18/49/13
f 19/56/14 20/55/14 18/54/14 17/53/14
f 24/60/15 19/59/15 17/58/15 22/57/15
f 23/64/16 24/63/16 22/62/16 21/61/16
f 22/68/17 17/67/17 18/66/17 21/65/17
f 23/72/18 20/71/18 19/70/18 24/69/18
o cube
v 0.184375 0.421875 0.315625
v 0.184375 0.421875 0.309375
v 0.184375 0.39375000000000004 0.315625
v 0.184375 0.39375000000000004 0.309375
v -0.184375 0.421875 0.309375
v -0.184375 0.421875 0.315625
v -0.184375 0.39375000000000004 0.309375
v -0.184375 0.39375000000000004 0.315625
vt 0.4375 0.546875
vt 0.529296875 0.546875
vt 0.529296875 0.5390625
vt 0.4375 0.5390625
vt 0.859375 0.46875
vt 0.861328125 0.46875
vt 0.861328125 0.4609375
vt 0.859375 0.4609375
vt 0.28125 0.515625
vt 0.373046875 0.515625
vt 0.373046875 0.5078125
vt 0.28125 0.5078125
vt 0.859375 0.4375
vt 0.861328125 0.4375
vt 0.861328125 0.4296875
vt 0.859375 0.4296875
vt 0.748046875 0.591796875
vt 0.65625 0.591796875
vt 0.65625 0.59375
vt 0.748046875 0.59375
vt 0.748046875 0.53125
vt 0.65625 0.53125
vt 0.65625 0.529296875
vt 0.748046875 0.529296875
vn 0 0 -1
vn 1 0 0
vn 0 0 1
vn -1 0 0
vn 0 1 0
vn 0 -1 0
usemtl none
f 28/76/19 31/75/19 29/74/19 26/73/19
f 27/80/20 28/79/20 26/78/20 25/77/20
f 32/84/21 27/83/21 25/82/21 30/81/21
f 31/88/22 32/87/22 30/86/22 29/85/22
f 30/92/23 25/91/23 26/90/23 29/89/23
f 31/96/24 28/95/24 27/94/24 32/93/24
o cube
v -0.184375 0.3968750000000001 0.315625
v -0.184375 0.3968750000000001 0.309375
v -0.15624999999999983 0.3968750000000001 0.315625
v -0.15624999999999983 0.3968750000000001 0.309375
v -0.18437500000000007 0.1406250000000001 0.309375
v -0.18437500000000007 0.1406250000000001 0.315625
v -0.1562499999999999 0.14062500000000008 0.309375
v -0.1562499999999999 0.14062500000000008 0.315625
vt 0.5625 0.78125
vt 0.6328125 0.78125
vt 0.6328125 0.7734375
vt 0.5625 0.7734375
vt 0.859375 0.375
vt 0.861328125 0.375
vt 0.861328125 0.3671875
vt 0.859375 0.3671875
vt 0.5625 0.75
vt 0.6328125 0.75
vt 0.6328125 0.7421875
vt 0.5625 0.7421875
vt 0.65625 0.140625
vt 0.658203125 0.140625
vt 0.658203125 0.1328125
vt 0.65625 0.1328125
vt 0.7890625 0.873046875
vt 0.71875 0.873046875
vt 0.71875 0.875
vt 0.7890625 0.875
vt 0.2265625 0.28125
vt 0.15625 0.28125
vt 0.15625 0.279296875
vt 0.2265625 0.279296875
vn 0 0 -1
vn 2.220446049250313e-16 1 0
vn 0 0 1
vn -2.220446049250313e-16 -1 0
vn -1 2.220446049250313e-16 0
vn 1 -2.220446049250313e-16 0
usemtl none
f 36/100/25 39/99/25 37/98/25 34/97/25
f 35/104/26 36/103/26 34/102/26 33/101/26
f 40/108/27 35/107/27 33/106/27 38/105/27
f 39/112/28 40/111/28 38/110/28 37/109/28
f 38/116/29 33/115/29 34/114/29 37/113/29
f 39/120/30 36/119/30 35/118/30 40/117/30
o cube
v 0.15625 0.3968750000000001 0.315625
v 0.15625 0.3968750000000001 0.309375
v 0.18437500000000018 0.3968750000000001 0.315625
v 0.18437500000000018 0.3968750000000001 0.309375
v 0.15624999999999994 0.14062500000000006 0.309375
v 0.15624999999999994 0.14062500000000006 0.315625
v 0.18437500000000012 0.14062500000000003 0.309375
v 0.18437500000000012 0.14062500000000003 0.315625
vt 0.5625 0.84375
vt 0.6328125 0.84375
vt 0.6328125 0.8359375
vt 0.5625 0.8359375
vt 0.859375 0.53125
vt 0.861328125 0.53125
vt 0.861328125 0.5234375
vt 0.859375 0.5234375
vt 0.5625 0.8125
vt 0.6328125 0.8125
vt 0.6328125 0.8046875
vt 0.5625 0.8046875
vt 0.859375 0.5
vt 0.861328125 0.5
vt 0.861328125 0.4921875
vt 0.859375 0.4921875
vt 0.7890625 0.935546875
vt 0.71875 0.935546875
vt 0.71875 0.9375
vt 0.7890625 0.9375
vt 0.7890625 0.90625
vt 0.71875 0.90625
vt 0.71875 0.904296875
vt 0.7890625 0.904296875
vn 0 0 -1
vn 2.220446049250313e-16 1 0
vn 0 0 1
vn -2.220446049250313e-16 -1 0
vn -1 2.220446049250313e-16 0
vn 1 -2.220446049250313e-16 0
usemtl none
f 44/124/31 47/123/31 45/122/31 42/121/31
f 43/128/32 44/127/32 42/126/32 41/125/32
f 48/132/33 43/131/33 41/130/33 46/129/33
f 47/136/34 48/135/34 46/134/34 45/133/34
f 46/140/35 41/139/35 42/138/35 45/137/35
f 47/144/36 44/143/36 43/142/36 48/141/36
o cube
v 0.184375 0.14062499999999994 0.315625
v 0.184375 0.14062499999999994 0.309375
v 0.184375 0.11249999999999993 0.315625
v 0.184375 0.11249999999999993 0.309375
v -0.184375 0.14062499999999994 0.309375
v -0.184375 0.14062499999999994 0.315625
v -0.184375 0.11249999999999993 0.309375
v -0.184375 0.11249999999999993 0.315625
vt 0.390625 0.515625
vt 0.482421875 0.515625
vt 0.482421875 0.5078125
vt 0.390625 0.5078125
vt 0.859375 0.40625
vt 0.861328125 0.40625
vt 0.861328125 0.3984375
vt 0.859375 0.3984375
vt 0.484375 0.609375
vt 0.576171875 0.609375
vt 0.576171875 0.6015625
vt 0.484375 0.6015625
vt 0.625 0.140625
vt 0.626953125 0.140625
vt 0.626953125 0.1328125
vt 0.625 0.1328125
vt 0.748046875 0.498046875
vt 0.65625 0.498046875
vt 0.65625 0.5
vt 0.748046875 0.5
vt 0.748046875 0.46875
vt 0.65625 0.46875
vt 0.65625 0.466796875
vt 0.748046875 0.466796875
vn 0 0 -1
vn 1 0 0
vn 0 0 1
vn -1 0 0
vn 0 1 0
vn 0 -1 0
usemtl none
f 52/148/37 55/147/37 53/146/37 50/145/37
f 51/152/38 52/151/38 50/150/38 49/149/38
f 56/156/39 51/155/39 49/154/39 54/153/39
f 55/160/40 56/159/40 54/158/40 53/157/40
f 54/164/41 49/163/41 50/162/41 53/161/41
f 55/168/42 52/167/42 51/166/42 56/165/42
o cube
v 0.071875 0.04533584301786739 0.4426308684319009
v 0.071875 0.029159652698959843 0.3822605042888342
v 0.071875 0.030243251982100695 0.4466749160116278
v 0.071875 0.014067061663193148 0.38630455186856105
v 0.037500000000000006 0.029159652698959843 0.3822605042888342
v 0.037500000000000006 0.04533584301786739 0.4426308684319009
v 0.037500000000000006 0.014067061663193148 0.38630455186856105
v 0.037500000000000006 0.030243251982100695 0.4466749160116278
vt 0.84375 0.875
vt 0.8515625 0.875
vt 0.8515625 0.87109375
vt 0.84375 0.87109375
vt 0.3125 0.203125
vt 0.328125 0.203125
vt 0.328125 0.19921875
vt 0.3125 0.19921875
vt 0.15625 0.15625
vt 0.1640625 0.15625
vt 0.1640625 0.15234375
vt 0.15625 0.15234375
vt 0.34375 0.203125
vt 0.359375 0.203125
vt 0.359375 0.19921875
vt 0.34375 0.19921875
vt 0.3515625 0.25
vt 0.34375 0.25
vt 0.34375 0.265625
vt 0.3515625 0.265625
vt 0.3828125 0.265625
vt 0.375 0.265625
vt 0.375 0.25
vt 0.3828125 0.25
vn 0 -0.25881904510252074 -0.9659258262890683
vn 1 0 0
vn 0 0.25881904510252074 0.9659258262890683
vn -1 0 0
vn 0 0.9659258262890683 -0.25881904510252074
vn 0 -0.9659258262890683 0.25881904510252074
usemtl none
f 60/172/43 63/171/43 61/170/43 58/169/43
f 59/176/44 60/175/44 58/174/44 57/173/44
f 64/180/45 59/179/45 57/178/45 62/177/45
f 63/184/46 64/183/46 62/182/46 61/181/46
f 62/188/47 57/187/47 58/186/47 61/185/47
f 63/192/48 60/191/48 59/190/48 64/189/48
o cube
v -0.0062500000000000056 0.04533584301786739 0.4426308684319009
v -0.0062500000000000056 0.029159652698959843 0.3822605042888342
v -0.0062500000000000056 0.030243251982100695 0.4466749160116278
v -0.0062500000000000056 0.014067061663193148 0.38630455186856105
v -0.071875 0.029159652698959843 0.3822605042888342
v -0.071875 0.04533584301786739 0.4426308684319009
v -0.071875 0.014067061663193148 0.38630455186856105
v -0.071875 0.030243251982100695 0.4466749160116278
vt 0.375 0.203125
vt 0.390625 0.203125
vt 0.390625 0.19921875
vt 0.375 0.19921875
vt 0.40625 0.203125
vt 0.421875 0.203125
vt 0.421875 0.19921875
vt 0.40625 0.19921875
vt 0.4375 0.203125
vt 0.453125 0.203125
vt 0.453125 0.19921875
vt 0.4375 0.19921875
vt 0.796875 0.53125
vt 0.8125 0.53125
vt 0.8125 0.52734375
vt 0.796875 0.52734375
vt 0.421875 0.359375
vt 0.40625 0.359375
vt 0.40625 0.375
vt 0.421875 0.375
vt 0.484375 0.375
vt 0.46875 0.375
vt 0.46875 0.359375
vt 0.484375 0.359375
vn 0 -0.25881904510252074 -0.9659258262890683
vn 1 0 0
vn 0 0.25881904510252074 0.9659258262890683
vn -1 0 0
vn 0 0.9659258262890683 -0.25881904510252074
vn 0 -0.9659258262890683 0.25881904510252074
usemtl none
f 68/196/49 71/195/49 69/194/49 66/193/49
f 67/200/50 68/199/50 66/198/50 65/197/50
f 72/204/51 67/203/51 65/202/51 70/201/51
f 71/208/52 72/207/52 70/206/52 69/205/52
f 70/212/53 65/211/53 66/210/53 69/209/53
f 71/216/54 68/215/54 67/214/54 72/213/54
o cube
v 0.071875 0.03559816753581445 0.46605443744166586
v 0.071875 0.04556689425894561 0.4431279355820378
v 0.071875 0.02126910387354689 0.4598239832397089
v 0.071875 0.031237830596678052 0.4368974813800808
v -0.071875 0.04556689425894561 0.4431279355820378
v -0.071875 0.03559816753581445 0.46605443744166586
v -0.071875 0.031237830596678052 0.4368974813800808
v -0.071875 0.02126910387354689 0.4598239832397089
vt 0.4375 0.296875
vt 0.47265625 0.296875
vt 0.47265625 0.29296875
vt 0.4375 0.29296875
vt 0.5 0.15625
vt 0.505859375 0.15625
vt 0.505859375 0.15234375
vt 0.5 0.15234375
vt 0.625 0.296875
vt 0.66015625 0.296875
vt 0.66015625 0.29296875
vt 0.625 0.29296875
vt 0.53125 0.15625
vt 0.537109375 0.15625
vt 0.537109375 0.15234375
vt 0.53125 0.15234375
vt 0.69140625 0.869140625
vt 0.65625 0.869140625
vt 0.65625 0.875
vt 0.69140625 0.875
vt 0.69140625 0.84375
vt 0.65625 0.84375
vt 0.65625 0.837890625
vt 0.69140625 0.837890625
vn 0 0.3987490689252462 -0.917060074385124
vn 1 0 0
vn 0 -0.3987490689252462 0.917060074385124
vn -1 0 0
vn 0 0.917060074385124 0.3987490689252462
vn 0 -0.917060074385124 -0.3987490689252462
usemtl none
f 76/220/55 79/219/55 77/218/55 74/217/55
f 75/224/56 76/223/56 74/222/56 73/221/56
f 80/228/57 75/227/57 73/226/57 78/225/57
f 79/232/58 80/231/58 78/230/58 77/229/58
f 78/236/59 73/235/59 74/234/59 77/233/59
f 79/240/60 76/239/60 75/238/60 80/237/60
o cube
v -0.21193049951752818 0.3968750000000001 0.28821204526906613
v -0.20714272174803458 0.3968750000000001 0.28419462270852525
v -0.19385209799509417 0.3968750000000001 0.30975704523178754
v -0.18906432022560057 0.3968750000000001 0.30573962267124666
v -0.20714272174803458 0.1406250000000001 0.28419462270852525
v -0.21193049951752818 0.1406250000000001 0.28821204526906613
v -0.18906432022560057 0.14062500000000008 0.30573962267124666
v -0.19385209799509417 0.14062500000000008 0.30975704523178754
vt 0.5625 0.9375
vt 0.6328125 0.9375
vt 0.6328125 0.9296875
vt 0.5625 0.9296875
vt 0.28125 0.140625
vt 0.283203125 0.140625
vt 0.283203125 0.1328125
vt 0.28125 0.1328125
vt 0.09375 0.4375
vt 0.1640625 0.4375
vt 0.1640625 0.4296875
vt 0.09375 0.4296875
vt 0.3125 0.140625
vt 0.314453125 0.140625
vt 0.314453125 0.1328125
vt 0.3125 0.1328125
vt 0.7578125 0.310546875
vt 0.6875 0.310546875
vt 0.6875 0.3125
vt 0.7578125 0.3125
vt 0.0703125 0.296875
vt 0 0.296875
vt 0 0.294921875
vt 0.0703125 0.294921875
vn 0.766044443118978 0 -0.6427876096865393
vn 1.4272752084355286e-16 1 1.7009603572736914e-16
vn -0.766044443118978 0 0.6427876096865393
vn -1.4272752084355286e-16 -1 -1.7009603572736914e-16
vn -0.6427876096865393 2.2204460492503126e-16 -0.766044443118978
vn 0.6427876096865393 -2.2204460492503126e-16 0.766044443118978
usemtl none
f 84/244/61 87/243/61 85/242/61 82/241/61
f 83/248/62 84/247/62 82/246/62 81/245/62
f 88/252/63 83/251/63 81/250/63 86/249/63
f 87/256/64 88/255/64 86/254/64 85/253/64
f 86/260/65 81/259/65 82/258/65 85/257/65
f 87/264/66 84/263/66 83/262/66 88/261/66
o cube
v -0.3475316473413379 0.03553365617962734 0.36120094060360697
v -0.20424819783693807 0.022454317352603843 0.24097185097065665
v -0.3495355183069603 -0.0018749957051160705 0.36288238799178757
v -0.2062520688025604 -0.014954334532139565 0.24265329835883723
v -0.36494510025857285 0.022454317352603843 0.04946074019091218
v -0.5082285497629727 0.03553365617962734 0.1696898298238625
v -0.36694897122419523 -0.014954334532139565 0.051142187579092724
v -0.5102324207285951 -0.0018749957051160705 0.17137127721204304
vt 0.109375 0.46875
vt 0.171875 0.46875
vt 0.171875 0.458984375
vt 0.109375 0.458984375
vt 0.59375 0.625
vt 0.640625 0.625
vt 0.640625 0.615234375
vt 0.59375 0.615234375
vt 0.53125 0.6875
vt 0.59375 0.6875
vt 0.59375 0.677734375
vt 0.53125 0.677734375
vt 0.59375 0.59375
vt 0.640625 0.59375
vt 0.640625 0.583984375
vt 0.59375 0.583984375
vt 0.390625 0.953125
vt 0.328125 0.953125
vt 0.328125 1
vt 0.390625 1
vt 0.390625 0.9375
vt 0.328125 0.9375
vt 0.328125 0.890625
vt 0.390625 0.890625
vn 0.7641783973567995 -0.0697564737441253 -0.6412218113757352
vn 0.6427876096865393 0 0.7660444431189781
vn -0.7641783973567995 0.0697564737441253 0.6412218113757352
vn -0.6427876096865393 0 -0.7660444431189781
vn 0.05343655908326209 0.9975640502598243 -0.044838597018148144
vn -0.05343655908326209 -0.9975640502598243 0.044838597018148144
usemtl none
f 92/268/67 95/267/67 93/266/67 90/265/67
f 91/272/68 92/271/68 90/270/68 89/269/68
f 96/276/69 91/275/69 89/274/69 94/273/69
f 95/280/70 96/279/70 94/278/70 93/277/70
f 94/284/71 89/283/71 90/282/71 93/281/71
f 95/288/72 92/287/72 91/286/72 96/285/72
o cube
v -0.3525657548817066 0.1962617533755343 0.25528131834662626
v -0.3063193729008411 0.18008556305662676 0.2164759962831984
v -0.3866428768194505 0.030243251982100695 0.28387541879617034
v -0.340396494838585 0.014067061663193148 0.24507009673274247
v -0.3585458661878725 0.18008556305662676 0.1542348852797814
v -0.404792248168738 0.1962617533755343 0.19304020734320926
v -0.39262298812561636 0.014067061663193148 0.1828289857293255
v -0.43886937010648186 0.030243251982100695 0.22163430779275334
vt 0.1875 0.5625
vt 0.20703125 0.5625
vt 0.20703125 0.51953125
vt 0.1875 0.51953125
vt 0.5 0.515625
vt 0.515625 0.515625
vt 0.515625 0.47265625
vt 0.5 0.47265625
vt 0.234375 0.5625
vt 0.25390625 0.5625
vt 0.25390625 0.51953125
vt 0.234375 0.51953125
vt 0.28125 0.484375
vt 0.296875 0.484375
vt 0.296875 0.44140625
vt 0.28125 0.44140625
vt 0.34765625 0.375
vt 0.328125 0.375
vt 0.328125 0.390625
vt 0.34765625 0.390625
vt 0.62890625 0.65625
vt 0.609375 0.65625
vt 0.609375 0.640625
vt 0.62890625 0.640625
vn 0.739942111693848 -0.2588190451025207 -0.6208851530148456
vn 0.6427876096865394 -1.3877787807814457e-17 0.766044443118978
vn -0.739942111693848 0.2588190451025207 0.6208851530148456
vn -0.6427876096865394 1.3877787807814457e-17 -0.766044443118978
vn 0.1982668912741462 0.9659258262890684 -0.16636567534280192
vn -0.1982668912741462 -0.9659258262890684 0.16636567534280192
usemtl none
f 100/292/73 103/291/73 101/290/73 98/289/73
f 99/296/74 100/295/74 98/294/74 97/293/74
f 104/300/75 99/299/75 97/298/75 102/297/75
f 103/304/76 104/303/76 102/302/76 101/301/76
f 102/308/77 97/307/77 98/306/77 101/305/77
f 103/312/78 100/311/78 99/310/78 104/309/78
o cube
v -0.3634578438405876 0.04533584301786739 0.3052148439664071
v -0.3172114618597221 0.029159652698959843 0.26640952190297923
v -0.3665557640167461 0.030243251982100695 0.3078143076436384
v -0.3203093820358806 0.014067061663193148 0.2690089855802105
v -0.33930728594269693 0.029159652698959843 0.24007674417076433
v -0.38555366792356244 0.04533584301786739 0.27888206623419215
v -0.34240520611885544 0.014067061663193148 0.2426762078479956
v -0.38865158809972095 0.030243251982100695 0.28148152991142344
vt 0.84375 0.90625
vt 0.8515625 0.90625
vt 0.8515625 0.90234375
vt 0.84375 0.90234375
vt 0.09375 0.203125
vt 0.109375 0.203125
vt 0.109375 0.19921875
vt 0.09375 0.19921875
vt 0.125 0.15625
vt 0.1328125 0.15625
vt 0.1328125 0.15234375
vt 0.125 0.15234375
vt 0.796875 0.8125
vt 0.8125 0.8125
vt 0.8125 0.80859375
vt 0.796875 0.80859375
vt 0.2890625 0.25
vt 0.28125 0.25
vt 0.28125 0.265625
vt 0.2890625 0.265625
vt 0.3203125 0.265625
vt 0.3125 0.265625
vt 0.3125 0.25
vt 0.3203125 0.25
vn 0.739942111693848 -0.2588190451025207 -0.6208851530148456
vn 0.6427876096865394 -1.3877787807814457e-17 0.766044443118978
vn -0.739942111693848 0.2588190451025207 0.6208851530148456
vn -0.6427876096865394 1.3877787807814457e-17 -0.766044443118978
vn 0.1982668912741462 0.9659258262890684 -0.16636567534280192
vn -0.1982668912741462 -0.9659258262890684 0.16636567534280192
usemtl none
f 108/316/79 111/315/79 109/314/79 106/313/79
f 107/320/80 108/319/80 106/318/80 105/317/80
f 112/324/81 107/323/81 105/322/81 110/321/81
f 111/328/82 112/327/82 110/326/82 109/325/82
f 110/332/83 105/331/83 106/330/83 109/329/83
f 111/336/84 108/335/84 107/334/84 112/333/84
o cube
v -0.38140133871853193 0.035598167535814476 0.32027122390052165
v -0.363838619368807 0.04556689425894559 0.30553435257169737
v -0.3766285338990155 0.02126910387354691 0.3162663651367843
v -0.3590658145492906 0.031237830596678028 0.30152949380795996
v -0.4562393382612471 0.04556689425894559 0.19541546387334424
v -0.473802057610972 0.035598167535814476 0.21015233520216853
v -0.4514665334417306 0.031237830596678028 0.19141060510960686
v -0.4690292527914556 0.02126910387354691 0.20614747643843115
vt 0.09375 0.296875
vt 0.12890625 0.296875
vt 0.12890625 0.29296875
vt 0.09375 0.29296875
vt 0.84375 0.625
vt 0.849609375 0.625
vt 0.849609375 0.62109375
vt 0.84375 0.62109375
vt 0.28125 0.296875
vt 0.31640625 0.296875
vt 0.31640625 0.29296875
vt 0.28125 0.29296875
vt 0.46875 0.15625
vt 0.474609375 0.15625
vt 0.474609375 0.15234375
vt 0.46875 0.15234375
vt 0.69140625 0.931640625
vt 0.65625 0.931640625
vt 0.65625 0.9375
vt 0.69140625 0.9375
vt 0.69140625 0.90625
vt 0.65625 0.90625
vt 0.65625 0.900390625
vt 0.69140625 0.900390625
vn 0.702508773989001 0.3987490689252463 -0.5894748531529739
vn 0.6427876096865393 0 0.7660444431189783
vn -0.702508773989001 -0.3987490689252463 0.5894748531529739
vn -0.6427876096865393 0 -0.7660444431189783
vn -0.3054595084490513 0.9170600743851242 0.25631096087919214
vn 0.3054595084490513 -0.9170600743851242 -0.25631096087919214
usemtl none
f 116/340/85 119/339/85 117/338/85 114/337/85
f 115/344/86 116/343/86 114/342/86 113/341/86
f 120/348/87 115/347/87 113/346/87 118/345/87
f 119/352/88 120/351/88 118/350/88 117/349/88
f 118/356/89 113/355/89 114/354/89 117/353/89
f 119/360/90 116/359/90 115/358/90 120/357/90
o cube
v -0.4136756258473485 0.04533584301786739 0.24536762184773697
v -0.367429243866483 0.029159652698959843 0.2065622997843091
v -0.416773546023507 0.030243251982100695 0.24796708552496824
v -0.3705271640426415 0.014067061663193148 0.2091617634615404
v -0.40961218075216216 0.029159652698959843 0.15629063320462613
v -0.45585856273302766 0.04533584301786739 0.19509595526805398
v -0.4127101009283207 0.014067061663193148 0.1588900968818574
v -0.4589564829091862 0.030243251982100695 0.19769541894528525
vt 0.796875 0.78125
vt 0.8125 0.78125
vt 0.8125 0.77734375
vt 0.796875 0.77734375
vt 0.25 0.203125
vt 0.265625 0.203125
vt 0.265625 0.19921875
vt 0.25 0.19921875
vt 0.796875 0.75
vt 0.8125 0.75
vt 0.8125 0.74609375
vt 0.796875 0.74609375
vt 0.28125 0.203125
vt 0.296875 0.203125
vt 0.296875 0.19921875
vt 0.28125 0.19921875
vt 0.109375 0.359375
vt 0.09375 0.359375
vt 0.09375 0.375
vt 0.109375 0.375
vt 0.390625 0.375
vt 0.375 0.375
vt 0.375 0.359375
vt 0.390625 0.359375
vn 0.739942111693848 -0.2588190451025207 -0.6208851530148456
vn 0.6427876096865394 -1.3877787807814457e-17 0.766044443118978
vn -0.739942111693848 0.2588190451025207 0.6208851530148456
vn -0.6427876096865394 1.3877787807814457e-17 -0.766044443118978
vn 0.1982668912741462 0.9659258262890684 -0.16636567534280192
vn -0.1982668912741462 -0.9659258262890684 0.16636567534280192
usemtl none
f 124/364/91 127/363/91 125/362/91 122/361/91
f 123/368/92 124/367/92 122/366/92 121/365/92
f 128/372/93 123/371/93 121/370/93 126/369/93
f 127/376/94 128/375/94 126/374/94 125/373/94
f 126/380/95 121/379/95 122/378/95 125/377/95
f 127/384/96 124/383/96 123/382/96 128/381/96
o cube
v -0.26088098676800486 0.421875 0.36600096107935953
v -0.19385209799509429 0.421875 0.3097570452317874
v -0.26088098676800486 0.11250000000000002 0.36600096107935953
v -0.19385209799509429 0.11250000000000002 0.3097570452317874
v -0.4308800290670056 0.421875 0.027278156831664235
v -0.4979089178399162 0.421875 0.08352207267923642
v -0.4308800290670056 0.11250000000000002 0.027278156831664235
v -0.4979089178399162 0.11250000000000002 0.08352207267923642
vt 0.109375 1
vt 0.201171875 1
vt 0.201171875 0.921875
vt 0.109375 0.921875
vt 0.390625 0.609375
vt 0.412109375 0.609375
vt 0.412109375 0.53125
vt 0.390625 0.53125
vt 0.109375 0.90625
vt 0.201171875 0.90625
vt 0.201171875 0.828125
vt 0.109375 0.828125
vt 0 0.59375
vt 0.021484375 0.59375
vt 0.021484375 0.515625
vt 0 0.515625
vt 0.435546875 0.791015625
vt 0.34375 0.791015625
vt 0.34375 0.8125
vt 0.435546875 0.8125
vt 0.435546875 0.765625
vt 0.34375 0.765625
vt 0.34375 0.744140625
vt 0.435546875 0.744140625
vn 0.766044443118978 0 -0.6427876096865393
vn 0.6427876096865393 0 0.766044443118978
vn -0.766044443118978 0 0.6427876096865393
vn -0.6427876096865393 0 -0.766044443118978
vn 0 1 0
vn 0 -1 0
usemtl none
f 132/388/97 135/387/97 133/386/97 130/385/97
f 131/392/98 132/391/98 130/390/98 129/389/98
f 136/396/99 131/395/99 129/394/99 134/393/99
f 135/400/100 136/399/100 134/398/100 133/397/100
f 134/404/101 129/403/101 130/402/101 133/401/101
f 135/408/102 132/407/102 131/406/102 136/405/102
o cube
v -0.19385209799509429 0.421875 0.3097570452317874
v -0.18906432022560068 0.421875 0.30573962267124655
v -0.19385209799509429 0.39375000000000004 0.3097570452317874
v -0.18906432022560068 0.39375000000000004 0.30573962267124655
v -0.42609225129751205 0.421875 0.02326073427112338
v -0.4308800290670056 0.421875 0.027278156831664235
v -0.42609225129751205 0.39375000000000004 0.02326073427112338
v -0.4308800290670056 0.39375000000000004 0.027278156831664235
vt 0.453125 0.8125
vt 0.544921875 0.8125
vt 0.544921875 0.8046875
vt 0.453125 0.8046875
vt 0.34375 0.140625
vt 0.345703125 0.140625
vt 0.345703125 0.1328125
vt 0.34375 0.1328125
vt 0.453125 0.78125
vt 0.544921875 0.78125
vt 0.544921875 0.7734375
vt 0.453125 0.7734375
vt 0.375 0.140625
vt 0.376953125 0.140625
vt 0.376953125 0.1328125
vt 0.375 0.1328125
vt 0.748046875 0.716796875
vt 0.65625 0.716796875
vt 0.65625 0.71875
vt 0.748046875 0.71875
vt 0.748046875 0.6875
vt 0.65625 0.6875
vt 0.65625 0.685546875
vt 0.748046875 0.685546875
vn 0.766044443118978 0 -0.6427876096865393
vn 0.6427876096865393 0 0.766044443118978
vn -0.766044443118978 0 0.6427876096865393
vn -0.6427876096865393 0 -0.766044443118978
vn 0 1 0
vn 0 -1 0
usemtl none
f 140/412/103 143/411/103 141/410/103 138/409/103
f 139/416/104 140/415/104 138/414/104 137/413/104
f 144/420/105 139/419/105 137/418/105 142/417/105
f 143/424/106 144/423/106 142/422/106 141/421/106
f 142/428/107 137/427/107 138/426/107 141/425/107
f 143/432/108 140/431/108 139/430/108 144/429/108
o cube
v -0.19385209799509429 0.14062499999999994 0.3097570452317874
v -0.18906432022560068 0.14062499999999994 0.30573962267124655
v -0.19385209799509429 0.11249999999999993 0.3097570452317874
v -0.18906432022560068 0.11249999999999993 0.30573962267124655
v -0.42609225129751205 0.14062499999999994 0.02326073427112338
v -0.4308800290670056 0.14062499999999994 0.027278156831664235
v -0.42609225129751205 0.11249999999999993 0.02326073427112338
v -0.4308800290670056 0.11249999999999993 0.027278156831664235
vt 0.453125 0.75
vt 0.544921875 0.75
vt 0.544921875 0.7421875
vt 0.453125 0.7421875
vt 0.40625 0.140625
vt 0.408203125 0.140625
vt 0.408203125 0.1328125
vt 0.40625 0.1328125
vt 0.453125 0.71875
vt 0.544921875 0.71875
vt 0.544921875 0.7109375
vt 0.453125 0.7109375
vt 0.859375 0.59375
vt 0.861328125 0.59375
vt 0.861328125 0.5859375
vt 0.859375 0.5859375
vt 0.748046875 0.654296875
vt 0.65625 0.654296875
vt 0.65625 0.65625
vt 0.748046875 0.65625
vt 0.748046875 0.625
vt 0.65625 0.625
vt 0.65625 0.623046875
vt 0.748046875 0.623046875
vn 0.766044443118978 0 -0.6427876096865393
vn 0.6427876096865393 0 0.766044443118978
vn -0.766044443118978 0 0.6427876096865393
vn -0.6427876096865393 0 -0.766044443118978
vn 0 1 0
vn 0 -1 0
usemtl none
f 148/436/109 151/435/109 149/434/109 146/433/109
f 147/440/110 148/439/110 146/438/110 145/437/110
f 152/444/111 147/443/111 145/442/111 150/441/111
f 151/448/112 152/447/112 150/446/112 149/445/112
f 150/452/113 145/451/113 146/450/113 149/449/113
f 151/456/114 148/455/114 147/454/114 152/453/114
o cube
v -0.4308800290670056 0.3968750000000001 0.02727815683166418
v -0.42609225129751205 0.3968750000000001 0.023260734271123296
v -0.4128016275445716 0.3968750000000001 0.04882315679438559
v -0.40801384977507804 0.3968750000000001 0.04480573423384471
v -0.42609225129751205 0.14062500000000008 0.023260734271123296
v -0.4308800290670056 0.14062500000000008 0.02727815683166418
v -0.40801384977507804 0.14062500000000006 0.04480573423384471
v -0.4128016275445716 0.14062500000000006 0.04882315679438559
vt 0.5625 0.90625
vt 0.6328125 0.90625
vt 0.6328125 0.8984375
vt 0.5625 0.8984375
vt 0.4375 0.140625
vt 0.439453125 0.140625
vt 0.439453125 0.1328125
vt 0.4375 0.1328125
vt 0.5625 0.875
vt 0.6328125 0.875
vt 0.6328125 0.8671875
vt 0.5625 0.8671875
vt 0.859375 0.5625
vt 0.861328125 0.5625
vt 0.861328125 0.5546875
vt 0.859375 0.5546875
vt 0.4140625 0.294921875
vt 0.34375 0.294921875
vt 0.34375 0.296875
vt 0.4140625 0.296875
vt 0.7890625 0.96875
vt 0.71875 0.96875
vt 0.71875 0.966796875
vt 0.7890625 0.966796875
vn 0.766044443118978 0 -0.6427876096865393
vn 1.4272752084355286e-16 1 1.7009603572736914e-16
vn -0.766044443118978 0 0.6427876096865393
vn -1.4272752084355286e-16 -1 -1.7009603572736914e-16
vn -0.6427876096865393 2.2204460492503126e-16 -0.766044443118978
vn 0.6427876096865393 -2.2204460492503126e-16 0.766044443118978
usemtl none
f 156/460/115 159/459/115 157/458/115 154/457/115
f 155/464/116 156/463/116 154/462/116 153/461/116
f 160/468/117 155/467/117 153/466/117 158/465/117
f 159/472/118 160/471/118 158/470/118 157/469/118
f 158/476/119 153/475/119 154/474/119 157/473/119
f 159/480/120 156/479/120 155/478/120 160/477/120
o cube
v 0.44598562051789725 0.39375000000000004 0.07984911736628073
v 0.4418035542281544 0.39375000000000004 0.07520446220704705
v 0.4668865687344491 0.39375000000000004 0.06102981906243776
v 0.46270450244470623 0.39375000000000004 0.056385163903204055
v 0.4418035542281544 0.14062500000000028 0.07520446220704705
v 0.44598562051789725 0.14062500000000028 0.07984911736628073
v 0.46270450244470623 0.14062500000000025 0.056385163903204055
v 0.4668865687344491 0.14062500000000025 0.06102981906243776
vt 0.53125 0.484375
vt 0.6015625 0.484375
vt 0.6015625 0.4765625
vt 0.53125 0.4765625
vt 0.859375 0.96875
vt 0.861328125 0.96875
vt 0.861328125 0.9609375
vt 0.859375 0.9609375
vt 0.546875 0.546875
vt 0.6171875 0.546875
vt 0.6171875 0.5390625
vt 0.546875 0.5390625
vt 0.0625 0.140625
vt 0.064453125 0.140625
vt 0.064453125 0.1328125
vt 0.0625 0.1328125
vt 0.7421875 0.435546875
vt 0.671875 0.435546875
vt 0.671875 0.4375
vt 0.7421875 0.4375
vt 0.7421875 0.40625
vt 0.671875 0.40625
vt 0.671875 0.404296875
vt 0.7421875 0.404296875
vn -0.6691306063588582 0 -0.7431448254773942
vn 1.6501129917520935e-16 1 -1.4857684113219932e-16
vn 0.6691306063588582 0 0.7431448254773942
vn -1.6501129917520935e-16 -1 1.4857684113219932e-16
vn -0.7431448254773942 2.220446049250313e-16 0.6691306063588582
vn 0.7431448254773942 -2.220446049250313e-16 -0.6691306063588582
usemtl none
f 164/484/121 167/483/121 165/482/121 162/481/121
f 163/488/122 164/487/122 162/486/122 161/485/122
f 168/492/123 163/491/123 161/490/123 166/489/123
f 167/496/124 168/495/124 166/494/124 165/493/124
f 166/500/125 161/499/125 162/498/125 165/497/125
f 167/504/126 164/503/126 163/502/126 168/501/126
o cube
v 0.5236624648008268 0.03553365617962734 0.21282038492260957
v 0.3985060952072978 0.022454317352603843 0.07382015454144841
v 0.5254128219848466 -0.0018749957051160705 0.2147643535166032
v 0.40025645239131763 -0.014954334532139565 0.07576412313544201
v 0.21271988883794923 0.022454317352603843 0.24110280613116297
v 0.3378762584314783 0.03553365617962734 0.38010303651232413
v 0.21447024602196907 -0.014954334532139565 0.24304677472515657
v 0.3396266156154981 -0.0018749957051160705 0.3820470051063177
vt 0.375 0.484375
vt 0.4375 0.484375
vt 0.4375 0.474609375
vt 0.375 0.474609375
vt 0.078125 0.40625
vt 0.125 0.40625
vt 0.125 0.396484375
vt 0.078125 0.396484375
vt 0.03125 0.46875
vt 0.09375 0.46875
vt 0.09375 0.458984375
vt 0.03125 0.458984375
vt 0.375 0.40625
vt 0.421875 0.40625
vt 0.421875 0.396484375
vt 0.375 0.396484375
vt 0.0625 0.671875
vt 0 0.671875
vt 0 0.71875
vt 0.0625 0.71875
vt 0.140625 0.71875
vt 0.078125 0.71875
vt 0.078125 0.671875
vt 0.140625 0.671875
vn -0.6675006378321547 -0.0697564737441253 -0.7413345620328596
vn 0.7431448254773942 6.938893903907228e-18 -0.6691306063588582
vn 0.6675006378321547 0.0697564737441253 0.7413345620328596
vn -0.7431448254773942 -6.938893903907228e-18 0.6691306063588582
vn -0.04667619157386233 0.9975640502598242 -0.051839162506496415
vn 0.04667619157386233 -0.9975640502598242 0.051839162506496415
usemtl none
f 172/508/127 175/507/127 173/506/127 170/505/127
f 171/512/128 172/511/128 170/510/128 169/509/128
f 176/516/129 171/515/129 169/514/129 174/513/129
f 175/520/130 176/519/130 174/518/130 173/517/130
f 174/524/131 169/523/131 170/522/131 173/521/131
f 175/528/132 172/527/132 171/526/132 176/525/132
o cube
v 0.41798305373537764 0.1962617533755343 0.22154796732836946
v 0.3775873953702223 0.18008556305662676 0.17668404360326334
v 0.44774900983621163 0.030243251982100695 0.25460641068981205
v 0.4073533514710563 0.014067061663193148 0.20974248696470593
v 0.317206878300184 0.18008556305662676 0.23105090536992062
v 0.3576025366653393 0.1962617533755343 0.27591482909502674
v 0.34697283440101795 0.014067061663193148 0.2641093487313632
v 0.3873684927661733 0.030243251982100695 0.3089732724564693
vt 0.15625 0.71875
vt 0.17578125 0.71875
vt 0.17578125 0.67578125
vt 0.15625 0.67578125
vt 0 0.5
vt 0.015625 0.5
vt 0.015625 0.45703125
vt 0 0.45703125
vt 0.140625 0.5625
vt 0.16015625 0.5625
vt 0.16015625 0.51953125
vt 0.140625 0.51953125
vt 0.25 0.5
vt 0.265625 0.5
vt 0.265625 0.45703125
vt 0.25 0.45703125
vt 0.62890625 0.953125
vt 0.609375 0.953125
vt 0.609375 0.96875
vt 0.62890625 0.96875
vt 0.62890625 0.6875
vt 0.609375 0.6875
vt 0.609375 0.671875
vt 0.62890625 0.671875
vn -0.6463305338424854 -0.25881904510252074 -0.7178227796016975
vn 0.7431448254773942 1.3877787807814457e-17 -0.6691306063588582
vn 0.6463305338424854 0.25881904510252074 0.7178227796016975
vn -0.7431448254773942 -1.3877787807814457e-17 0.6691306063588582
vn -0.17318374458667035 0.9659258262890682 -0.19234003410293854
vn 0.17318374458667035 -0.9659258262890682 0.19234003410293854
usemtl none
f 180/532/133 183/531/133 181/530/133 178/529/133
f 179/536/134 180/535/134 178/534/134 177/533/134
f 184/540/135 179/539/135 177/538/135 182/537/135
f 183/544/136 184/543/136 182/542/136 181/541/136
f 182/548/137 177/547/137 178/546/137 181/545/137
f 183/552/138 180/551/138 179/550/138 184/549/138
o cube
v 0.4682662896232135 0.04533584301786739 0.2306907662082393
v 0.42787063125805813 0.029159652698959843 0.1858268424831332
v 0.4709722856323802 0.030243251982100695 0.2336960792410977
v 0.43057662726722484 0.014067061663193148 0.1888321555159916
v 0.40232502788227265 0.029159652698959843 0.20882820707671898
v 0.442720686247428 0.04533584301786739 0.25369213080182507
v 0.40503102389143936 0.014067061663193148 0.2118335201095774
v 0.4454266822565947 0.030243251982100695 0.2566974438346835
vt 0.65625 0.171875
vt 0.6640625 0.171875
vt 0.6640625 0.16796875
vt 0.65625 0.16796875
vt 0.75 0.21875
vt 0.765625 0.21875
vt 0.765625 0.21484375
vt 0.75 0.21484375
vt 0.84375 1
vt 0.8515625 1
vt 0.8515625 0.99609375
vt 0.84375 0.99609375
vt 0.78125 0.25
vt 0.796875 0.25
vt 0.796875 0.24609375
vt 0.78125 0.24609375
vt 0.2578125 0.265625
vt 0.25 0.265625
vt 0.25 0.28125
vt 0.2578125 0.28125
vt 0.6015625 0.28125
vt 0.59375 0.28125
vt 0.59375 0.265625
vt 0.6015625 0.265625
vn -0.6463305338424854 -0.25881904510252074 -0.7178227796016975
vn 0.7431448254773942 1.3877787807814457e-17 -0.6691306063588582
vn 0.6463305338424854 0.25881904510252074 0.7178227796016975
vn -0.7431448254773942 -1.3877787807814457e-17 0.6691306063588582
vn -0.17318374458667035 0.9659258262890682 -0.19234003410293854
vn 0.17318374458667035 -0.9659258262890682 0.19234003410293854
usemtl none
f 188/556/139 191/555/139 189/554/139 186/553/139
f 187/560/140 188/559/140 186/558/140 185/557/140
f 192/564/141 187/563/141 185/562/141 190/561/141
f 191/568/142 192/567/142 190/566/142 189/565/142
f 190/572/143 185/571/143 186/570/143 189/569/143
f 191/576/144 188/575/144 187/574/144 192/573/144
o cube
v 0.48393971655780604 0.03559816753581445 0.24809787031205877
v 0.4685988924667856 0.04556689425894561 0.23106015908877828
v 0.4797707289597595 0.02126910387354689 0.24346774051150055
v 0.46442990486873903 0.031237830596678052 0.22643002928822006
v 0.36177182380441014 0.04556689425894561 0.32724768375286417
v 0.3771126478954306 0.03559816753581445 0.3442853949761447
v 0.3576028362063636 0.031237830596678052 0.32261755395230596
v 0.372943660297384 0.02126910387354689 0.3396552651755865
vt 0.625 0.328125
vt 0.66015625 0.328125
vt 0.66015625 0.32421875
vt 0.625 0.32421875
vt 0.84375 0.6875
vt 0.849609375 0.6875
vt 0.849609375 0.68359375
vt 0.84375 0.68359375
vt 0.671875 0.375
vt 0.70703125 0.375
vt 0.70703125 0.37109375
vt 0.671875 0.37109375
vt 0.84375 0.65625
vt 0.849609375 0.65625
vt 0.849609375 0.65234375
vt 0.84375 0.65234375
vt 0.69140625 0.962890625
vt 0.65625 0.962890625
vt 0.65625 0.96875
vt 0.69140625 0.96875
vt 0.09765625 0.34375
vt 0.0625 0.34375
vt 0.0625 0.337890625
vt 0.09765625 0.337890625
vn -0.6136329636408177 0.3987490689252462 -0.6815084489312192
vn 0.7431448254773942 -2.7755575615628914e-17 -0.6691306063588582
vn 0.6136329636408177 -0.3987490689252462 0.6815084489312192
vn -0.7431448254773942 2.7755575615628914e-17 0.6691306063588582
vn 0.2668152062749801 0.917060074385124 0.2963283072357255
vn -0.2668152062749801 -0.917060074385124 -0.2963283072357255
usemtl none
f 196/580/145 199/579/145 197/578/145 194/577/145
f 195/584/146 196/583/146 194/582/146 193/581/146
f 200/588/147 195/587/147 193/586/147 198/585/147
f 199/592/148 200/591/148 198/590/148 197/589/148
f 198/596/149 193/595/149 194/594/149 197/593/149
f 199/600/150 196/599/150 195/598/150 200/597/150
o cube
v 0.4102081001327921 0.04533584301786739 0.2829665948300251
v 0.3698124417676367 0.029159652698959843 0.23810267110491903
v 0.4129140961419588 0.030243251982100695 0.2859719078628835
v 0.37251843777680343 0.014067061663193148 0.24110798413777745
v 0.3210435625956827 0.029159652698959843 0.2820143671472191
v 0.361439220960838 0.04533584301786739 0.32687829087232523
v 0.3237495586048494 0.014067061663193148 0.28501968018007756
v 0.36414521697000474 0.030243251982100695 0.3298836039051836
vt 0.78125 0.21875
vt 0.796875 0.21875
vt 0.796875 0.21484375
vt 0.78125 0.21484375
vt 0 0.203125
vt 0.015625 0.203125
vt 0.015625 0.19921875
vt 0 0.19921875
vt 0.03125 0.203125
vt 0.046875 0.203125
vt 0.046875 0.19921875
vt 0.03125 0.19921875
vt 0.0625 0.203125
vt 0.078125 0.203125
vt 0.078125 0.19921875
vt 0.0625 0.19921875
vt 0.0625 0.578125
vt 0.046875 0.578125
vt 0.046875 0.59375
vt 0.0625 0.59375
vt 0.078125 0.375
vt 0.0625 0.375
vt 0.0625 0.359375
vt 0.078125 0.359375
vn -0.6463305338424854 -0.25881904510252074 -0.7178227796016975
vn 0.7431448254773942 1.3877787807814457e-17 -0.6691306063588582
vn 0.6463305338424854 0.25881904510252074 0.7178227796016975
vn -0.7431448254773942 -1.3877787807814457e-17 0.6691306063588582
vn -0.17318374458667035 0.9659258262890682 -0.19234003410293854
vn 0.17318374458667035 -0.9659258262890682 0.19234003410293854
usemtl none
f 204/604/151 207/603/151 205/602/151 202/601/151
f 203/608/152 204/607/152 202/606/152 201/605/152
f 208/612/153 203/611/153 201/610/153 206/609/153
f 207/616/154 208/615/154 206/614/154 205/613/154
f 206/620/155 201/619/155 202/618/155 205/617/155
f 207/624/156 204/623/156 203/622/156 208/621/156
o cube
v 0.5254354967908492 0.421875 0.12605499129170977
v 0.4668865687344491 0.421875 0.06102981906243779
v 0.5254354967908492 0.11250000000000002 0.12605499129170977
v 0.4668865687344491 0.11250000000000002 0.06102981906243779
v 0.19285191433965995 0.421875 0.3077717301572668
v 0.2514008423960601 0.421875 0.37279690238653873
v 0.19285191433965995 0.11250000000000002 0.3077717301572668
v 0.2514008423960601 0.11250000000000002 0.37279690238653873
vt 0 1
vt 0.091796875 1
vt 0.091796875 0.921875
vt 0 0.921875
vt 0.296875 0.609375
vt 0.318359375 0.609375
vt 0.318359375 0.53125
vt 0.296875 0.53125
vt 0 0.90625
vt 0.091796875 0.90625
vt 0.091796875 0.828125
vt 0 0.828125
vt 0.34375 0.609375
vt 0.365234375 0.609375
vt 0.365234375 0.53125
vt 0.34375 0.53125
vt 0.169921875 0.634765625
vt 0.078125 0.634765625
vt 0.078125 0.65625
vt 0.169921875 0.65625
vt 0.279296875 0.65625
vt 0.1875 0.65625
vt 0.1875 0.634765625
vt 0.279296875 0.634765625
vn -0.6691306063588582 0 -0.7431448254773942
vn 0.7431448254773942 0 -0.6691306063588582
vn 0.6691306063588582 0 0.7431448254773942
vn -0.7431448254773942 0 0.6691306063588582
vn 0 1 0
vn 0 -1 0
usemtl none
f 212/628/157 215/627/157 213/626/157 210/625/157
f 211/632/158 212/631/158 210/630/158 209/629/158
f 216/636/159 211/635/159 209/634/159 214/633/159
f 215/640/160 216/639/160 214/638/160 213/637/160
f 214/644/161 209/643/161 210/642/161 213/641/161
f 215/648/162 212/647/162 211/646/162 216/645/162
o cube
v 0.4668865687344491 0.421875 0.06102981906243779
v 0.46270450244470623 0.421875 0.05638516390320408
v 0.4668865687344491 0.39375000000000004 0.06102981906243779
v 0.46270450244470623 0.39375000000000004 0.05638516390320408
v 0.1886698480499171 0.421875 0.30312707499803304
v 0.19285191433965995 0.421875 0.3077717301572668
v 0.1886698480499171 0.39375000000000004 0.30312707499803304
v 0.19285191433965995 0.39375000000000004 0.3077717301572668
vt 0.453125 0.9375
vt 0.544921875 0.9375
vt 0.544921875 0.9296875
vt 0.453125 0.9296875
vt 0.859375 0.9375
vt 0.861328125 0.9375
vt 0.861328125 0.9296875
vt 0.859375 0.9296875
vt 0.453125 0.90625
vt 0.544921875 0.90625
vt 0.544921875 0.8984375
vt 0.453125 0.8984375
vt 0.09375 0.140625
vt 0.095703125 0.140625
vt 0.095703125 0.1328125
vt 0.09375 0.1328125
vt 0.279296875 0.341796875
vt 0.1875 0.341796875
vt 0.1875 0.34375
vt 0.279296875 0.34375
vt 0.748046875 0.8125
vt 0.65625 0.8125
vt 0.65625 0.810546875
vt 0.748046875 0.810546875
vn -0.6691306063588582 0 -0.7431448254773942
vn 0.7431448254773942 0 -0.6691306063588582
vn 0.6691306063588582 0 0.7431448254773942
vn -0.7431448254773942 0 0.6691306063588582
vn 0 1 0
vn 0 -1 0
usemtl none
f 220/652/163 223/651/163 221/650/163 218/649/163
f 219/656/164 220/655/164 218/654/164 217/653/164
f 224/660/165 219/659/165 217/658/165 222/657/165
f 223/664/166 224/663/166 222/662/166 221/661/166
f 222/668/167 217/667/167 218/666/167 221/665/167
f 223/672/168 220/671/168 219/670/168 224/669/168
o cube
v 0.4668865687344491 0.14062499999999994 0.06102981906243779
v 0.46270450244470623 0.14062499999999994 0.05638516390320408
v 0.4668865687344491 0.11249999999999993 0.06102981906243779
v 0.46270450244470623 0.11249999999999993 0.05638516390320408
v 0.1886698480499171 0.14062499999999994 0.30312707499803304
v 0.19285191433965995 0.14062499999999994 0.3077717301572668
v 0.1886698480499171 0.11249999999999993 0.30312707499803304
v 0.19285191433965995 0.11249999999999993 0.3077717301572668
vt 0.453125 0.875
vt 0.544921875 0.875
vt 0.544921875 0.8671875
vt 0.453125 0.8671875
vt 0.859375 0.8125
vt 0.861328125 0.8125
vt 0.861328125 0.8046875
vt 0.859375 0.8046875
vt 0.453125 0.84375
vt 0.544921875 0.84375
vt 0.544921875 0.8359375
vt 0.453125 0.8359375
vt 0.859375 0.78125
vt 0.861328125 0.78125
vt 0.861328125 0.7734375
vt 0.859375 0.7734375
vt 0.748046875 0.779296875
vt 0.65625 0.779296875
vt 0.65625 0.78125
vt 0.748046875 0.78125
vt 0.748046875 0.75
vt 0.65625 0.75
vt 0.65625 0.748046875
vt 0.748046875 0.748046875
vn -0.6691306063588582 0 -0.7431448254773942
vn 0.7431448254773942 0 -0.6691306063588582
vn 0.6691306063588582 0 0.7431448254773942
vn -0.7431448254773942 0 0.6691306063588582
vn 0 1 0
vn 0 -1 0
usemtl none
f 228/676/169 231/675/169 229/674/169 226/673/169
f 227/680/170 228/679/170 226/678/170 225/677/170
f 232/684/171 227/683/171 225/682/171 230/681/171
f 231/688/172 232/687/172 230/686/172 229/685/172
f 230/692/173 225/691/173 226/690/173 229/689/173
f 231/696/174 228/695/174 227/694/174 232/693/174
o cube
v 0.19285191433965998 0.3968750000000001 0.3077717301572668
v 0.18866984804991715 0.3968750000000001 0.30312707499803315
v 0.21375286255621184 0.3968750000000001 0.28895243185342384
v 0.20957079626646896 0.3968750000000001 0.28430777669419016
v 0.18866984804991715 0.14062500000000006 0.30312707499803315
v 0.19285191433965998 0.14062500000000006 0.3077717301572668
v 0.20957079626646896 0.14062500000000003 0.28430777669419016
v 0.21375286255621184 0.14062500000000003 0.28895243185342384
vt 0.5 0.453125
vt 0.5703125 0.453125
vt 0.5703125 0.4453125
vt 0.5 0.4453125
vt 0.25 0.140625
vt 0.251953125 0.140625
vt 0.251953125 0.1328125
vt 0.25 0.1328125
vt 0 0.4375
vt 0.0703125 0.4375
vt 0.0703125 0.4296875
vt 0 0.4296875
vt 0.859375 0.75
vt 0.861328125 0.75
vt 0.861328125 0.7421875
vt 0.859375 0.7421875
vt 0.2578125 0.310546875
vt 0.1875 0.310546875
vt 0.1875 0.3125
vt 0.2578125 0.3125
vt 0.7578125 0.34375
vt 0.6875 0.34375
vt 0.6875 0.341796875
vt 0.7578125 0.341796875
vn -0.6691306063588582 0 -0.7431448254773942
vn 1.6501129917520935e-16 1 -1.4857684113219932e-16
vn 0.6691306063588582 0 0.7431448254773942
vn -1.6501129917520935e-16 -1 1.4857684113219932e-16
vn -0.7431448254773942 2.220446049250313e-16 0.6691306063588582
vn 0.7431448254773942 -2.220446049250313e-16 -0.6691306063588582
usemtl none
f 236/700/175 239/699/175 237/698/175 234/697/175
f 235/704/176 236/703/176 234/702/176 233/701/176
f 240/708/177 235/707/177 233/706/177 238/705/177
f 239/712/178 240/711/178 238/710/178 237/709/178
f 238/716/179 233/715/179 234/714/179 237/713/179
f 239/720/180 236/719/180 235/718/180 240/717/180
o cube
v 0.18437500000000007 0.7655015568786191 0.3676652949927058
v 0.18437500000000007 0.7473092839320652 0.2820773799284978
v 0.18437500000000007 0.4598304316493048 0.43263769837325555
v 0.18437500000000007 0.44163815870275086 0.34704978330904757
v -0.18437499999999996 0.7473092839320652 0.2820773799284978
v -0.18437499999999996 0.7655015568786191 0.3676652949927058
v -0.18437499999999996 0.44163815870275086 0.34704978330904757
v -0.18437499999999996 0.4598304316493048 0.43263769837325555
vt 0.21875 1
vt 0.310546875 1
vt 0.310546875 0.921875
vt 0.21875 0.921875
vt 0.046875 0.5625
vt 0.068359375 0.5625
vt 0.068359375 0.484375
vt 0.046875 0.484375
vt 0.21875 0.90625
vt 0.310546875 0.90625
vt 0.310546875 0.828125
vt 0.21875 0.828125
vt 0.09375 0.5625
vt 0.115234375 0.5625
vt 0.115234375 0.484375
vt 0.09375 0.484375
vt 0.169921875 0.587890625
vt 0.078125 0.587890625
vt 0.078125 0.609375
vt 0.169921875 0.609375
vt 0.279296875 0.609375
vt 0.1875 0.609375
vt 0.1875 0.587890625
vt 0.279296875 0.587890625
vn 0 -0.2079116908177593 -0.9781476007338057
vn 1 0 0
vn 0 0.2079116908177593 0.9781476007338057
vn -1 0 0
vn 0 0.9781476007338057 -0.2079116908177593
vn 0 -0.9781476007338057 0.2079116908177593
usemtl none
f 244/724/181 247/723/181 245/722/181 242/721/181
f 243/728/182 244/727/182 242/726/182 241/725/182
f 248/732/183 243/731/183 241/730/183 246/729/183
f 247/736/184 248/735/184 246/734/184 245/733/184
f 246/740/185 241/739/185 242/738/185 245/737/185
f 247/744/186 244/743/186 243/742/186 248/741/186
o cube
v 0.04687500000000004 0.6455679498617863 0.48769826640205116
v 0.04687500000000004 0.6508015454860807 0.3878353129265937
v 0.04687500000000004 0.5769121693474093 0.4841001694103487
v 0.04687500000000004 0.5821457649717037 0.38423721593489124
v -0.04687499999999996 0.6508015454860807 0.3878353129265937
v -0.04687499999999996 0.6455679498617863 0.48769826640205116
v -0.04687499999999996 0.5821457649717037 0.38423721593489124
v -0.04687499999999996 0.5769121693474093 0.4841001694103487
vt 0.234375 0.390625
vt 0.2578125 0.390625
vt 0.2578125 0.373046875
vt 0.234375 0.373046875
vt 0.140625 0.40625
vt 0.166015625 0.40625
vt 0.166015625 0.388671875
vt 0.140625 0.388671875
vt 0.28125 0.390625
vt 0.3046875 0.390625
vt 0.3046875 0.373046875
vt 0.28125 0.373046875
vt 0.1875 0.390625
vt 0.212890625 0.390625
vt 0.212890625 0.373046875
vt 0.1875 0.373046875
vt 0.4765625 0.458984375
vt 0.453125 0.458984375
vt 0.453125 0.484375
vt 0.4765625 0.484375
vt 0.2109375 0.46875
vt 0.1875 0.46875
vt 0.1875 0.443359375
vt 0.2109375 0.443359375
vn 0 0.05233595624294385 -0.9986295347545739
vn 1 0 0
vn 0 -0.05233595624294385 0.9986295347545739
vn -1 0 0
vn 0 0.9986295347545739 0.05233595624294385
vn 0 -0.9986295347545739 -0.05233595624294385
usemtl none
f 252/748/187 255/747/187 253/746/187 250/745/187
f 251/752/188 252/751/188 250/750/188 249/749/188
f 256/756/189 251/755/189 249/754/189 254/753/189
f 255/760/190 256/759/190 254/758/190 253/757/190
f 254/764/191 249/763/191 250/762/191 253/761/191
f 255/768/192 252/767/192 251/766/192 256/765/192
o cube
v 0.18437500000000007 0.46914855997338906 0.34120226700479805
v 0.18437500000000007 0.46784911190577805 0.3350888445002118
v 0.18437500000000007 0.4416381587027508 0.3470497833090475
v 0.18437500000000007 0.4403387106351398 0.34093636080446127
v -0.18437499999999996 0.46784911190577805 0.3350888445002118
v -0.18437499999999996 0.46914855997338906 0.34120226700479805
v -0.18437499999999996 0.4403387106351398 0.34093636080446127
v -0.18437499999999996 0.4416381587027508 0.3470497833090475
vt 0.484375 0.578125
vt 0.576171875 0.578125
vt 0.576171875 0.5703125
vt 0.484375 0.5703125
vt 0.875 1
vt 0.876953125 1
vt 0.876953125 0.9921875
vt 0.875 0.9921875
vt 0.5 1
vt 0.591796875 1
vt 0.591796875 0.9921875
vt 0.5 0.9921875
vt 0.875 0.90625
vt 0.876953125 0.90625
vt 0.876953125 0.8984375
vt 0.875 0.8984375
vt 0.763671875 0.998046875
vt 0.671875 0.998046875
vt 0.671875 1
vt 0.763671875 1
vt 0.388671875 0.328125
vt 0.296875 0.328125
vt 0.296875 0.326171875
vt 0.388671875 0.326171875
vn 0 -0.2079116908177593 -0.9781476007338057
vn 1 0 0
vn 0 0.2079116908177593 0.9781476007338057
vn -1 0 0
vn 0 0.9781476007338057 -0.2079116908177593
vn 0 -0.9781476007338057 0.2079116908177593
usemtl none
f 260/772/193 263/771/193 261/770/193 258/769/193
f 259/776/194 260/775/194 258/774/194 257/773/194
f 264/780/195 259/779/195 257/778/195 262/777/195
f 263/784/196 264/783/196 262/782/196 261/781/196
f 262/788/197 257/787/197 258/786/197 261/785/197
f 263/792/198 260/791/198 259/790/198 264/789/198
o cube
v -0.1843749999999999 0.7213272382875735 0.28760003421584446
v -0.1843749999999999 0.7200277902199625 0.28148661171125816
v -0.15624999999999972 0.7213272382875735 0.28760003421584446
v -0.15624999999999972 0.7200277902199625 0.28148661171125816
v -0.18437499999999996 0.4678491119057783 0.3350888445002117
v -0.18437499999999996 0.46914855997338933 0.341202267004798
v -0.15624999999999978 0.46784911190577827 0.3350888445002117
v -0.15624999999999978 0.4691485599733893 0.341202267004798
vt 0.5625 0.71875
vt 0.6328125 0.71875
vt 0.6328125 0.7109375
vt 0.5625 0.7109375
vt 0.15625 0.125
vt 0.158203125 0.125
vt 0.158203125 0.1171875
vt 0.15625 0.1171875
vt 0.375 0.4375
vt 0.4453125 0.4375
vt 0.4453125 0.4296875
vt 0.375 0.4296875
vt 0.875 0.84375
vt 0.876953125 0.84375
vt 0.876953125 0.8359375
vt 0.875 0.8359375
vt 0.7890625 0.841796875
vt 0.71875 0.841796875
vt 0.71875 0.84375
vt 0.7890625 0.84375
vt 0.5703125 0.28125
vt 0.5 0.28125
vt 0.5 0.279296875
vt 0.5703125 0.279296875
vn 0 -0.2079116908177593 -0.9781476007338057
vn 2.2204460492503136e-16 0.9781476007338057 -0.2079116908177593
vn 0 0.2079116908177593 0.9781476007338057
vn -2.2204460492503136e-16 -0.9781476007338057 0.2079116908177593
vn -1 2.171923975633051e-16 -4.616566924692461e-17
vn 1 -2.171923975633051e-16 4.616566924692461e-17
usemtl none
f 268/796/199 271/795/199 269/794/199 266/793/199
f 267/800/200 268/799/200 266/798/200 265/797/200
f 272/804/201 267/803/201 265/802/201 270/801/201
f 271/808/202 272/807/202 270/806/202 269/805/202
f 270/812/203 265/811/203 266/810/203 269/809/203
f 271/816/204 268/815/204 267/814/204 272/813/204
o cube
v 0.15625000000000006 0.7442525726797722 0.28272710396230316
v 0.15625000000000006 0.7429531246121612 0.2766136814577169
v 0.18437500000000023 0.7442525726797722 0.28272710396230316
v 0.18437500000000023 0.7429531246121612 0.2766136814577169
v 0.15625 0.4678491119057784 0.3350888445002117
v 0.15625 0.46914855997338933 0.341202267004798
v 0.18437500000000018 0.4678491119057783 0.3350888445002117
v 0.18437500000000018 0.46914855997338933 0.341202267004798
vt 0.1875 0.421875
vt 0.2578125 0.421875
vt 0.2578125 0.4140625
vt 0.1875 0.4140625
vt 0.1875 0.125
vt 0.189453125 0.125
vt 0.189453125 0.1171875
vt 0.1875 0.1171875
vt 0.28125 0.421875
vt 0.3515625 0.421875
vt 0.3515625 0.4140625
vt 0.28125 0.4140625
vt 0.21875 0.125
vt 0.220703125 0.125
vt 0.220703125 0.1171875
vt 0.21875 0.1171875
vt 0.7578125 0.279296875
vt 0.6875 0.279296875
vt 0.6875 0.28125
vt 0.7578125 0.28125
vt 0.0703125 0.265625
vt 0 0.265625
vt 0 0.263671875
vt 0.0703125 0.263671875
vn 0 -0.2079116908177593 -0.9781476007338057
vn 2.2204460492503136e-16 0.9781476007338057 -0.2079116908177593
vn 0 0.2079116908177593 0.9781476007338057
vn -2.2204460492503136e-16 -0.9781476007338057 0.2079116908177593
vn -1 2.171923975633051e-16 -4.616566924692461e-17
vn 1 -2.171923975633051e-16 4.616566924692461e-17
usemtl none
f 276/820/205 279/819/205 277/818/205 274/817/205
f 275/824/206 276/823/206 274/822/206 273/821/206
f 280/828/207 275/827/207 273/826/207 278/825/207
f 279/832/208 280/831/208 278/830/208 277/829/208
f 278/836/209 273/835/209 274/834/209 277/833/209
f 279/840/210 276/839/210 275/838/210 280/837/210
o cube
v 0.18437500000000007 0.7473092839320652 0.2820773799284977
v 0.18437500000000007 0.7460098358644542 0.27596395742391144
v 0.18437500000000007 0.7197988826614268 0.2879248962327472
v 0.18437500000000007 0.7184994345938158 0.28181147372816095
v -0.18437499999999996 0.7460098358644542 0.27596395742391144
v -0.18437499999999996 0.7473092839320652 0.2820773799284977
v -0.18437499999999996 0.7184994345938158 0.28181147372816095
v -0.18437499999999996 0.7197988826614268 0.2879248962327472
vt 0.5 0.96875
vt 0.591796875 0.96875
vt 0.591796875 0.9609375
vt 0.5 0.9609375
vt 0.125 0.125
vt 0.126953125 0.125
vt 0.126953125 0.1171875
vt 0.125 0.1171875
vt 0.140625 0.5
vt 0.232421875 0.5
vt 0.232421875 0.4921875
vt 0.140625 0.4921875
vt 0.875 0.875
vt 0.876953125 0.875
vt 0.876953125 0.8671875
vt 0.875 0.8671875
vt 0.498046875 0.326171875
vt 0.40625 0.326171875
vt 0.40625 0.328125
vt 0.498046875 0.328125
vt 0.763671875 0.5625
vt 0.671875 0.5625
vt 0.671875 0.560546875
vt 0.763671875 0.560546875
vn 0 -0.2079116908177593 -0.9781476007338057
vn 1 0 0
vn 0 0.2079116908177593 0.9781476007338057
vn -1 0 0
vn 0 0.9781476007338057 -0.2079116908177593
vn 0 -0.9781476007338057 0.2079116908177593
usemtl none
f 284/844/211 287/843/211 285/842/211 282/841/211
f 283/848/212 284/847/212 282/846/212 281/845/212
f 288/852/213 283/851/213 281/850/213 286/849/213
f 287/856/214 288/855/214 286/854/214 285/853/214
f 286/860/215 281/859/215 282/858/215 285/857/215
f 287/864/216 284/863/216 283/862/216 288/861/216
o cube
v 0.21875 0.050111838184486876 0.16514110398340293
v 0.21875 0.029859448426379023 -0.02754751324420006
v 0.21875 0.012817267108176638 0.16906092135593992
v 0.21875 -0.007435122649931222 -0.023627695871663038
v -0.21875 0.029859448426379023 -0.02754751324420006
v -0.21875 0.050111838184486876 0.16514110398340293
v -0.21875 -0.007435122649931222 -0.023627695871663038
v -0.21875 0.012817267108176638 0.16906092135593992
vt 0.40625 0.671875
vt 0.515625 0.671875
vt 0.515625 0.662109375
vt 0.40625 0.662109375
vt 0.5625 0.421875
vt 0.611328125 0.421875
vt 0.611328125 0.412109375
vt 0.5625 0.412109375
vt 0.40625 0.640625
vt 0.515625 0.640625
vt 0.515625 0.630859375
vt 0.40625 0.630859375
vt 0 0.40625
vt 0.048828125 0.40625
vt 0.048828125 0.396484375
vt 0 0.396484375
vt 0.328125 0.763671875
vt 0.21875 0.763671875
vt 0.21875 0.8125
vt 0.328125 0.8125
vt 0.328125 0.734375
vt 0.21875 0.734375
vt 0.21875 0.685546875
vt 0.328125 0.685546875
vn 0 -0.10452846326765346 -0.9945218953682733
vn 1 0 0
vn 0 0.10452846326765346 0.9945218953682733
vn -1 0 0
vn 0 0.9945218953682733 -0.10452846326765346
vn 0 -0.9945218953682733 0.10452846326765346
usemtl none
f 292/868/217 295/867/217 293/866/217 290/865/217
f 291/872/218 292/871/218 290/870/218 289/869/218
f 296/876/219 291/875/219 289/874/219 294/873/219
f 295/880/220 296/879/220 294/878/220 293/877/220
f 294/884/221 289/883/221 290/882/221 293/881/221
f 295/888/222 292/887/222 291/886/222 296/885/222
o cube
v 0.21250000000000002 0.05587972605880551 0.15594185661446536
v 0.21250000000000002 0.05326651447711417 0.13107880923025853
v 0.21250000000000002 0.0496639642127538 0.1565951595098882
v 0.21250000000000002 0.047050752631062454 0.13173211212568137
v 0.1875 0.05326651447711417 0.13107880923025853
v 0.1875 0.05587972605880551 0.15594185661446536
v 0.1875 0.047050752631062454 0.13173211212568137
v 0.1875 0.0496639642127538 0.1565951595098882
vt 0.46875 0.125
vt 0.474609375 0.125
vt 0.474609375 0.123046875
vt 0.46875 0.123046875
vt 0.5 0.125
vt 0.505859375 0.125
vt 0.505859375 0.123046875
vt 0.5 0.123046875
vt 0.53125 0.125
vt 0.537109375 0.125
vt 0.537109375 0.123046875
vt 0.53125 0.123046875
vt 0.5625 0.125
vt 0.568359375 0.125
vt 0.568359375 0.123046875
vt 0.5625 0.123046875
vt 0.224609375 0.181640625
vt 0.21875 0.181640625
vt 0.21875 0.1875
vt 0.224609375 0.1875
vt 0.818359375 0.71875
vt 0.8125 0.71875
vt 0.8125 0.712890625
vt 0.818359375 0.712890625
vn 0 -0.10452846326765346 -0.9945218953682733
vn 1 0 0
vn 0 0.10452846326765346 0.9945218953682733
vn -1 0 0
vn 0 0.9945218953682733 -0.10452846326765346
vn 0 -0.9945218953682733 0.10452846326765346
usemtl none
f 300/892/223 303/891/223 301/890/223 298/889/223
f 299/896/224 300/895/224 298/894/224 297/893/224
f 304/900/225 299/899/225 297/898/225 302/897/225
f 303/904/226 304/903/226 302/902/226 301/901/226
f 302/908/227 297/907/227 298/906/227 301/905/227
f 303/912/228 300/911/228 299/910/228 304/909/228
o cube
v -0.1875 0.05587972605880551 0.15594185661446536
v -0.1875 0.05326651447711417 0.13107880923025853
v -0.1875 0.0496639642127538 0.1565951595098882
v -0.1875 0.047050752631062454 0.13173211212568137
v -0.21250000000000002 0.05326651447711417 0.13107880923025853
v -0.21250000000000002 0.05587972605880551 0.15594185661446536
v -0.21250000000000002 0.047050752631062454 0.13173211212568137
v -0.21250000000000002 0.0496639642127538 0.1565951595098882
vt 0.40625 0.078125
vt 0.412109375 0.078125
vt 0.412109375 0.076171875
vt 0.40625 0.076171875
vt 0.921875 0.59375
vt 0.927734375 0.59375
vt 0.927734375 0.591796875
vt 0.921875 0.591796875
vt 0.4375 0.078125
vt 0.443359375 0.078125
vt 0.443359375 0.076171875
vt 0.4375 0.076171875
vt 0.921875 0.5625
vt 0.927734375 0.5625
vt 0.927734375 0.560546875
vt 0.921875 0.560546875
vt 0.630859375 0.166015625
vt 0.625 0.166015625
vt 0.625 0.171875
vt 0.630859375 0.171875
vt 0.833984375 0.375
vt 0.828125 0.375
vt 0.828125 0.369140625
vt 0.833984375 0.369140625
vn 0 -0.10452846326765346 -0.9945218953682733
vn 1 0 0
vn 0 0.10452846326765346 0.9945218953682733
vn -1 0 0
vn 0 0.9945218953682733 -0.10452846326765346
vn 0 -0.9945218953682733 0.10452846326765346
usemtl none
f 308/916/229 311/915/229 309/914/229 306/913/229
f 307/920/230 308/919/230 306/918/230 305/917/230
f 312/924/231 307/923/231 305/922/231 310/921/231
f 311/928/232 312/927/232 310/926/232 309/925/232
f 310/932/233 305/931/233 306/930/233 309/929/233
f 311/936/234 308/935/234 307/934/234 312/933/234
o cube
v 0.21249999999999997 0.0496297260588055 0.09344185661446537
v 0.21249999999999997 0.04701651447711417 0.06857880923025855
v 0.21249999999999997 0.04341396421275379 0.0940951595098882
v 0.21249999999999997 0.040800752631062455 0.06923211212568138
v 0.175 0.04701651447711417 0.06857880923025855
v 0.175 0.0496297260588055 0.09344185661446537
v 0.175 0.040800752631062455 0.06923211212568138
v 0.175 0.04341396421275379 0.0940951595098882
vt 0.84375 0.34375
vt 0.853515625 0.34375
vt 0.853515625 0.341796875
vt 0.84375 0.341796875
vt 0.5 0.09375
vt 0.505859375 0.09375
vt 0.505859375 0.091796875
vt 0.5 0.091796875
vt 0.6875 0.15625
vt 0.697265625 0.15625
vt 0.697265625 0.154296875
vt 0.6875 0.154296875
vt 0.53125 0.09375
vt 0.537109375 0.09375
vt 0.537109375 0.091796875
vt 0.53125 0.091796875
vt 0.806640625 0.494140625
vt 0.796875 0.494140625
vt 0.796875 0.5
vt 0.806640625 0.5
vt 0.806640625 0.46875
vt 0.796875 0.46875
vt 0.796875 0.462890625
vt 0.806640625 0.462890625
vn 0 -0.10452846326765346 -0.9945218953682733
vn 1 0 0
vn 0 0.10452846326765346 0.9945218953682733
vn -1 0 0
vn 0 0.9945218953682733 -0.10452846326765346
vn 0 -0.9945218953682733 0.10452846326765346
usemtl none
f 316/940/235 319/939/235 317/938/235 314/937/235
f 315/944/236 316/943/236 314/942/236 313/941/236
f 320/948/237 315/947/237 313/946/237 318/945/237
f 319/952/238 320/951/238 318/950/238 317/949/238
f 318/956/239 313/955/239 314/954/239 317/953/239
f 319/960/240 316/959/240 315/958/240 320/957/240
o cube
v 0.2125 0.046363211581691335 0.06236304738420683
v 0.2125 0.04375 0.037500000000000006
v 0.2125 0.04014744973563962 0.06301635027962967
v 0.2125 0.03753423815394828 0.03815330289542284
v 0.1625 0.04375 0.037500000000000006
v 0.1625 0.046363211581691335 0.06236304738420683
v 0.1625 0.03753423815394828 0.03815330289542284
v 0.1625 0.04014744973563962 0.06301635027962967
vt 0.5625 0.15625
vt 0.57421875 0.15625
vt 0.57421875 0.154296875
vt 0.5625 0.154296875
vt 0.90625 0.25
vt 0.912109375 0.25
vt 0.912109375 0.248046875
vt 0.90625 0.248046875
vt 0.59375 0.15625
vt 0.60546875 0.15625
vt 0.60546875 0.154296875
vt 0.59375 0.154296875
vt 0.78125 0.09375
vt 0.787109375 0.09375
vt 0.787109375 0.091796875
vt 0.78125 0.091796875
vt 0.54296875 0.212890625
vt 0.53125 0.212890625
vt 0.53125 0.21875
vt 0.54296875 0.21875
vt 0.57421875 0.21875
vt 0.5625 0.21875
vt 0.5625 0.212890625
vt 0.57421875 0.212890625
vn 0 -0.10452846326765346 -0.9945218953682733
vn 1 0 0
vn 0 0.10452846326765346 0.9945218953682733
vn -1 0 0
vn 0 0.9945218953682733 -0.10452846326765346
vn 0 -0.9945218953682733 0.10452846326765346
usemtl none
f 324/964/241 327/963/241 325/962/241 322/961/241
f 323/968/242 324/967/242 322/966/242 321/965/242
f 328/972/243 323/971/243 321/970/243 326/969/243
f 327/976/244 328/975/244 326/974/244 325/973/244
f 326/980/245 321/979/245 322/978/245 325/977/245
f 327/984/246 324/983/246 323/982/246 328/981/246
o cube
v 0.21250000000000002 0.052754726058805504 0.12469185661446537
v 0.21250000000000002 0.05014151447711417 0.09982880923025855
v 0.21250000000000002 0.046538964212753796 0.1253451595098882
v 0.21250000000000002 0.04392575263106246 0.10048211212568138
v 0.1875 0.05014151447711417 0.09982880923025855
v 0.1875 0.052754726058805504 0.12469185661446537
v 0.1875 0.04392575263106246 0.10048211212568138
v 0.1875 0.046538964212753796 0.1253451595098882
vt 0.03125 0.109375
vt 0.037109375 0.109375
vt 0.037109375 0.107421875
vt 0.03125 0.107421875
vt 0.890625 0.96875
vt 0.896484375 0.96875
vt 0.896484375 0.966796875
vt 0.890625 0.966796875
vt 0.0625 0.109375
vt 0.068359375 0.109375
vt 0.068359375 0.107421875
vt 0.0625 0.107421875
vt 0.890625 0.9375
vt 0.896484375 0.9375
vt 0.896484375 0.935546875
vt 0.890625 0.935546875
vt 0.724609375 0.181640625
vt 0.71875 0.181640625
vt 0.71875 0.1875
vt 0.724609375 0.1875
vt 0.818359375 0.28125
vt 0.8125 0.28125
vt 0.8125 0.275390625
vt 0.818359375 0.275390625
vn 0 -0.10452846326765346 -0.9945218953682733
vn 1 0 0
vn 0 0.10452846326765346 0.9945218953682733
vn -1 0 0
vn 0 0.9945218953682733 -0.10452846326765346
vn 0 -0.9945218953682733 0.10452846326765346
usemtl none
f 332/988/247 335/987/247 333/986/247 330/985/247
f 331/992/248 332/991/248 330/990/248 329/989/248
f 336/996/249 331/995/249 329/994/249 334/993/249
f 335/1000/250 336/999/250 334/998/250 333/997/250
f 334/1004/251 329/1003/251 330/1002/251 333/1001/251
f 335/1008/252 332/1007/252 331/1006/252 336/1005/252
o cube
v 0.21250000000000002 0.04295518262746299 0.03145542892368975
v 0.21250000000000002 0.04034197104577166 0.006592381539482925
v 0.21250000000000002 0.03673942078141128 0.032108731819112585
v 0.21250000000000002 0.03412620919971995 0.0072456844349057595
v 0.15625 0.04034197104577166 0.006592381539482925
v 0.15625 0.04295518262746299 0.03145542892368975
v 0.15625 0.03412620919971995 0.0072456844349057595
v 0.15625 0.03673942078141128 0.032108731819112585
vt 0.84375 0.84375
vt 0.857421875 0.84375
vt 0.857421875 0.841796875
vt 0.84375 0.841796875
vt 0.890625 0.75
vt 0.896484375 0.75
vt 0.896484375 0.748046875
vt 0.890625 0.748046875
vt 0.1875 0.15625
vt 0.201171875 0.15625
vt 0.201171875 0.154296875
vt 0.1875 0.154296875
vt 0.28125 0.109375
vt 0.287109375 0.109375
vt 0.287109375 0.107421875
vt 0.28125 0.107421875
vt 0.779296875 0.369140625
vt 0.765625 0.369140625
vt 0.765625 0.375
vt 0.779296875 0.375
vt 0.794921875 1
vt 0.78125 1
vt 0.78125 0.994140625
vt 0.794921875 0.994140625
vn 0 -0.10452846326765346 -0.9945218953682733
vn 1 0 0
vn 0 0.10452846326765346 0.9945218953682733
vn -1 0 0
vn 0 0.9945218953682733 -0.10452846326765346
vn 0 -0.9945218953682733 0.10452846326765346
usemtl none
f 340/1012/253 343/1011/253 341/1010/253 338/1009/253
f 339/1016/254 340/1015/254 338/1014/254 337/1013/254
f 344/1020/255 339/1019/255 337/1018/255 342/1017/255
f 343/1024/256 344/1023/256 342/1022/256 341/1021/256
f 342/1028/257 337/1027/257 338/1026/257 341/1025/257
f 343/1032/258 340/1031/258 339/1030/258 344/1029/258
o cube
v 0.21250000000000002 0.03968866815034883 0.00037661969343120993
v 0.21250000000000002 0.03707545656865749 -0.02448642769077561
v 0.21250000000000002 0.03347290630429711 0.0010299225888540514
v 0.21250000000000002 0.030859694722605774 -0.023833124795352767
v 0.1875 0.03707545656865749 -0.02448642769077561
v 0.1875 0.03968866815034883 0.00037661969343120993
v 0.1875 0.030859694722605774 -0.023833124795352767
v 0.1875 0.03347290630429711 0.0010299225888540514
vt 0.90625 0.84375
vt 0.912109375 0.84375
vt 0.912109375 0.841796875
vt 0.90625 0.841796875
vt 0.1875 0.09375
vt 0.193359375 0.09375
vt 0.193359375 0.091796875
vt 0.1875 0.091796875
vt 0.21875 0.09375
vt 0.224609375 0.09375
vt 0.224609375 0.091796875
vt 0.21875 0.091796875
vt 0.90625 0.71875
vt 0.912109375 0.71875
vt 0.912109375 0.716796875
vt 0.90625 0.716796875
vt 0.833984375 0.744140625
vt 0.828125 0.744140625
vt 0.828125 0.75
vt 0.833984375 0.75
vt 0.287109375 0.171875
vt 0.28125 0.171875
vt 0.28125 0.166015625
vt 0.287109375 0.166015625
vn 0 -0.10452846326765346 -0.9945218953682733
vn 1 0 0
vn 0 0.10452846326765346 0.9945218953682733
vn -1 0 0
vn 0 0.9945218953682733 -0.10452846326765346
vn 0 -0.9945218953682733 0.10452846326765346
usemtl none
f 348/1036/259 351/1035/259 349/1034/259 346/1033/259
f 347/1040/260 348/1039/260 346/1038/260 345/1037/260
f 352/1044/261 347/1043/261 345/1042/261 350/1041/261
f 351/1048/262 352/1047/262 350/1046/262 349/1045/262
f 350/1052/263 345/1051/263 346/1050/263 349/1049/263
f 351/1056/264 348/1055/264 347/1054/264 352/1053/264
o cube
v 0.15000000000000002 0.05587972605880551 0.15594185661446536
v 0.15000000000000002 0.05326651447711417 0.13107880923025853
v 0.15000000000000002 0.0496639642127538 0.1565951595098882
v 0.15000000000000002 0.047050752631062454 0.13173211212568137
v 0.125 0.05326651447711417 0.13107880923025853
v 0.125 0.05587972605880551 0.15594185661446536
v 0.125 0.047050752631062454 0.13173211212568137
v 0.125 0.0496639642127538 0.1565951595098882
vt 0.59375 0.125
vt 0.599609375 0.125
vt 0.599609375 0.123046875
vt 0.59375 0.123046875
vt 0.875 0.34375
vt 0.880859375 0.34375
vt 0.880859375 0.341796875
vt 0.875 0.341796875
vt 0.6875 0.125
vt 0.693359375 0.125
vt 0.693359375 0.123046875
vt 0.6875 0.123046875
vt 0.875 0.3125
vt 0.880859375 0.3125
vt 0.880859375 0.310546875
vt 0.875 0.310546875
vt 0.818359375 0.681640625
vt 0.8125 0.681640625
vt 0.8125 0.6875
vt 0.818359375 0.6875
vt 0.818359375 0.65625
vt 0.8125 0.65625
vt 0.8125 0.650390625
vt 0.818359375 0.650390625
vn 0 -0.10452846326765346 -0.9945218953682733
vn 1 0 0
vn 0 0.10452846326765346 0.9945218953682733
vn -1 0 0
vn 0 0.9945218953682733 -0.10452846326765346
vn 0 -0.9945218953682733 0.10452846326765346
usemtl none
f 356/1060/265 359/1059/265 357/1058/265 354/1057/265
f 355/1064/266 356/1063/266 354/1062/266 353/1061/266
f 360/1068/267 355/1067/267 353/1066/267 358/1065/267
f 359/1072/268 360/1071/268 358/1070/268 357/1069/268
f 358/1076/269 353/1075/269 354/1074/269 357/1073/269
f 359/1080/270 356/1079/270 355/1078/270 360/1077/270
o cube
v 0.11875 0.05587972605880551 0.15594185661446536
v 0.11875 0.05326651447711417 0.13107880923025853
v 0.11875 0.0496639642127538 0.1565951595098882
v 0.11875 0.047050752631062454 0.13173211212568137
v 0.09375 0.05326651447711417 0.13107880923025853
v 0.09375 0.05587972605880551 0.15594185661446536
v 0.09375 0.047050752631062454 0.13173211212568137
v 0.09375 0.0496639642127538 0.1565951595098882
vt 0.71875 0.125
vt 0.724609375 0.125
vt 0.724609375 0.123046875
vt 0.71875 0.123046875
vt 0.875 0.28125
vt 0.880859375 0.28125
vt 0.880859375 0.279296875
vt 0.875 0.279296875
vt 0.75 0.125
vt 0.755859375 0.125
vt 0.755859375 0.123046875
vt 0.75 0.123046875
vt 0.875 0.25
vt 0.880859375 0.25
vt 0.880859375 0.248046875
vt 0.875 0.248046875
vt 0.474609375 0.181640625
vt 0.46875 0.181640625
vt 0.46875 0.1875
vt 0.474609375 0.1875
vt 0.505859375 0.1875
vt 0.5 0.1875
vt 0.5 0.181640625
vt 0.505859375 0.181640625
vn 0 -0.10452846326765346 -0.9945218953682733
vn 1 0 0
vn 0 0.10452846326765346 0.9945218953682733
vn -1 0 0
vn 0 0.9945218953682733 -0.10452846326765346
vn 0 -0.9945218953682733 0.10452846326765346
usemtl none
f 364/1084/271 367/1083/271 365/1082/271 362/1081/271
f 363/1088/272 364/1087/272 362/1086/272 361/1085/272
f 368/1092/273 363/1091/273 361/1090/273 366/1089/273
f 367/1096/274 368/1095/274 366/1094/274 365/1093/274
f 366/1100/275 361/1099/275 362/1098/275 365/1097/275
f 367/1104/276 364/1103/276 363/1102/276 368/1101/276
o cube
v 0.0875 0.05587972605880551 0.15594185661446536
v 0.0875 0.05326651447711417 0.13107880923025853
v 0.0875 0.0496639642127538 0.1565951595098882
v 0.0875 0.047050752631062454 0.13173211212568137
v 0.0625 0.05326651447711417 0.13107880923025853
v 0.0625 0.05587972605880551 0.15594185661446536
v 0.0625 0.047050752631062454 0.13173211212568137
v 0.0625 0.0496639642127538 0.1565951595098882
vt 0.78125 0.125
vt 0.787109375 0.125
vt 0.787109375 0.123046875
vt 0.78125 0.123046875
vt 0.875 0.21875
vt 0.880859375 0.21875
vt 0.880859375 0.216796875
vt 0.875 0.216796875
vt 0.8125 0.125
vt 0.818359375 0.125
vt 0.818359375 0.123046875
vt 0.8125 0.123046875
vt 0.875 0.1875
vt 0.880859375 0.1875
vt 0.880859375 0.185546875
vt 0.875 0.185546875
vt 0.537109375 0.181640625
vt 0.53125 0.181640625
vt 0.53125 0.1875
vt 0.537109375 0.1875
vt 0.568359375 0.1875
vt 0.5625 0.1875
vt 0.5625 0.181640625
vt 0.568359375 0.181640625
vn 0 -0.10452846326765346 -0.9945218953682733
vn 1 0 0
vn 0 0.10452846326765346 0.9945218953682733
vn -1 0 0
vn 0 0.9945218953682733 -0.10452846326765346
vn 0 -0.9945218953682733 0.10452846326765346
usemtl none
f 372/1108/277 375/1107/277 373/1106/277 370/1105/277
f 371/1112/278 372/1111/278 370/1110/278 369/1109/278
f 376/1116/279 371/1115/279 369/1114/279 374/1113/279
f 375/1120/280 376/1119/280 374/1118/280 373/1117/280
f 374/1124/281 369/1123/281 370/1122/281 373/1121/281
f 375/1128/282 372/1127/282 371/1126/282 376/1125/282
o cube
v 0.056249999999999994 0.05587972605880551 0.15594185661446536
v 0.056249999999999994 0.05326651447711417 0.13107880923025853
v 0.056249999999999994 0.0496639642127538 0.1565951595098882
v 0.056249999999999994 0.047050752631062454 0.13173211212568137
v 0.031249999999999997 0.05326651447711417 0.13107880923025853
v 0.031249999999999997 0.05587972605880551 0.15594185661446536
v 0.031249999999999997 0.047050752631062454 0.13173211212568137
v 0.031249999999999997 0.0496639642127538 0.1565951595098882
vt 0.84375 0.125
vt 0.849609375 0.125
vt 0.849609375 0.123046875
vt 0.84375 0.123046875
vt 0.875 0.15625
vt 0.880859375 0.15625
vt 0.880859375 0.154296875
vt 0.875 0.154296875
vt 0.875 0.125
vt 0.880859375 0.125
vt 0.880859375 0.123046875
vt 0.875 0.123046875
vt 0 0.109375
vt 0.005859375 0.109375
vt 0.005859375 0.107421875
vt 0 0.107421875
vt 0.693359375 0.181640625
vt 0.6875 0.181640625
vt 0.6875 0.1875
vt 0.693359375 0.1875
vt 0.818359375 0.3125
vt 0.8125 0.3125
vt 0.8125 0.306640625
vt 0.818359375 0.306640625
vn 0 -0.10452846326765346 -0.9945218953682733
vn 1 0 0
vn 0 0.10452846326765346 0.9945218953682733
vn -1 0 0
vn 0 0.9945218953682733 -0.10452846326765346
vn 0 -0.9945218953682733 0.10452846326765346
usemtl none
f 380/1132/283 383/1131/283 381/1130/283 378/1129/283
f 379/1136/284 380/1135/284 378/1134/284 377/1133/284
f 384/1140/285 379/1139/285 377/1138/285 382/1137/285
f 383/1144/286 384/1143/286 382/1142/286 381/1141/286
f 382/1148/287 377/1147/287 378/1146/287 381/1145/287
f 383/1152/288 380/1151/288 379/1150/288 384/1149/288
o cube
v 0.11875 0.03983018262746299 0.00020542892368975024
v 0.11875 0.03721697104577166 -0.024657618460517082
v 0.11875 0.033614420781411275 0.0008587318191125848
v 0.11875 0.031001209199719944 -0.024004315565094247
v 0.021875000000000006 0.03721697104577166 -0.024657618460517082
v 0.021875000000000006 0.03983018262746299 0.00020542892368975024
v 0.021875000000000006 0.031001209199719944 -0.024004315565094247
v 0.021875000000000006 0.033614420781411275 0.0008587318191125848
vt 0.8125 0.96875
vt 0.8359375 0.96875
vt 0.8359375 0.966796875
vt 0.8125 0.966796875
vt 0.90625 0.21875
vt 0.912109375 0.21875
vt 0.912109375 0.216796875
vt 0.90625 0.216796875
vt 0.8125 0.9375
vt 0.8359375 0.9375
vt 0.8359375 0.935546875
vt 0.8125 0.935546875
vt 0.8125 0.09375
vt 0.818359375 0.09375
vt 0.818359375 0.091796875
vt 0.8125 0.091796875
vt 0.5703125 0.322265625
vt 0.546875 0.322265625
vt 0.546875 0.328125
vt 0.5703125 0.328125
vt 0.1171875 0.265625
vt 0.09375 0.265625
vt 0.09375 0.259765625
vt 0.1171875 0.259765625
vn 0 -0.10452846326765346 -0.9945218953682733
vn 1 0 0
vn 0 0.10452846326765346 0.9945218953682733
vn -1 0 0
vn 0 0.9945218953682733 -0.10452846326765346
vn 0 -0.9945218953682733 0.10452846326765346
usemtl none
f 388/1156/289 391/1155/289 389/1154/289 386/1153/289
f 387/1160/290 388/1159/290 386/1158/290 385/1157/290
f 392/1164/291 387/1163/291 385/1162/291 390/1161/291
f 391/1168/292 392/1167/292 390/1166/292 389/1165/292
f 390/1172/293 385/1171/293 386/1170/293 389/1169/293
f 391/1176/294 388/1175/294 387/1174/294 392/1173/294
o cube
v 0.18125000000000002 0.052754726058805504 0.12469185661446537
v 0.18125000000000002 0.05014151447711417 0.09982880923025855
v 0.18125000000000002 0.046538964212753796 0.1253451595098882
v 0.18125000000000002 0.04392575263106246 0.10048211212568138
v 0.15625 0.05014151447711417 0.09982880923025855
v 0.15625 0.052754726058805504 0.12469185661446537
v 0.15625 0.04392575263106246 0.10048211212568138
v 0.15625 0.046538964212753796 0.1253451595098882
vt 0.09375 0.109375
vt 0.099609375 0.109375
vt 0.099609375 0.107421875
vt 0.09375 0.107421875
vt 0.890625 0.8125
vt 0.896484375 0.8125
vt 0.896484375 0.810546875
vt 0.890625 0.810546875
vt 0.890625 0.78125
vt 0.896484375 0.78125
vt 0.896484375 0.779296875
vt 0.890625 0.779296875
vt 0.25 0.109375
vt 0.255859375 0.109375
vt 0.255859375 0.107421875
vt 0.25 0.107421875
vt 0.755859375 0.181640625
vt 0.75 0.181640625
vt 0.75 0.1875
vt 0.755859375 0.1875
vt 0.818359375 0.25
vt 0.8125 0.25
vt 0.8125 0.244140625
vt 0.818359375 0.244140625
vn 0 -0.10452846326765346 -0.9945218953682733
vn 1 0 0
vn 0 0.10452846326765346 0.9945218953682733
vn -1 0 0
vn 0 0.9945218953682733 -0.10452846326765346
vn 0 -0.9945218953682733 0.10452846326765346
usemtl none
f 396/1180/295 399/1179/295 397/1178/295 394/1177/295
f 395/1184/296 396/1183/296 394/1182/296 393/1181/296
f 400/1188/297 395/1187/297 393/1186/297 398/1185/297
f 399/1192/298 400/1191/298 398/1190/298 397/1189/298
f 398/1196/299 393/1195/299 394/1194/299 397/1193/299
f 399/1200/300 396/1199/300 395/1198/300 400/1197/300
o cube
v -0.03749999999999999 0.052896240535919674 0.1245206658447239
v -0.03749999999999999 0.050283028954228336 0.09965761846051707
v -0.03749999999999999 0.04668047868986796 0.12517396874014675
v -0.03749999999999999 0.04406726710817663 0.10031092135593991
v -0.075 0.050283028954228336 0.09965761846051707
v -0.075 0.052896240535919674 0.1245206658447239
v -0.075 0.04406726710817663 0.10031092135593991
v -0.075 0.04668047868986796 0.12517396874014675
vt 0.84375 0.3125
vt 0.853515625 0.3125
vt 0.853515625 0.310546875
vt 0.84375 0.310546875
vt 0.5625 0.09375
vt 0.568359375 0.09375
vt 0.568359375 0.091796875
vt 0.5625 0.091796875
vt 0.71875 0.15625
vt 0.728515625 0.15625
vt 0.728515625 0.154296875
vt 0.71875 0.154296875
vt 0.59375 0.09375
vt 0.599609375 0.09375
vt 0.599609375 0.091796875
vt 0.59375 0.091796875
vt 0.806640625 0.431640625
vt 0.796875 0.431640625
vt 0.796875 0.4375
vt 0.806640625 0.4375
vt 0.806640625 0.40625
vt 0.796875 0.40625
vt 0.796875 0.400390625
vt 0.806640625 0.400390625
vn 0 -0.10452846326765346 -0.9945218953682733
vn 1 0 0
vn 0 0.10452846326765346 0.9945218953682733
vn -1 0 0
vn 0 0.9945218953682733 -0.10452846326765346
vn 0 -0.9945218953682733 0.10452846326765346
usemtl none
f 404/1204/301 407/1203/301 405/1202/301 402/1201/301
f 403/1208/302 404/1207/302 402/1206/302 401/1205/302
f 408/1212/303 403/1211/303 401/1210/303 406/1209/303
f 407/1216/304 408/1215/304 406/1214/304 405/1213/304
f 406/1220/305 401/1219/305 402/1218/305 405/1217/305
f 407/1224/306 404/1223/306 403/1222/306 408/1221/306
o cube
v -0.03749999999999999 0.0496297260588055 0.09344185661446537
v -0.03749999999999999 0.04701651447711417 0.06857880923025855
v -0.03749999999999999 0.04341396421275379 0.0940951595098882
v -0.03749999999999999 0.040800752631062455 0.06923211212568138
v -0.075 0.04701651447711417 0.06857880923025855
v -0.075 0.0496297260588055 0.09344185661446537
v -0.075 0.040800752631062455 0.06923211212568138
v -0.075 0.04341396421275379 0.0940951595098882
vt 0.84375 0.28125
vt 0.853515625 0.28125
vt 0.853515625 0.279296875
vt 0.84375 0.279296875
vt 0.90625 0.3125
vt 0.912109375 0.3125
vt 0.912109375 0.310546875
vt 0.90625 0.310546875
vt 0.75 0.15625
vt 0.759765625 0.15625
vt 0.759765625 0.154296875
vt 0.75 0.154296875
vt 0.71875 0.09375
vt 0.724609375 0.09375
vt 0.724609375 0.091796875
vt 0.71875 0.091796875
vt 0.634765625 0.197265625
vt 0.625 0.197265625
vt 0.625 0.203125
vt 0.634765625 0.203125
vt 0.806640625 0.375
vt 0.796875 0.375
vt 0.796875 0.369140625
vt 0.806640625 0.369140625
vn 0 -0.10452846326765346 -0.9945218953682733
vn 1 0 0
vn 0 0.10452846326765346 0.9945218953682733
vn -1 0 0
vn 0 0.9945218953682733 -0.10452846326765346
vn 0 -0.9945218953682733 0.10452846326765346
usemtl none
f 412/1228/307 415/1227/307 413/1226/307 410/1225/307
f 411/1232/308 412/1231/308 410/1230/308 409/1229/308
f 416/1236/309 411/1235/309 409/1234/309 414/1233/309
f 415/1240/310 416/1239/310 414/1238/310 413/1237/310
f 414/1244/311 409/1243/311 410/1242/311 413/1241/311
f 415/1248/312 412/1247/312 411/1246/312 416/1245/312
o cube
v -0.05312499999999999 0.047343165924825584 0.07168669015328438
v -0.05312499999999999 0.04407665144771141 0.04060788092302585
v -0.05312499999999999 0.04112740407877387 0.07233999304870722
v -0.05312499999999999 0.0378608896016597 0.041261183818448684
v -0.075 0.04407665144771141 0.04060788092302585
v -0.075 0.047343165924825584 0.07168669015328438
v -0.075 0.0378608896016597 0.041261183818448684
v -0.075 0.04112740407877387 0.07233999304870722
vt 0.90625 0.28125
vt 0.912109375 0.28125
vt 0.912109375 0.279296875
vt 0.90625 0.279296875
vt 0.875 0.71875
vt 0.8828125 0.71875
vt 0.8828125 0.716796875
vt 0.875 0.716796875
vt 0.75 0.09375
vt 0.755859375 0.09375
vt 0.755859375 0.091796875
vt 0.75 0.091796875
vt 0.875 0.6875
vt 0.8828125 0.6875
vt 0.8828125 0.685546875
vt 0.875 0.685546875
vt 0.662109375 0.1953125
vt 0.65625 0.1953125
vt 0.65625 0.203125
vt 0.662109375 0.203125
vt 0.818359375 1
vt 0.8125 1
vt 0.8125 0.9921875
vt 0.818359375 0.9921875
vn 0 -0.10452846326765346 -0.9945218953682733
vn 1 0 0
vn 0 0.10452846326765346 0.9945218953682733
vn -1 0 0
vn 0 0.9945218953682733 -0.10452846326765346
vn 0 -0.9945218953682733 0.10452846326765346
usemtl none
f 420/1252/313 423/1251/313 421/1250/313 418/1249/313
f 419/1256/314 420/1255/314 418/1254/314 417/1253/314
f 424/1260/315 419/1259/315 417/1258/315 422/1257/315
f 423/1264/316 424/1263/316 422/1262/316 421/1261/316
f 422/1268/317 417/1267/317 418/1266/317 421/1265/317
f 423/1272/318 420/1271/318 419/1270/318 424/1269/318
o cube
v -0.021874999999999995 0.04309669710457716 0.03128423815394829
v -0.021874999999999995 0.040483485522885825 0.006421190769741462
v -0.021874999999999995 0.03688093525852545 0.031937541049371125
v -0.021874999999999995 0.034267723676834116 0.007074493665164296
v -0.075 0.040483485522885825 0.006421190769741462
v -0.075 0.04309669710457716 0.03128423815394829
v -0.075 0.034267723676834116 0.007074493665164296
v -0.075 0.03688093525852545 0.031937541049371125
vt 0.21875 0.15625
vt 0.232421875 0.15625
vt 0.232421875 0.154296875
vt 0.21875 0.154296875
vt 0.90625 0.34375
vt 0.912109375 0.34375
vt 0.912109375 0.341796875
vt 0.90625 0.341796875
vt 0.84375 0.71875
vt 0.857421875 0.71875
vt 0.857421875 0.716796875
vt 0.84375 0.716796875
vt 0.6875 0.09375
vt 0.693359375 0.09375
vt 0.693359375 0.091796875
vt 0.6875 0.091796875
vt 0.201171875 0.212890625
vt 0.1875 0.212890625
vt 0.1875 0.21875
vt 0.201171875 0.21875
vt 0.232421875 0.21875
vt 0.21875 0.21875
vt 0.21875 0.212890625
vt 0.232421875 0.212890625
vn 0 -0.10452846326765346 -0.9945218953682733
vn 1 0 0
vn 0 0.10452846326765346 0.9945218953682733
vn -1 0 0
vn 0 0.9945218953682733 -0.10452846326765346
vn 0 -0.9945218953682733 0.10452846326765346
usemtl none
f 428/1276/319 431/1275/319 429/1274/319 426/1273/319
f 427/1280/320 428/1279/320 426/1278/320 425/1277/320
f 432/1284/321 427/1283/321 425/1282/321 430/1281/321
f 431/1288/322 432/1287/322 430/1286/322 429/1285/322
f 430/1292/323 425/1291/323 426/1290/323 429/1289/323
f 431/1296/324 428/1295/324 427/1294/324 432/1293/324
o cube
v -0.1 0.03983018262746299 0.00020542892368975024
v -0.1 0.03721697104577166 -0.024657618460517082
v -0.1 0.033614420781411275 0.0008587318191125848
v -0.1 0.031001209199719944 -0.024004315565094247
v -0.125 0.03721697104577166 -0.024657618460517082
v -0.125 0.03983018262746299 0.00020542892368975024
v -0.125 0.031001209199719944 -0.024004315565094247
v -0.125 0.033614420781411275 0.0008587318191125848
vt 0.90625 0.1875
vt 0.912109375 0.1875
vt 0.912109375 0.185546875
vt 0.90625 0.185546875
vt 0.84375 0.09375
vt 0.849609375 0.09375
vt 0.849609375 0.091796875
vt 0.84375 0.091796875
vt 0.90625 0.15625
vt 0.912109375 0.15625
vt 0.912109375 0.154296875
vt 0.90625 0.154296875
vt 0.875 0.09375
vt 0.880859375 0.09375
vt 0.880859375 0.091796875
vt 0.875 0.091796875
vt 0.380859375 0.166015625
vt 0.375 0.166015625
vt 0.375 0.171875
vt 0.380859375 0.171875
vt 0.412109375 0.171875
vt 0.40625 0.171875
vt 0.40625 0.166015625
vt 0.412109375 0.166015625
vn 0 -0.10452846326765346 -0.9945218953682733
vn 1 0 0
vn 0 0.10452846326765346 0.9945218953682733
vn -1 0 0
vn 0 0.9945218953682733 -0.10452846326765346
vn 0 -0.9945218953682733 0.10452846326765346
usemtl none
f 436/1300/325 439/1299/325 437/1298/325 434/1297/325
f 435/1304/326 436/1303/326 434/1302/326 433/1301/326
f 440/1308/327 435/1307/327 433/1306/327 438/1305/327
f 439/1312/328 440/1311/328 438/1310/328 437/1309/328
f 438/1316/329 433/1315/329 434/1314/329 437/1313/329
f 439/1320/330 436/1319/330 435/1318/330 440/1317/330
o cube
v -0.13124999999999998 0.03983018262746299 0.00020542892368975024
v -0.13124999999999998 0.03721697104577166 -0.024657618460517082
v -0.13124999999999998 0.033614420781411275 0.0008587318191125848
v -0.13124999999999998 0.031001209199719944 -0.024004315565094247
v -0.15625 0.03721697104577166 -0.024657618460517082
v -0.15625 0.03983018262746299 0.00020542892368975024
v -0.15625 0.031001209199719944 -0.024004315565094247
v -0.15625 0.033614420781411275 0.0008587318191125848
vt 0.921875 0.96875
vt 0.927734375 0.96875
vt 0.927734375 0.966796875
vt 0.921875 0.966796875
vt 0.0625 0.078125
vt 0.068359375 0.078125
vt 0.068359375 0.076171875
vt 0.0625 0.076171875
vt 0.921875 0.9375
vt 0.927734375 0.9375
vt 0.927734375 0.935546875
vt 0.921875 0.935546875
vt 0.09375 0.078125
vt 0.099609375 0.078125
vt 0.099609375 0.076171875
vt 0.09375 0.076171875
vt 0.833984375 0.556640625
vt 0.828125 0.556640625
vt 0.828125 0.5625
vt 0.833984375 0.5625
vt 0.833984375 0.53125
vt 0.828125 0.53125
vt 0.828125 0.525390625
vt 0.833984375 0.525390625
vn 0 -0.10452846326765346 -0.9945218953682733
vn 1 0 0
vn 0 0.10452846326765346 0.9945218953682733
vn -1 0 0
vn 0 0.9945218953682733 -0.10452846326765346
vn 0 -0.9945218953682733 0.10452846326765346
usemtl none
f 444/1324/331 447/1323/331 445/1322/331 442/1321/331
f 443/1328/332 444/1327/332 442/1326/332 441/1325/332
f 448/1332/333 443/1331/333 441/1330/333 446/1329/333
f 447/1336/334 448/1335/334 446/1334/334 445/1333/334
f 446/1340/335 441/1339/335 442/1338/335 445/1337/335
f 447/1344/336 444/1343/336 443/1342/336 448/1341/336
o cube
v -0.16249999999999998 0.03983018262746299 0.00020542892368975024
v -0.16249999999999998 0.03721697104577166 -0.024657618460517082
v -0.16249999999999998 0.033614420781411275 0.0008587318191125848
v -0.16249999999999998 0.031001209199719944 -0.024004315565094247
v -0.1875 0.03721697104577166 -0.024657618460517082
v -0.1875 0.03983018262746299 0.00020542892368975024
v -0.1875 0.031001209199719944 -0.024004315565094247
v -0.1875 0.033614420781411275 0.0008587318191125848
vt 0.28125 0.078125
vt 0.287109375 0.078125
vt 0.287109375 0.076171875
vt 0.28125 0.076171875
vt 0.3125 0.078125
vt 0.318359375 0.078125
vt 0.318359375 0.076171875
vt 0.3125 0.076171875
vt 0.34375 0.078125
vt 0.349609375 0.078125
vt 0.349609375 0.076171875
vt 0.34375 0.076171875
vt 0.375 0.078125
vt 0.380859375 0.078125
vt 0.380859375 0.076171875
vt 0.375 0.076171875
vt 0.833984375 0.431640625
vt 0.828125 0.431640625
vt 0.828125 0.4375
vt 0.833984375 0.4375
vt 0.833984375 0.40625
vt 0.828125 0.40625
vt 0.828125 0.400390625
vt 0.833984375 0.400390625
vn 0 -0.10452846326765346 -0.9945218953682733
vn 1 0 0
vn 0 0.10452846326765346 0.9945218953682733
vn -1 0 0
vn 0 0.9945218953682733 -0.10452846326765346
vn 0 -0.9945218953682733 0.10452846326765346
usemtl none
f 452/1348/337 455/1347/337 453/1346/337 450/1345/337
f 451/1352/338 452/1351/338 450/1350/338 449/1349/338
f 456/1356/339 451/1355/339 449/1354/339 454/1353/339
f 455/1360/340 456/1359/340 454/1358/340 453/1357/340
f 454/1364/341 449/1363/341 450/1362/341 453/1361/341
f 455/1368/342 452/1367/342 451/1366/342 456/1365/342
o cube
v -0.13124999999999998 0.04309669710457716 0.03128423815394829
v -0.13124999999999998 0.040483485522885825 0.006421190769741462
v -0.13124999999999998 0.03688093525852545 0.031937541049371125
v -0.13124999999999998 0.034267723676834116 0.007074493665164296
v -0.15625 0.040483485522885825 0.006421190769741462
v -0.15625 0.04309669710457716 0.03128423815394829
v -0.15625 0.034267723676834116 0.007074493665164296
v -0.15625 0.03688093525852545 0.031937541049371125
vt 0.921875 0.8125
vt 0.927734375 0.8125
vt 0.927734375 0.810546875
vt 0.921875 0.810546875
vt 0.921875 0.78125
vt 0.927734375 0.78125
vt 0.927734375 0.779296875
vt 0.921875 0.779296875
vt 0.25 0.078125
vt 0.255859375 0.078125
vt 0.255859375 0.076171875
vt 0.25 0.076171875
vt 0.921875 0.75
vt 0.927734375 0.75
vt 0.927734375 0.748046875
vt 0.921875 0.748046875
vt 0.833984375 0.494140625
vt 0.828125 0.494140625
vt 0.828125 0.5
vt 0.833984375 0.5
vt 0.833984375 0.46875
vt 0.828125 0.46875
vt 0.828125 0.462890625
vt 0.833984375 0.462890625
vn 0 -0.10452846326765346 -0.9945218953682733
vn 1 0 0
vn 0 0.10452846326765346 0.9945218953682733
vn -1 0 0
vn 0 0.9945218953682733 -0.10452846326765346
vn 0 -0.9945218953682733 0.10452846326765346
usemtl none
f 460/1372/343 463/1371/343 461/1370/343 458/1369/343
f 459/1376/344 460/1375/344 458/1374/344 457/1373/344
f 464/1380/345 459/1379/345 457/1378/345 462/1377/345
f 463/1384/346 464/1383/346 462/1382/346 461/1381/346
f 462/1388/347 457/1387/347 458/1386/347 461/1385/347
f 463/1392/348 460/1391/348 459/1390/348 464/1389/348
o cube
v 0.15000000000000002 0.04295518262746299 0.03145542892368975
v 0.15000000000000002 0.04034197104577166 0.006592381539482925
v 0.15000000000000002 0.03673942078141128 0.032108731819112585
v 0.15000000000000002 0.03412620919971995 0.0072456844349057595
v 0.125 0.04034197104577166 0.006592381539482925
v 0.125 0.04295518262746299 0.03145542892368975
v 0.125 0.03412620919971995 0.0072456844349057595
v 0.125 0.03673942078141128 0.032108731819112585
vt 0.3125 0.109375
vt 0.318359375 0.109375
vt 0.318359375 0.107421875
vt 0.3125 0.107421875
vt 0.34375 0.109375
vt 0.349609375 0.109375
vt 0.349609375 0.107421875
vt 0.34375 0.107421875
vt 0.375 0.109375
vt 0.380859375 0.109375
vt 0.380859375 0.107421875
vt 0.375 0.107421875
vt 0.40625 0.109375
vt 0.412109375 0.109375
vt 0.412109375 0.107421875
vt 0.40625 0.107421875
vt 0.787109375 0.181640625
vt 0.78125 0.181640625
vt 0.78125 0.1875
vt 0.787109375 0.1875
vt 0.818359375 0.21875
vt 0.8125 0.21875
vt 0.8125 0.212890625
vt 0.818359375 0.212890625
vn 0 -0.10452846326765346 -0.9945218953682733
vn 1 0 0
vn 0 0.10452846326765346 0.9945218953682733
vn -1 0 0
vn 0 0.9945218953682733 -0.10452846326765346
vn 0 -0.9945218953682733 0.10452846326765346
usemtl none
f 468/1396/349 471/1395/349 469/1394/349 466/1393/349
f 467/1400/350 468/1399/350 466/1398/350 465/1397/350
f 472/1404/351 467/1403/351 465/1402/351 470/1401/351
f 471/1408/352 472/1407/352 470/1406/352 469/1405/352
f 470/1412/353 465/1411/353 466/1410/353 469/1409/353
f 471/1416/354 468/1415/354 467/1414/354 472/1413/354
o cube
v 0.15625 0.046221697104577165 0.06253423815394829
v 0.15625 0.04360848552288583 0.037671190769741465
v 0.15625 0.04000593525852545 0.06318754104937113
v 0.15625 0.03739272367683412 0.0383244936651643
v 0.13124999999999998 0.04360848552288583 0.037671190769741465
v 0.13124999999999998 0.046221697104577165 0.06253423815394829
v 0.13124999999999998 0.03739272367683412 0.0383244936651643
v 0.13124999999999998 0.04000593525852545 0.06318754104937113
vt 0.890625 0.59375
vt 0.896484375 0.59375
vt 0.896484375 0.591796875
vt 0.890625 0.591796875
vt 0.4375 0.109375
vt 0.443359375 0.109375
vt 0.443359375 0.107421875
vt 0.4375 0.107421875
vt 0.890625 0.5625
vt 0.896484375 0.5625
vt 0.896484375 0.560546875
vt 0.890625 0.560546875
vt 0.890625 0.53125
vt 0.896484375 0.53125
vt 0.896484375 0.529296875
vt 0.890625 0.529296875
vt 0.818359375 0.181640625
vt 0.8125 0.181640625
vt 0.8125 0.1875
vt 0.818359375 0.1875
vt 0.005859375 0.171875
vt 0 0.171875
vt 0 0.166015625
vt 0.005859375 0.166015625
vn 0 -0.10452846326765346 -0.9945218953682733
vn 1 0 0
vn 0 0.10452846326765346 0.9945218953682733
vn -1 0 0
vn 0 0.9945218953682733 -0.10452846326765346
vn 0 -0.9945218953682733 0.10452846326765346
usemtl none
f 476/1420/355 479/1419/355 477/1418/355 474/1417/355
f 475/1424/356 476/1423/356 474/1422/356 473/1421/356
f 480/1428/357 475/1427/357 473/1426/357 478/1425/357
f 479/1432/358 480/1431/358 478/1430/358 477/1429/358
f 478/1436/359 473/1435/359 474/1434/359 477/1433/359
f 479/1440/360 476/1439/360 475/1438/360 480/1437/360
o cube
v 0.16875 0.04948821158169134 0.09361304738420684
v 0.16875 0.046875 0.06875
v 0.16875 0.04327244973563962 0.09426635027962967
v 0.16875 0.040659238153948285 0.06940330289542285
v 0.14375 0.046875 0.06875
v 0.14375 0.04948821158169134 0.09361304738420684
v 0.14375 0.040659238153948285 0.06940330289542285
v 0.14375 0.04327244973563962 0.09426635027962967
vt 0.890625 0.5
vt 0.896484375 0.5
vt 0.896484375 0.498046875
vt 0.890625 0.498046875
vt 0.890625 0.46875
vt 0.896484375 0.46875
vt 0.896484375 0.466796875
vt 0.890625 0.466796875
vt 0.890625 0.4375
vt 0.896484375 0.4375
vt 0.896484375 0.435546875
vt 0.890625 0.435546875
vt 0.890625 0.40625
vt 0.896484375 0.40625
vt 0.896484375 0.404296875
vt 0.890625 0.404296875
vt 0.037109375 0.166015625
vt 0.03125 0.166015625
vt 0.03125 0.171875
vt 0.037109375 0.171875
vt 0.068359375 0.171875
vt 0.0625 0.171875
vt 0.0625 0.166015625
vt 0.068359375 0.166015625
vn 0 -0.10452846326765346 -0.9945218953682733
vn 1 0 0
vn 0 0.10452846326765346 0.9945218953682733
vn -1 0 0
vn 0 0.9945218953682733 -0.10452846326765346
vn 0 -0.9945218953682733 0.10452846326765346
usemtl none
f 484/1444/361 487/1443/361 485/1442/361 482/1441/361
f 483/1448/362 484/1447/362 482/1446/362 481/1445/362
f 488/1452/363 483/1451/363 481/1450/363 486/1449/363
f 487/1456/364 488/1455/364 486/1454/364 485/1453/364
f 486/1460/365 481/1459/365 482/1458/365 485/1457/365
f 487/1464/366 484/1463/366 483/1462/366 488/1461/366
o cube
v 0.18125000000000002 0.03968866815034883 0.00037661969343120993
v 0.18125000000000002 0.03707545656865749 -0.02448642769077561
v 0.18125000000000002 0.03347290630429711 0.0010299225888540514
v 0.18125000000000002 0.030859694722605774 -0.023833124795352767
v 0.15625 0.03707545656865749 -0.02448642769077561
v 0.15625 0.03968866815034883 0.00037661969343120993
v 0.15625 0.030859694722605774 -0.023833124795352767
v 0.15625 0.03347290630429711 0.0010299225888540514
vt 0.90625 0.6875
vt 0.912109375 0.6875
vt 0.912109375 0.685546875
vt 0.90625 0.685546875
vt 0.90625 0.65625
vt 0.912109375 0.65625
vt 0.912109375 0.654296875
vt 0.90625 0.654296875
vt 0.90625 0.625
vt 0.912109375 0.625
vt 0.912109375 0.623046875
vt 0.90625 0.623046875
vt 0.46875 0.09375
vt 0.474609375 0.09375
vt 0.474609375 0.091796875
vt 0.46875 0.091796875
vt 0.318359375 0.166015625
vt 0.3125 0.166015625
vt 0.3125 0.171875
vt 0.318359375 0.171875
vt 0.349609375 0.171875
vt 0.34375 0.171875
vt 0.34375 0.166015625
vt 0.349609375 0.166015625
vn 0 -0.10452846326765346 -0.9945218953682733
vn 1 0 0
vn 0 0.10452846326765346 0.9945218953682733
vn -1 0 0
vn 0 0.9945218953682733 -0.10452846326765346
vn 0 -0.9945218953682733 0.10452846326765346
usemtl none
f 492/1468/367 495/1467/367 493/1466/367 490/1465/367
f 491/1472/368 492/1471/368 490/1470/368 489/1469/368
f 496/1476/369 491/1475/369 489/1474/369 494/1473/369
f 495/1480/370 496/1479/370 494/1478/370 493/1477/370
f 494/1484/371 489/1483/371 490/1482/371 493/1481/371
f 495/1488/372 492/1487/372 491/1486/372 496/1485/372
o cube
v -0.05 0.03983018262746299 0.00020542892368975024
v -0.05 0.03721697104577166 -0.024657618460517082
v -0.05 0.033614420781411275 0.0008587318191125848
v -0.05 0.031001209199719944 -0.024004315565094247
v -0.075 0.03721697104577166 -0.024657618460517082
v -0.075 0.03983018262746299 0.00020542892368975024
v -0.075 0.031001209199719944 -0.024004315565094247
v -0.075 0.033614420781411275 0.0008587318191125848
vt 0.90625 0.125
vt 0.912109375 0.125
vt 0.912109375 0.123046875
vt 0.90625 0.123046875
vt 0.90625 0.09375
vt 0.912109375 0.09375
vt 0.912109375 0.091796875
vt 0.90625 0.091796875
vt 0 0.078125
vt 0.005859375 0.078125
vt 0.005859375 0.076171875
vt 0 0.076171875
vt 0.03125 0.078125
vt 0.037109375 0.078125
vt 0.037109375 0.076171875
vt 0.03125 0.076171875
vt 0.833984375 0.587890625
vt 0.828125 0.587890625
vt 0.828125 0.59375
vt 0.833984375 0.59375
vt 0.443359375 0.171875
vt 0.4375 0.171875
vt 0.4375 0.166015625
vt 0.443359375 0.166015625
vn 0 -0.10452846326765346 -0.9945218953682733
vn 1 0 0
vn 0 0.10452846326765346 0.9945218953682733
vn -1 0 0
vn 0 0.9945218953682733 -0.10452846326765346
vn 0 -0.9945218953682733 0.10452846326765346
usemtl none
f 500/1492/373 503/1491/373 501/1490/373 498/1489/373
f 499/1496/374 500/1495/374 498/1494/374 497/1493/374
f 504/1500/375 499/1499/375 497/1498/375 502/1497/375
f 503/1504/376 504/1503/376 502/1502/376 501/1501/376
f 502/1508/377 497/1507/377 498/1506/377 501/1505/377
f 503/1512/378 500/1511/378 499/1510/378 504/1509/378
o cube
v -0.006249999999999999 0.04948821158169134 0.09361304738420684
v -0.006249999999999999 0.046875 0.06875
v -0.006249999999999999 0.04327244973563962 0.09426635027962967
v -0.006249999999999999 0.040659238153948285 0.06940330289542285
v -0.03125 0.046875 0.06875
v -0.03125 0.04948821158169134 0.09361304738420684
v -0.03125 0.040659238153948285 0.06940330289542285
v -0.03125 0.04327244973563962 0.09426635027962967
vt 0.625 0.109375
vt 0.630859375 0.109375
vt 0.630859375 0.107421875
vt 0.625 0.107421875
vt 0.890625 0.375
vt 0.896484375 0.375
vt 0.896484375 0.373046875
vt 0.890625 0.373046875
vt 0.65625 0.109375
vt 0.662109375 0.109375
vt 0.662109375 0.107421875
vt 0.65625 0.107421875
vt 0.90625 1
vt 0.912109375 1
vt 0.912109375 0.998046875
vt 0.90625 0.998046875
vt 0.099609375 0.166015625
vt 0.09375 0.166015625
vt 0.09375 0.171875
vt 0.099609375 0.171875
vt 0.833984375 0.8125
vt 0.828125 0.8125
vt 0.828125 0.806640625
vt 0.833984375 0.806640625
vn 0 -0.10452846326765346 -0.9945218953682733
vn 1 0 0
vn 0 0.10452846326765346 0.9945218953682733
vn -1 0 0
vn 0 0.9945218953682733 -0.10452846326765346
vn 0 -0.9945218953682733 0.10452846326765346
usemtl none
f 508/1516/379 511/1515/379 509/1514/379 506/1513/379
f 507/1520/380 508/1519/380 506/1518/380 505/1517/380
f 512/1524/381 507/1523/381 505/1522/381 510/1521/381
f 511/1528/382 512/1527/382 510/1526/382 509/1525/382
f 510/1532/383 505/1531/383 506/1530/383 509/1529/383
f 511/1536/384 508/1535/384 507/1534/384 512/1533/384
o cube
v -0.018750000000000003 0.046221697104577165 0.06253423815394829
v -0.018750000000000003 0.04393513697059725 0.04077907169276731
v -0.018750000000000003 0.04000593525852545 0.06318754104937113
v -0.018750000000000003 0.03771937512454553 0.04143237458819014
v -0.04375 0.04393513697059725 0.04077907169276731
v -0.04375 0.046221697104577165 0.06253423815394829
v -0.04375 0.03771937512454553 0.04143237458819014
v -0.04375 0.04000593525852545 0.06318754104937113
vt 0.90625 0.90625
vt 0.912109375 0.90625
vt 0.912109375 0.904296875
vt 0.90625 0.904296875
vt 0.125 0.09375
vt 0.130859375 0.09375
vt 0.130859375 0.091796875
vt 0.125 0.091796875
vt 0.90625 0.875
vt 0.912109375 0.875
vt 0.912109375 0.873046875
vt 0.90625 0.873046875
vt 0.15625 0.09375
vt 0.162109375 0.09375
vt 0.162109375 0.091796875
vt 0.15625 0.091796875
vt 0.833984375 0.775390625
vt 0.828125 0.775390625
vt 0.828125 0.78125
vt 0.833984375 0.78125
vt 0.255859375 0.171875
vt 0.25 0.171875
vt 0.25 0.166015625
vt 0.255859375 0.166015625
vn 0 -0.10452846326765346 -0.9945218953682733
vn 1 0 0
vn 0 0.10452846326765346 0.9945218953682733
vn -1 0 0
vn 0 0.9945218953682733 -0.10452846326765346
vn 0 -0.9945218953682733 0.10452846326765346
usemtl none
f 516/1540/385 519/1539/385 517/1538/385 514/1537/385
f 515/1544/386 516/1543/386 514/1542/386 513/1541/386
f 520/1548/387 515/1547/387 513/1546/387 518/1545/387
f 519/1552/388 520/1551/388 518/1550/388 517/1549/388
f 518/1556/389 513/1555/389 514/1554/389 517/1553/389
f 519/1560/390 516/1559/390 515/1558/390 520/1557/390
o cube
v 0.2 0.004512814715252687 0.2985558168805061
v 0.2 0.020508166037178286 0.16828413447758264
v 0.2 -0.001690598732505582 0.29779413348422396
v 0.2 0.014304752589420018 0.16752245108130046
v 0.19375000000000003 0.020508166037178286 0.16828413447758264
v 0.19375000000000003 0.004512814715252687 0.2985558168805061
v 0.19375000000000003 0.014304752589420018 0.16752245108130046
v 0.19375000000000003 -0.001690598732505582 0.29779413348422396
vt 0.921875 0.40625
vt 0.923828125 0.40625
vt 0.923828125 0.404296875
vt 0.921875 0.404296875
vt 0.78125 0.34375
vt 0.814453125 0.34375
vt 0.814453125 0.341796875
vt 0.78125 0.341796875
vt 0.625 0.078125
vt 0.626953125 0.078125
vt 0.626953125 0.076171875
vt 0.625 0.076171875
vt 0.6875 0.21875
vt 0.720703125 0.21875
vt 0.720703125 0.216796875
vt 0.6875 0.216796875
vt 0.595703125 0.185546875
vt 0.59375 0.185546875
vt 0.59375 0.21875
vt 0.595703125 0.21875
vt 0.783203125 0.3125
vt 0.78125 0.3125
vt 0.78125 0.279296875
vt 0.783203125 0.279296875
vn 0 0.12186934340514746 -0.992546151641322
vn 1 0 0
vn 0 -0.12186934340514746 0.992546151641322
vn -1 0 0
vn 0 0.992546151641322 0.12186934340514746
vn 0 -0.992546151641322 -0.12186934340514746
usemtl none
f 524/1564/391 527/1563/391 525/1562/391 522/1561/391
f 523/1568/392 524/1567/392 522/1566/392 521/1565/392
f 528/1572/393 523/1571/393 521/1570/393 526/1569/393
f 527/1576/394 528/1575/394 526/1574/394 525/1573/394
f 526/1580/395 521/1579/395 522/1578/395 525/1577/395
f 527/1584/396 524/1583/396 523/1582/396 528/1581/396
o cube
v 0.14671635673275074 0.004687500000000001 0.4991781213289781
v 0.19928897526920025 0.004687500000000001 0.3029744378640111
v 0.14671635673275074 -0.0015625000000000005 0.4991781213289781
v 0.19928897526920025 -0.0015625000000000005 0.3029744378640111
v 0.19325193885489358 0.004687500000000001 0.3013568188321204
v 0.14067932031844407 0.004687500000000001 0.49756050229708737
v 0.19325193885489358 -0.0015625000000000005 0.3013568188321204
v 0.14067932031844407 -0.0015625000000000005 0.49756050229708737
vt 0.921875 0.375
vt 0.923828125 0.375
vt 0.923828125 0.373046875
vt 0.921875 0.373046875
vt 0.765625 0.625
vt 0.81640625 0.625
vt 0.81640625 0.623046875
vt 0.765625 0.623046875
vt 0.65625 0.078125
vt 0.658203125 0.078125
vt 0.658203125 0.076171875
vt 0.65625 0.076171875
vt 0.40625 0.234375
vt 0.45703125 0.234375
vt 0.45703125 0.232421875
vt 0.40625 0.232421875
vt 0.767578125 0.48046875
vt 0.765625 0.48046875
vt 0.765625 0.53125
vt 0.767578125 0.53125
vt 0.767578125 0.453125
vt 0.765625 0.453125
vt 0.765625 0.40234375
vt 0.767578125 0.40234375
vn 0.25881904510252074 0 -0.9659258262890683
vn 0.9659258262890683 0 0.25881904510252074
vn -0.25881904510252074 0 0.9659258262890683
vn -0.9659258262890683 0 -0.25881904510252074
vn 0 1 0
vn 0 -1 0
usemtl none
f 532/1588/397 535/1587/397 533/1586/397 530/1585/397
f 531/1592/398 532/1591/398 530/1590/398 529/1589/398
f 536/1596/399 531/1595/399 529/1594/399 534/1593/399
f 535/1600/400 536/1599/400 534/1598/400 533/1597/400
f 534/1604/401 529/1603/401 530/1602/401 533/1601/401
f 535/1608/402 532/1607/402 531/1606/402 536/1605/402
o cube
v 0.30697798551964156 0.015625 0.051142366462435945
v 0.35784800965357233 0.015625 -0.09659491097495732
v 0.30697798551964156 0 0.051142366462435945
v 0.35784800965357233 0 -0.09659491097495732
v 0.34307428190983297 0.015625 -0.10168191338835038
v 0.29220425777590225 0.015625 0.04605536404904287
v 0.34307428190983297 0 -0.10168191338835038
v 0.29220425777590225 0 0.04605536404904287
vt 0.875 0.65625
vt 0.87890625 0.65625
vt 0.87890625 0.65234375
vt 0.875 0.65234375
vt 0 0.328125
vt 0.0390625 0.328125
vt 0.0390625 0.32421875
vt 0 0.32421875
vt 0.875 0.625
vt 0.87890625 0.625
vt 0.87890625 0.62109375
vt 0.875 0.62109375
vt 0.125 0.328125
vt 0.1640625 0.328125
vt 0.1640625 0.32421875
vt 0.125 0.32421875
vt 0.51953125 0.3046875
vt 0.515625 0.3046875
vt 0.515625 0.34375
vt 0.51953125 0.34375
vt 0.59765625 0.34375
vt 0.59375 0.34375
vt 0.59375 0.3046875
vt 0.59765625 0.3046875
vn 0.3255681544571567 0 -0.9455185755993168
vn 0.9455185755993168 0 0.3255681544571567
vn -0.3255681544571567 0 0.9455185755993168
vn -0.9455185755993168 0 -0.3255681544571567
vn 0 1 0
vn 0 -1 0
usemtl none
f 540/1612/403 543/1611/403 541/1610/403 538/1609/403
f 539/1616/404 540/1615/404 538/1614/404 537/1613/404
f 544/1620/405 539/1619/405 537/1618/405 542/1617/405
f 543/1624/406 544/1623/406 542/1622/406 541/1621/406
f 542/1628/407 537/1627/407 538/1626/407 541/1625/407
f 543/1632/408 540/1631/408 539/1630/408 544/1629/408
o cube
v -0.22202116335596903 0.01875 -0.16411828878040194
v -0.26182311390640967 0.01875 -0.26263157332812315
v -0.22202116335596903 0 -0.16411828878040194
v -0.26182311390640967 0 -0.26263157332812315
v -0.3313619029989187 0.01875 -0.23453607882192973
v -0.29155995244847804 0.01875 -0.13602279427420855
v -0.3313619029989187 0 -0.23453607882192973
v -0.29155995244847804 0 -0.13602279427420855
vt 0.78125 0.5625
vt 0.80078125 0.5625
vt 0.80078125 0.55859375
vt 0.78125 0.55859375
vt 0.265625 0.234375
vt 0.29296875 0.234375
vt 0.29296875 0.23046875
vt 0.265625 0.23046875
vt 0.484375 0.21875
vt 0.50390625 0.21875
vt 0.50390625 0.21484375
vt 0.484375 0.21484375
vt 0.765625 0.71875
vt 0.79296875 0.71875
vt 0.79296875 0.71484375
vt 0.765625 0.71484375
vt 0.48828125 0.39453125
vt 0.46875 0.39453125
vt 0.46875 0.421875
vt 0.48828125 0.421875
vt 0.53515625 0.421875
vt 0.515625 0.421875
vt 0.515625 0.39453125
vt 0.53515625 0.39453125
vn -0.374606593415912 0 -0.9271838545667874
vn 0.9271838545667874 0 -0.374606593415912
vn 0.374606593415912 0 0.9271838545667874
vn -0.9271838545667874 0 0.374606593415912
vn 0 1 0
vn 0 -1 0
usemtl none
f 548/1636/409 551/1635/409 549/1634/409 546/1633/409
f 547/1640/410 548/1639/410 546/1638/410 545/1637/410
f 552/1644/411 547/1643/411 545/1642/411 550/1641/411
f 551/1648/412 552/1647/412 550/1646/412 549/1645/412
f 550/1652/413 545/1651/413 546/1650/413 549/1649/413
f 551/1656/414 548/1655/414 547/1654/414 552/1653/414
o cube
v -0.22300323465086985 0.022153651781580068 -0.16372110420236605
v -0.2633156207523483 0.01990466280932921 -0.2620008888755532
v -0.22570424259821736 0.010027841409920968 -0.1623357237856826
v -0.2660166286996959 0.007778852437670112 -0.26061550845886966
v -0.2970522156961803 0.028976732542618233 -0.2483704188781483
v -0.25673982959470176 0.03122572151486909 -0.15009063420496124
v -0.2997532236435278 0.016850922170959133 -0.24698503846146486
v -0.2594408375420493 0.01909991114320999 -0.14870525378827776
vt 0.8125 0.90625
vt 0.822265625 0.90625
vt 0.822265625 0.90234375
vt 0.8125 0.90234375
vt 0.3125 0.234375
vt 0.33984375 0.234375
vt 0.33984375 0.23046875
vt 0.3125 0.23046875
vt 0.8125 0.875
vt 0.822265625 0.875
vt 0.822265625 0.87109375
vt 0.8125 0.87109375
vt 0.765625 0.6875
vt 0.79296875 0.6875
vt 0.79296875 0.68359375
vt 0.765625 0.68359375
vt 0.447265625 0.37890625
vt 0.4375 0.37890625
vt 0.4375 0.40625
vt 0.447265625 0.40625
vt 0.619140625 0.390625
vt 0.609375 0.390625
vt 0.609375 0.36328125
vt 0.619140625 0.36328125
vn -0.37941069271979766 -0.021166955032949256 -0.9249862086888194
vn 0.8996425318355188 -0.24192185955437406 -0.36347919993079547
vn 0.37941069271979766 0.021166955032949256 0.9249862086888194
vn -0.8996425318355188 0.24192185955437406 0.36347919993079547
vn 0.216080635787802 0.9700648297327281 -0.11083043333467768
vn -0.216080635787802 -0.9700648297327281 0.11083043333467768
usemtl none
f 556/1660/415 559/1659/415 557/1658/415 554/1657/415
f 555/1664/416 556/1663/416 554/1662/416 553/1661/416
f 560/1668/417 555/1667/417 553/1666/417 558/1665/417
f 559/1672/418 560/1671/418 558/1670/418 557/1669/418
f 558/1676/419 553/1675/419 554/1674/419 557/1673/419
f 559/1680/420 556/1679/420 555/1678/420 560/1677/420
o cube
v -0.25597519125661783 0.031176846317665853 -0.1504211952436856
v -0.29513934720137197 0.028960291040368142 -0.24916489515328827
v -0.25248531942568886 0.01922588125326737 -0.15153709337219698
v -0.291649475370443 0.017009325975969658 -0.25028079328179964
v -0.32838948531139833 0.017996355084047032 -0.23573096706021482
v -0.2892253293666442 0.020212910361344743 -0.13698726715061216
v -0.32489961348046936 0.006045390019648546 -0.2368468651887262
v -0.2857354575357152 0.008261945296946257 -0.13810316527912353
vt 0.8125 0.84375
vt 0.822265625 0.84375
vt 0.822265625 0.83984375
vt 0.8125 0.83984375
vt 0.765625 0.65625
vt 0.79296875 0.65625
vt 0.79296875 0.65234375
vt 0.765625 0.65234375
vt 0.1875 0.1875
vt 0.197265625 0.1875
vt 0.197265625 0.18359375
vt 0.1875 0.18359375
vt 0.359375 0.234375
vt 0.38671875 0.234375
vt 0.38671875 0.23046875
vt 0.359375 0.23046875
vt 0.009765625 0.34765625
vt 0 0.34765625
vt 0 0.375
vt 0.009765625 0.375
vt 0.041015625 0.375
vt 0.03125 0.375
vt 0.03125 0.34765625
vt 0.041015625 0.34765625
vn -0.36860382065650976 -0.020861696727507845 -0.9293524697374367
vn 0.8866703496007012 0.2923716255018957 -0.35823808248195754
vn 0.36860382065650976 0.020861696727507845 0.9293524697374367
vn -0.8866703496007012 -0.2923716255018957 0.35823808248195754
vn -0.2791897464743182 0.9560772051518793 0.0892718502809098
vn 0.2791897464743182 -0.9560772051518793 -0.0892718502809098
usemtl none
f 564/1684/421 567/1683/421 565/1682/421 562/1681/421
f 563/1688/422 564/1687/422 562/1686/422 561/1685/422
f 568/1692/423 563/1691/423 561/1690/423 566/1689/423
f 567/1696/424 568/1695/424 566/1694/424 565/1693/424
f 566/1700/425 561/1699/425 562/1698/425 565/1697/425
f 567/1704/426 564/1703/426 563/1702/426 568/1701/426
o cube
v -0.2574050451699765 0.0328125 -0.15993353576829364
v -0.26267295038988775 0.0328125 -0.17297205872313906
v -0.2574050451699765 0.025 -0.15993353576829364
v -0.26267295038988775 0.025 -0.17297205872313906
v -0.2670191247081695 0.0328125 -0.17121609031650198
v -0.26175121948825825 0.0328125 -0.15817756736165656
v -0.2670191247081695 0.025 -0.17121609031650198
v -0.26175121948825825 0.025 -0.15817756736165656
vt 0.1875 0.0625
vt 0.189453125 0.0625
vt 0.189453125 0.060546875
vt 0.1875 0.060546875
vt 0.921875 0.53125
vt 0.92578125 0.53125
vt 0.92578125 0.529296875
vt 0.921875 0.529296875
vt 0.21875 0.0625
vt 0.220703125 0.0625
vt 0.220703125 0.060546875
vt 0.21875 0.060546875
vt 0.921875 0.5
vt 0.92578125 0.5
vt 0.92578125 0.498046875
vt 0.921875 0.498046875
vt 0.923828125 0.46484375
vt 0.921875 0.46484375
vt 0.921875 0.46875
vt 0.923828125 0.46875
vt 0.923828125 0.4375
vt 0.921875 0.4375
vt 0.921875 0.43359375
vt 0.923828125 0.43359375
vn -0.374606593415912 0 -0.9271838545667874
vn 0.9271838545667874 0 -0.374606593415912
vn 0.374606593415912 0 0.9271838545667874
vn -0.9271838545667874 0 0.374606593415912
vn 0 1 0
vn 0 -1 0
usemtl none
f 572/1708/427 575/1707/427 573/1706/427 570/1705/427
f 571/1712/428 572/1711/428 570/1710/428 569/1709/428
f 576/1716/429 571/1715/429 569/1714/429 574/1713/429
f 575/1720/430 576/1719/430 574/1718/430 573/1717/430
f 574/1724/431 569/1723/431 570/1722/431 573/1721/431
f 575/1728/432 572/1727/432 571/1726/432 576/1725/432
o cube
v -0.2398453611036056 0.0078125 -0.11647179258547546
v -0.2538931083567023 0.0078125 -0.15124118713173
v -0.2398453611036056 0 -0.11647179258547546
v -0.2538931083567023 0 -0.15124118713173
v -0.2582392826749841 0.0078125 -0.1494852187250929
v -0.24419153542188737 0.0078125 -0.1147158241788384
v -0.2582392826749841 0 -0.1494852187250929
v -0.24419153542188737 0 -0.1147158241788384
vt 0.9375 1
vt 0.939453125 1
vt 0.939453125 0.998046875
vt 0.9375 0.998046875
vt 0.84375 0.25
vt 0.853515625 0.25
vt 0.853515625 0.248046875
vt 0.84375 0.248046875
vt 0.9375 0.90625
vt 0.939453125 0.90625
vt 0.939453125 0.904296875
vt 0.9375 0.904296875
vt 0.78125 0.15625
vt 0.791015625 0.15625
vt 0.791015625 0.154296875
vt 0.78125 0.154296875
vt 0.845703125 0.208984375
vt 0.84375 0.208984375
vt 0.84375 0.21875
vt 0.845703125 0.21875
vt 0.814453125 0.15625
vt 0.8125 0.15625
vt 0.8125 0.146484375
vt 0.814453125 0.146484375
vn -0.374606593415912 0 -0.9271838545667874
vn 0.9271838545667874 0 -0.374606593415912
vn 0.374606593415912 0 0.9271838545667874
vn -0.9271838545667874 0 0.374606593415912
vn 0 1 0
vn 0 -1 0
usemtl none
f 580/1732/433 583/1731/433 581/1730/433 578/1729/433
f 579/1736/434 580/1735/434 578/1734/434 577/1733/434
f 584/1740/435 579/1739/435 577/1738/435 582/1737/435
f 583/1744/436 584/1743/436 582/1742/436 581/1741/436
f 582/1748/437 577/1747/437 578/1746/437 581/1745/437
f 583/1752/438 580/1751/438 579/1750/438 584/1749/438
o cube
v -0.2488444620798236 0.0078125 -0.0805432156141887
v -0.23913874788847908 0.0078125 -0.11676543410002876
v -0.2488444620798236 0 -0.0805432156141887
v -0.23913874788847908 0 -0.11676543410002876
v -0.2436665251992091 0.0078125 -0.11797864837394684
v -0.25337223939055364 0.0078125 -0.08175642988810677
v -0.2436665251992091 0 -0.11797864837394684
v -0.25337223939055364 0 -0.08175642988810677
vt 0.125 0.0625
vt 0.126953125 0.0625
vt 0.126953125 0.060546875
vt 0.125 0.060546875
vt 0.84375 0.1875
vt 0.853515625 0.1875
vt 0.853515625 0.185546875
vt 0.84375 0.185546875
vt 0.9375 0.875
vt 0.939453125 0.875
vt 0.939453125 0.873046875
vt 0.9375 0.873046875
vt 0.84375 0.15625
vt 0.853515625 0.15625
vt 0.853515625 0.154296875
vt 0.84375 0.154296875
vt 0.001953125 0.130859375
vt 0 0.130859375
vt 0 0.140625
vt 0.001953125 0.140625
vt 0.033203125 0.140625
vt 0.03125 0.140625
vt 0.03125 0.130859375
vt 0.033203125 0.130859375
vn 0.25881904510252074 0 -0.9659258262890683
vn 0.9659258262890683 0 0.25881904510252074
vn -0.25881904510252074 0 0.9659258262890683
vn -0.9659258262890683 0 -0.25881904510252074
vn 0 1 0
vn 0 -1 0
usemtl none
f 588/1756/439 591/1755/439 589/1754/439 586/1753/439
f 587/1760/440 588/1759/440 586/1758/440 585/1757/440
f 592/1764/441 587/1763/441 585/1762/441 590/1761/441
f 591/1768/442 592/1767/442 590/1766/442 589/1765/442
f 590/1772/443 585/1771/443 586/1770/443 589/1769/443
f 591/1776/444 588/1775/444 587/1774/444 592/1773/444
o cube
v -0.21029612101631004 0.0078125 0.08727585362337625
v -0.2496625555264864 0.0078125 -0.08323890771403991
v -0.21029612101631004 0 0.08727585362337625
v -0.2496625555264864 0 -0.08323890771403991
v -0.25422991520516713 0.0078125 -0.08218444964680305
v -0.21486348069499078 0.0078125 0.08833031169061312
v -0.25422991520516713 0 -0.08218444964680305
v -0.21486348069499078 0 0.08833031169061312
vt 0.15625 0.0625
vt 0.158203125 0.0625
vt 0.158203125 0.060546875
vt 0.15625 0.060546875
vt 0.765625 0.59375
vt 0.80859375 0.59375
vt 0.80859375 0.591796875
vt 0.765625 0.591796875
vt 0.9375 0.84375
vt 0.939453125 0.84375
vt 0.939453125 0.841796875
vt 0.9375 0.841796875
vt 0.625 0.234375
vt 0.66796875 0.234375
vt 0.66796875 0.232421875
vt 0.625 0.232421875
vt 0.126953125 0.17578125
vt 0.125 0.17578125
vt 0.125 0.21875
vt 0.126953125 0.21875
vt 0.158203125 0.21875
vt 0.15625 0.21875
vt 0.15625 0.17578125
vt 0.158203125 0.17578125
vn -0.22495105434386498 0 -0.9743700647852352
vn 0.9743700647852352 0 -0.22495105434386498
vn 0.22495105434386498 0 0.9743700647852352
vn -0.9743700647852352 0 0.22495105434386498
vn 0 1 0
vn 0 -1 0
usemtl none
f 596/1780/445 599/1779/445 597/1778/445 594/1777/445
f 595/1784/446 596/1783/446 594/1782/446 593/1781/446
f 600/1788/447 595/1787/447 593/1786/447 598/1785/447
f 599/1792/448 600/1791/448 598/1790/448 597/1789/448
f 598/1796/449 593/1795/449 594/1794/449 597/1793/449
f 599/1800/450 596/1799/450 595/1798/450 600/1797/450
o cube
v 0.45826121746862597 0.038423024512167 -0.008649018974995336
v 0.45079887026702875 0.06823098312528478 -0.055764424922110686
v 0.45592972143883376 0.014571671807767519 -0.02336950556455475
v 0.44846737423723654 0.044379630420885295 -0.0704849115116701
v 0.3921548750441925 0.06823098312528478 -0.046476128560346996
v 0.39961722224578966 0.038423024512167 0.000639277386768361
v 0.3898233790144003 0.044379630420885295 -0.061196615149906416
v 0.39728572621599745 0.014571671807767517 -0.014081209202791059
vt 0.40625 0.265625
vt 0.421875 0.265625
vt 0.421875 0.2578125
vt 0.40625 0.2578125
vt 0.5625 0.25
vt 0.576171875 0.25
vt 0.576171875 0.2421875
vt 0.5625 0.2421875
vt 0.4375 0.265625
vt 0.453125 0.265625
vt 0.453125 0.2578125
vt 0.4375 0.2578125
vt 0.59375 0.25
vt 0.607421875 0.25
vt 0.607421875 0.2421875
vt 0.59375 0.2421875
vt 0.515625 0.361328125
vt 0.5 0.361328125
vt 0.5 0.375
vt 0.515625 0.375
vt 0.640625 0.484375
vt 0.625 0.484375
vt 0.625 0.470703125
vt 0.640625 0.470703125
vn -0.1326639502506167 0.5299192642332049 -0.8376072168376063
vn 0.9876883405951379 -2.7755575615628914e-17 -0.15643446504023079
vn 0.1326639502506167 -0.5299192642332049 0.8376072168376063
vn -0.9876883405951379 2.7755575615628914e-17 0.15643446504023079
vn 0.0828976366148341 0.8480480961564262 0.5233950787398904
vn -0.0828976366148341 -0.8480480961564262 -0.5233950787398904
usemtl none
f 604/1804/451 607/1803/451 605/1802/451 602/1801/451
f 603/1808/452 604/1807/452 602/1806/452 601/1805/452
f 608/1812/453 603/1811/453 601/1810/453 606/1809/453
f 607/1816/454 608/1815/454 606/1814/454 605/1813/454
f 606/1820/455 601/1819/455 602/1818/455 605/1817/455
f 607/1824/456 604/1823/456 603/1822/456 608/1821/456
o cube
v 0.46219075219226974 0.012523794778968242 -0.023146191495452304
v 0.4593259379578201 0.06570921296652948 -0.04123393960339336
v 0.45327020905184534 0.003506297722542632 -0.04824846792443743
v 0.4504053948173957 0.056691715910103864 -0.06633621603237848
v 0.40309789962011117 0.06906594262797003 -0.02245813880361031
v 0.4059627138545608 0.015880524440408793 -0.004370390695669258
v 0.39417735647968677 0.06004844557154441 -0.04756041523259544
v 0.3970421707141364 0.006863027383983179 -0.02947266712465438
vt 0.734375 0.375
vt 0.75 0.375
vt 0.75 0.3671875
vt 0.734375 0.3671875
vt 0.75 0.25
vt 0.763671875 0.25
vt 0.763671875 0.2421875
vt 0.75 0.2421875
vt 0.65625 0.265625
vt 0.671875 0.265625
vt 0.671875 0.2578125
vt 0.65625 0.2578125
vt 0 0.234375
vt 0.013671875 0.234375
vt 0.013671875 0.2265625
vt 0 0.2265625
vt 0.171875 0.345703125
vt 0.15625 0.345703125
vt 0.15625 0.359375
vt 0.171875 0.359375
vt 0.34375 0.359375
vt 0.328125 0.359375
vt 0.328125 0.345703125
vt 0.34375 0.345703125
vn -0.05093003083465988 0.9455185455566443 -0.32155996636339634
vn 0.9469985404245724 -0.056534394297946135 -0.3162240134700305
vn 0.05093003083465988 -0.9455185455566443 0.32155996636339634
vn -0.9469985404245724 0.056534394297946135 0.3162240134700305
vn 0.3171748672150904 0.32062211756179954 0.8925253841416934
vn -0.3171748672150904 -0.32062211756179954 -0.8925253841416934
usemtl none
f 612/1828/457 615/1827/457 613/1826/457 610/1825/457
f 611/1832/458 612/1831/458 610/1830/458 609/1829/458
f 616/1836/459 611/1835/459 609/1834/459 614/1833/459
f 615/1840/460 616/1839/460 614/1838/460 613/1837/460
f 614/1844/461 609/1843/461 610/1842/461 613/1841/461
f 615/1848/462 612/1847/462 611/1846/462 616/1845/462
o cube
v 0.43026432484935 0.03677176105316368 0.00779347453087674
v 0.4650452425284434 0.05747810436674794 -0.031265424736513156
v 0.44260722294469823 0.011609221516537451 0.005445050447460326
v 0.47738814062379165 0.03231556483012171 -0.03361384881992957
v 0.4263340937375135 0.04245000816051345 -0.07370354331760297
v 0.3915531760584201 0.021743664846929193 -0.03464464405021307
v 0.43867699183286174 0.01728746862388721 -0.07605196740101938
v 0.4038960741537683 -0.0034188746896970483 -0.036993068133629486
vt 0.46875 0.265625
vt 0.484375 0.265625
vt 0.484375 0.2578125
vt 0.46875 0.2578125
vt 0.6875 0.25
vt 0.701171875 0.25
vt 0.701171875 0.2421875
vt 0.6875 0.2421875
vt 0.625 0.265625
vt 0.640625 0.265625
vt 0.640625 0.2578125
vt 0.625 0.2578125
vt 0.71875 0.25
vt 0.732421875 0.25
vt 0.732421875 0.2421875
vt 0.71875 0.2421875
vt 0.546875 0.361328125
vt 0.53125 0.361328125
vt 0.53125 0.375
vt 0.546875 0.375
vt 0.140625 0.359375
vt 0.125 0.359375
vt 0.125 0.345703125
vt 0.140625 0.345703125
vn 0.6183274254061051 0.36811277001927567 -0.694380431420265
vn 0.6519772427946094 0.2531047782102653 0.7147472603130922
vn -0.6183274254061051 -0.36811277001927567 0.694380431420265
vn -0.6519772427946094 -0.2531047782102653 -0.7147472603130922
vn -0.4388585989457152 0.8946680724133775 0.08349952296591692
vn 0.4388585989457152 -0.8946680724133775 -0.08349952296591692
usemtl none
f 620/1852/463 623/1851/463 621/1850/463 618/1849/463
f 619/1856/464 620/1855/464 618/1854/464 617/1853/464
f 624/1860/465 619/1859/465 617/1858/465 622/1857/465
f 623/1864/466 624/1863/466 622/1862/466 621/1861/466
f 622/1868/467 617/1867/467 618/1866/467 621/1865/467
f 623/1872/468 620/1871/468 619/1870/468 624/1869/468
o cube
v -0.16048878253137405 0.03842302451216699 0.32885098102500465
v -0.16795112973297127 0.06823098312528478 0.2817355750778893
v -0.16282027856116627 0.014571671807767509 0.3141304944354453
v -0.17028262576276348 0.044379630420885295 0.2670150884883299
v -0.22659512495580758 0.06823098312528478 0.291023871439653
v -0.2191327777542104 0.03842302451216699 0.3381392773867684
v -0.2289266209855998 0.044379630420885295 0.2763033848500936
v -0.2214642737840026 0.014571671807767507 0.323418790797209
vt 0.140625 0.25
vt 0.15625 0.25
vt 0.15625 0.2421875
vt 0.140625 0.2421875
vt 0.03125 0.234375
vt 0.044921875 0.234375
vt 0.044921875 0.2265625
vt 0.03125 0.2265625
vt 0.171875 0.25
vt 0.1875 0.25
vt 0.1875 0.2421875
vt 0.171875 0.2421875
vt 0.0625 0.234375
vt 0.076171875 0.234375
vt 0.076171875 0.2265625
vt 0.0625 0.2265625
vt 0.453125 0.345703125
vt 0.4375 0.345703125
vt 0.4375 0.359375
vt 0.453125 0.359375
vt 0.65625 0.5625
vt 0.640625 0.5625
vt 0.640625 0.548828125
vt 0.65625 0.548828125
vn -0.1326639502506167 0.5299192642332049 -0.8376072168376063
vn 0.9876883405951379 -2.7755575615628914e-17 -0.15643446504023079
vn 0.1326639502506167 -0.5299192642332049 0.8376072168376063
vn -0.9876883405951379 2.7755575615628914e-17 0.15643446504023079
vn 0.0828976366148341 0.8480480961564262 0.5233950787398904
vn -0.0828976366148341 -0.8480480961564262 -0.5233950787398904
usemtl none
f 628/1876/469 631/1875/469 629/1874/469 626/1873/469
f 627/1880/470 628/1879/470 626/1878/470 625/1877/470
f 632/1884/471 627/1883/471 625/1882/471 630/1881/471
f 631/1888/472 632/1887/472 630/1886/472 629/1885/472
f 630/1892/473 625/1891/473 626/1890/473 629/1889/473
f 631/1896/474 628/1895/474 627/1894/474 632/1893/474
o cube
v -0.1884856751506499 0.03677176105316371 0.3452934745308768
v -0.15370475747155649 0.05747810436674798 0.30623457526348685
v -0.17614277705530168 0.011609221516537475 0.3429450504474604
v -0.14136185937620824 0.03231556483012174 0.30388615118007045
v -0.19241590626248645 0.04245000816051346 0.26379645668239704
v -0.22719682394157986 0.0217436648469292 0.30285535594978696
v -0.1800730081671382 0.01728746862388723 0.26144803259898064
v -0.21485392584623164 -0.003418874689697038 0.3005069318663705
vt 0.203125 0.25
vt 0.21875 0.25
vt 0.21875 0.2421875
vt 0.203125 0.2421875
vt 0.09375 0.234375
vt 0.107421875 0.234375
vt 0.107421875 0.2265625
vt 0.09375 0.2265625
vt 0.234375 0.25
vt 0.25 0.25
vt 0.25 0.2421875
vt 0.234375 0.2421875
vt 0.765625 0.8125
vt 0.779296875 0.8125
vt 0.779296875 0.8046875
vt 0.765625 0.8046875
vt 0.578125 0.345703125
vt 0.5625 0.345703125
vt 0.5625 0.359375
vt 0.578125 0.359375
vt 0.65625 0.421875
vt 0.640625 0.421875
vt 0.640625 0.408203125
vt 0.65625 0.408203125
vn 0.6183274254061051 0.36811277001927567 -0.694380431420265
vn 0.6519772427946094 0.2531047782102653 0.7147472603130922
vn -0.6183274254061051 -0.36811277001927567 0.694380431420265
vn -0.6519772427946094 -0.2531047782102653 -0.7147472603130922
vn -0.4388585989457152 0.8946680724133775 0.08349952296591692
vn 0.4388585989457152 -0.8946680724133775 -0.08349952296591692
usemtl none
f 636/1900/475 639/1899/475 637/1898/475 634/1897/475
f 635/1904/476 636/1903/476 634/1902/476 633/1901/476
f 640/1908/477 635/1907/477 633/1906/477 638/1905/477
f 639/1912/478 640/1911/478 638/1910/478 637/1909/478
f 638/1916/479 633/1915/479 634/1914/479 637/1913/479
f 639/1920/480 636/1919/480 635/1918/480 640/1917/480
o cube
v -0.1565592478077302 0.012523794778968263 0.31435380850454775
v -0.15942406204217982 0.06570921296652951 0.2962660603966067
v -0.16547979094815463 0.003506297722542656 0.2892515320755626
v -0.16834460518260425 0.056691715910103906 0.27116378396762153
v -0.21565210037988883 0.06906594262797008 0.3150418611963897
v -0.2127872861454392 0.01588052444040882 0.3331296093043308
v -0.22457264352031323 0.06004844557154446 0.2899395847674046
v -0.2217078292858636 0.006863027383983207 0.30802733287534567
vt 0.5 0.25
vt 0.515625 0.25
vt 0.515625 0.2421875
vt 0.5 0.2421875
vt 0.765625 0.78125
vt 0.779296875 0.78125
vt 0.779296875 0.7734375
vt 0.765625 0.7734375
vt 0.53125 0.25
vt 0.546875 0.25
vt 0.546875 0.2421875
vt 0.53125 0.2421875
vt 0.765625 0.75
vt 0.779296875 0.75
vt 0.779296875 0.7421875
vt 0.765625 0.7421875
vt 0.65625 0.376953125
vt 0.640625 0.376953125
vt 0.640625 0.390625
vt 0.65625 0.390625
vt 0.65625 0.359375
vt 0.640625 0.359375
vt 0.640625 0.345703125
vt 0.65625 0.345703125
vn -0.05093003083465988 0.9455185455566443 -0.32155996636339634
vn 0.9469985404245724 -0.056534394297946135 -0.3162240134700305
vn 0.05093003083465988 -0.9455185455566443 0.32155996636339634
vn -0.9469985404245724 0.056534394297946135 0.3162240134700305
vn 0.3171748672150904 0.32062211756179954 0.8925253841416934
vn -0.3171748672150904 -0.32062211756179954 -0.8925253841416934
usemtl none
f 644/1924/481 647/1923/481 645/1922/481 642/1921/481
f 643/1928/482 644/1927/482 642/1926/482 641/1925/482
f 648/1932/483 643/1931/483 641/1930/483 646/1929/483
f 647/1936/484 648/1935/484 646/1934/484 645/1933/484
f 646/1940/485 641/1939/485 642/1938/485 645/1937/485
f 647/1944/486 644/1943/486 643/1942/486 648/1941/486