# Made in Blockbench 5.1.6
mtllib stairs.mtl

o cube
v 0.3812499999999981 2.4390624999999995 -0.2375000000000005
v 0.43124999999999736 2.4390624999999995 -0.2375000000000005
v 0.3812499999999981 0.001562499999999467 -0.2375000000000005
v 0.43124999999999736 0.001562499999999467 -0.2375000000000005
v 0.43124999999999736 2.4390624999999995 -0.28749999999999964
v 0.3812499999999981 2.4390624999999995 -0.28749999999999964
v 0.43124999999999736 0.001562499999999467 -0.28749999999999964
v 0.3812499999999981 0.001562499999999467 -0.28749999999999964
vt 0.09062500000000001 0.971875
vt 0.1031249999999998 0.971875
vt 0.1031249999999998 0.36250000000000004
vt 0.09062500000000001 0.36250000000000004
vt 0.13437500000000013 0.971875
vt 0.14687499999999995 0.971875
vt 0.14687499999999995 0.36250000000000004
vt 0.13437500000000013 0.36250000000000004
vt 0.0234375 0.971875
vt 0.03593749999999979 0.971875
vt 0.03593749999999979 0.36250000000000004
vt 0.0234375 0.36250000000000004
vt 0.1625 0.971875
vt 0.17499999999999982 0.971875
vt 0.17499999999999982 0.36250000000000004
vt 0.1625 0.36250000000000004
vt 0.0234375 0.8375
vt 0.03593749999999979 0.8375
vt 0.03593749999999979 0.8250000000000002
vt 0.0234375 0.8250000000000002
vt 0.0234375 0.8656249999999999
vt 0.03593749999999979 0.8656249999999999
vt 0.03593749999999979 0.853125
vt 0.0234375 0.853125
vn 1 0 -2.220446049250313e-16
vn 2.220446049250313e-16 0 1
vn -1 0 2.220446049250313e-16
vn -2.220446049250313e-16 0 -1
vn 0 1 0
vn 0 -1 0
usemtl none
f 4/4/1 7/3/1 5/2/1 2/1/1
f 3/8/2 4/7/2 2/6/2 1/5/2
f 8/12/3 3/11/3 1/10/3 6/9/3
f 7/16/4 8/15/4 6/14/4 5/13/4
f 6/20/5 1/19/5 2/18/5 5/17/5
f 7/24/6 4/23/6 3/22/6 8/21/6
o cube
v -0.8187499999999996 2.5015624999999995 -0.23750000000000018
v 0.818749999999999 2.5015624999999995 -0.23750000000000054
v -0.8187499999999996 2.4390624999999995 -0.23750000000000018
v 0.818749999999999 2.4390624999999995 -0.23750000000000054
v 0.818749999999999 2.5015624999999995 -0.2875000000000007
v -0.8187499999999996 2.5015624999999995 -0.2875000000000003
v 0.818749999999999 2.4390624999999995 -0.2875000000000007
v -0.8187499999999996 2.4390624999999995 -0.2875000000000003
vt 0.09062500000000001 0.9875
vt 0.10312500000000005 0.9875
vt 0.10312500000000005 0.971875
vt 0.09062500000000001 0.971875
vt 0.09375 0.9875
vt 0.5031249999999996 0.9875
vt 0.5031249999999996 0.971875
vt 0.09375 0.971875
vt 0.0234375 0.9875
vt 0.03593750000000003 0.9875
vt 0.03593750000000003 0.971875
vt 0.0234375 0.971875
vt 0 0.9875
vt 0.4093749999999996 0.9875
vt 0.4093749999999996 0.971875
vt 0 0.971875
vt 0.0234375 1
vt 0.03593750000000003 1
vt 0.03593750000000003 0.5906250000000004
vt 0.0234375 0.5906250000000004
vt 0.0234375 0.90625
vt 0.03593750000000003 0.90625
vt 0.03593750000000003 0.4968750000000004
vt 0.0234375 0.4968750000000004
vn 1 0 -2.220446049250313e-16
vn 2.220446049250313e-16 0 1
vn -1 0 2.220446049250313e-16
vn -2.220446049250313e-16 0 -1
vn 0 1 0
vn 0 -1 0
usemtl none
f 12/28/7 15/27/7 13/26/7 10/25/7
f 11/32/8 12/31/8 10/30/8 9/29/8
f 16/36/9 11/35/9 9/34/9 14/33/9
f 15/40/10 16/39/10 14/38/10 13/37/10
f 14/44/11 9/43/11 10/42/11 13/41/11
f 15/48/12 12/47/12 11/46/12 16/45/12
o cube
v 0.7562500000000001 2.239062499868293 -0.2375000003951269
v 0.7562500000000003 2.4390624998682915 -0.23750000460981174
v 0.8187500000000001 2.2390624998682926 -0.2375000003951269
v 0.8187500000000003 2.4390624998682915 -0.23750000460981174
v 0.7562500000000003 2.43906249881462 -0.2875000046098118
v 0.7562500000000001 2.2390624988146217 -0.2875000003951269
v 0.8187500000000003 2.43906249881462 -0.2875000046098118
v 0.8187500000000001 2.2390624988146217 -0.2875000003951269
vt 0.09062500000000001 0.9875
vt 0.10312500000000008 0.9875
vt 0.10312500000000008 0.971875
vt 0.09062500000000001 0.971875
vt 0.140625 0.9875
vt 0.1906249999999997 0.9875
vt 0.1906249999999997 0.971875
vt 0.140625 0.971875
vt 0.0234375 0.9875
vt 0.03593750000000007 0.9875
vt 0.03593750000000007 0.971875
vt 0.0234375 0.971875
vt 0.17500000000000004 0.9875
vt 0.22499999999999976 0.9875
vt 0.22499999999999976 0.971875
vt 0.17500000000000004 0.971875
vt 0.0234375 0.825
vt 0.03593750000000007 0.825
vt 0.03593750000000007 0.7750000000000002
vt 0.0234375 0.7750000000000002
vt 0.0234375 0.859375
vt 0.03593750000000007 0.859375
vt 0.03593750000000007 0.8093750000000003
vt 0.0234375 0.8093750000000003
vn 8.88178418530315e-16 0.9999999999999998 -2.1073424449902234e-8
vn 5.551116994821854e-17 2.107342433887993e-8 0.9999999999999998
vn -8.88178418530315e-16 -0.9999999999999998 2.1073424449902234e-8
vn -5.551116994821854e-17 -2.107342433887993e-8 -0.9999999999999998
vn -1 8.326672684688672e-16 -1.7547150773985138e-23
vn 1 -8.326672684688672e-16 1.7547150773985138e-23
usemtl none
f 20/52/13 23/51/13 21/50/13 18/49/13
f 19/56/14 20/55/14 18/54/14 17/53/14
f 24/60/15 19/59/15 17/58/15 22/57/15
f 23/64/16 24/63/16 22/62/16 21/61/16
f 22/68/17 17/67/17 18/66/17 21/65/17
f 23/72/18 20/71/18 19/70/18 24/69/18
o cube
v -0.8187499999999998 2.239062499868293 -0.237500000395127
v -0.8187499999999995 2.4390624998682915 -0.23750000460981185
v -0.7562499999999998 2.2390624998682926 -0.237500000395127
v -0.7562499999999995 2.4390624998682915 -0.23750000460981185
v -0.8187499999999995 2.43906249881462 -0.2875000046098121
v -0.8187499999999998 2.2390624988146217 -0.28750000039512724
v -0.7562499999999995 2.43906249881462 -0.2875000046098121
v -0.7562499999999998 2.2390624988146217 -0.28750000039512724
vt 0.09062500000000001 0.9875
vt 0.10312500000000008 0.9875
vt 0.10312500000000008 0.971875
vt 0.09062500000000001 0.971875
vt 0.140625 0.9875
vt 0.1906249999999997 0.9875
vt 0.1906249999999997 0.971875
vt 0.140625 0.971875
vt 0.0234375 0.9875
vt 0.03593750000000007 0.9875
vt 0.03593750000000007 0.971875
vt 0.0234375 0.971875
vt 0.17500000000000004 0.9875
vt 0.22499999999999976 0.9875
vt 0.22499999999999976 0.971875
vt 0.17500000000000004 0.971875
vt 0.0234375 0.825
vt 0.03593750000000007 0.825
vt 0.03593750000000007 0.7750000000000002
vt 0.0234375 0.7750000000000002
vt 0.0234375 0.859375
vt 0.03593750000000007 0.859375
vt 0.03593750000000007 0.8093750000000003
vt 0.0234375 0.8093750000000003
vn 8.88178418530315e-16 0.9999999999999998 -2.1073424449902234e-8
vn 5.551116994821854e-17 2.107342433887993e-8 0.9999999999999998
vn -8.88178418530315e-16 -0.9999999999999998 2.1073424449902234e-8
vn -5.551116994821854e-17 -2.107342433887993e-8 -0.9999999999999998
vn -1 8.326672684688672e-16 -1.7547150773985138e-23
vn 1 -8.326672684688672e-16 1.7547150773985138e-23
usemtl none
f 28/76/19 31/75/19 29/74/19 26/73/19
f 27/80/20 28/79/20 26/78/20 25/77/20
f 32/84/21 27/83/21 25/82/21 30/81/21
f 31/88/22 32/87/22 30/86/22 29/85/22
f 30/92/23 25/91/23 26/90/23 29/89/23
f 31/96/24 28/95/24 27/94/24 32/93/24
o cube
v 0.39238655570883946 2.0160199413556317 -0.23749998919987025
v 0.7814837767461096 2.2884687486223774 -0.2375000092196235
v 0.42823508298077984 1.9648229385875697 -0.23749998919987025
v 0.81733230401805 2.2372717458543154 -0.2375000092196235
v 0.7814837750198758 2.2884687474136554 -0.2875000092196237
v 0.3923865539826056 2.0160199401469097 -0.28749998919987046
v 0.8173323022918161 2.2372717446455934 -0.2875000092196237
v 0.4282350812545459 1.9648229373788477 -0.28749998919987046
vt 0.09062500000000001 0.9875
vt 0.10312500000000008 0.9875
vt 0.10312500000000008 0.971875
vt 0.09062500000000001 0.971875
vt 0.071875 0.9875
vt 0.1906249999999997 0.9875
vt 0.1906249999999997 0.971875
vt 0.071875 0.971875
vt 0.0234375 0.9875
vt 0.03593750000000007 0.9875
vt 0.03593750000000007 0.971875
vt 0.0234375 0.971875
vt 0.17500000000000004 0.9875
vt 0.29374999999999973 0.9875
vt 0.29374999999999973 0.971875
vt 0.17500000000000004 0.971875
vt 0.0234375 0.825
vt 0.03593750000000007 0.825
vt 0.03593750000000007 0.7062500000000003
vt 0.0234375 0.7062500000000003
vt 0.0234375 0.928125
vt 0.03593750000000007 0.928125
vt 0.03593750000000007 0.8093750000000003
vt 0.0234375 0.8093750000000003
vn 0.8191520442889917 0.5735764363510447 -4.214684884691867e-8
vn 3.4524677436614104e-8 2.417443939537582e-8 0.9999999999999991
vn -0.8191520442889917 -0.5735764363510447 4.214684884691867e-8
vn -3.4524677436614104e-8 -2.417443939537582e-8 -0.9999999999999991
vn -0.5735764363510453 0.8191520442889924 9.928965868084724e-17
vn 0.5735764363510453 -0.8191520442889924 -9.928965868084724e-17
usemtl none
f 36/100/25 39/99/25 37/98/25 34/97/25
f 35/104/26 36/103/26 34/102/26 33/101/26
f 40/108/27 35/107/27 33/106/27 38/105/27
f 39/112/28 40/111/28 38/110/28 37/109/28
f 38/116/29 33/115/29 34/114/29 37/113/29
f 39/120/30 36/119/30 35/118/30 40/117/30
o cube
v -0.39238655398260436 2.0160199401469097 -0.28749998919987046
v -0.7814837750198745 2.2884687474136554 -0.2875000092196237
v -0.4282350812545447 1.9648229373788477 -0.28749998919987046
v -0.8173323022918149 2.2372717446455934 -0.2875000092196237
v -0.7814837767461085 2.2884687486223774 -0.2375000092196235
v -0.39238655570883824 2.0160199413556317 -0.23749998919987025
v -0.8173323040180487 2.2372717458543154 -0.2375000092196235
v -0.4282350829807786 1.9648229385875697 -0.23749998919987025
vt 0.10312500000000008 0.9875
vt 0.09062500000000001 0.9875
vt 0.09062500000000001 0.971875
vt 0.10312500000000008 0.971875
vt 0.29374999999999973 0.9875
vt 0.17500000000000004 0.9875
vt 0.17500000000000004 0.971875
vt 0.29374999999999973 0.971875
vt 0.03593750000000007 0.9875
vt 0.0234375 0.9875
vt 0.0234375 0.971875
vt 0.03593750000000007 0.971875
vt 0.1906249999999997 0.9875
vt 0.071875 0.9875
vt 0.071875 0.971875
vt 0.1906249999999997 0.971875
vt 0.03593750000000007 0.825
vt 0.0234375 0.825
vt 0.0234375 0.7062500000000003
vt 0.03593750000000007 0.7062500000000003
vt 0.03593750000000007 0.928125
vt 0.0234375 0.928125
vt 0.0234375 0.8093750000000003
vt 0.03593750000000007 0.8093750000000003
vn -0.8191520442889917 0.5735764363510447 -4.214684884691867e-8
vn 3.4524677436614104e-8 -2.417443939537582e-8 -0.9999999999999991
vn 0.8191520442889917 -0.5735764363510447 4.214684884691867e-8
vn -3.4524677436614104e-8 2.417443939537582e-8 0.9999999999999991
vn 0.5735764363510453 0.8191520442889924 9.928965868084724e-17
vn -0.5735764363510453 -0.8191520442889924 -9.928965868084724e-17
usemtl none
f 44/124/31 47/123/31 45/122/31 42/121/31
f 43/128/32 44/127/32 42/126/32 41/125/32
f 48/132/33 43/131/33 41/130/33 46/129/33
f 47/136/34 48/135/34 46/134/34 45/133/34
f 46/140/35 41/139/35 42/138/35 45/137/35
f 47/144/36 44/143/36 43/142/36 48/141/36
o cube
v -0.43124999999999997 2.5015624999999995 -0.23750000000000096
v -0.43124999999999986 2.5015624999999995 0.4874999999999998
v -0.43124999999999997 2.4390624999999995 -0.23750000000000096
v -0.43124999999999986 2.4390624999999995 0.4874999999999998
v -0.3812499999999999 2.5015624999999995 0.4874999999999998
v -0.38125000000000003 2.5015624999999995 -0.23750000000000096
v -0.3812499999999999 2.4390624999999995 0.4874999999999998
v -0.38125000000000003 2.4390624999999995 -0.23750000000000096
vt 0.09062500000000001 0.9875
vt 0.103125 0.9875
vt 0.103125 0.971875
vt 0.09062500000000001 0.971875
vt 0 0.9875
vt 0.1812500000000002 0.9875
vt 0.1812500000000002 0.971875
vt 0 0.971875
vt 0.0234375 0.9875
vt 0.03593749999999998 0.9875
vt 0.03593749999999998 0.971875
vt 0.0234375 0.971875
vt 0.18437499999999968 0.9875
vt 0.36562499999999987 0.9875
vt 0.36562499999999987 0.971875
vt 0.18437499999999968 0.971875
vt 0.0234375 0.8156250000000003
vt 0.03593749999999998 0.8156250000000003
vt 0.03593749999999998 0.6343750000000001
vt 0.0234375 0.6343750000000001
vt 0.0234375 1
vt 0.03593749999999998 1
vt 0.03593749999999998 0.8187499999999999
vt 0.0234375 0.8187499999999999
vn 1.2246467991473532e-16 0 1
vn -1 0 1.2246467991473532e-16
vn -1.2246467991473532e-16 0 -1
vn 1 0 -1.2246467991473532e-16
vn 0 1 0
vn 0 -1 0
usemtl none
f 52/148/37 55/147/37 53/146/37 50/145/37
f 51/152/38 52/151/38 50/150/38 49/149/38
f 56/156/39 51/155/39 49/154/39 54/153/39
f 55/160/40 56/159/40 54/158/40 53/157/40
f 54/164/41 49/163/41 50/162/41 53/161/41
f 55/168/42 52/167/42 51/166/42 56/165/42
o cube
v 0.38125000000000026 2.3203124999999987 -0.23750000000000096
v 0.38125000000000037 2.3203124999999987 0.4874999999999998
v 0.38125000000000026 2.2578124999999987 -0.23750000000000096
v 0.38125000000000037 2.2578124999999987 0.4874999999999998
v 0.4312500000000005 2.3203124999999987 0.4874999999999998
v 0.4312500000000004 2.3203124999999987 -0.23750000000000096
v 0.4312500000000005 2.2578124999999987 0.4874999999999998
v 0.4312500000000004 2.2578124999999987 -0.23750000000000096
vt 0.09062500000000001 0.9875
vt 0.10312500000000005 0.9875
vt 0.10312500000000005 0.971875
vt 0.09062500000000001 0.971875
vt 0 0.9875
vt 0.1812500000000002 0.9875
vt 0.1812500000000002 0.971875
vt 0 0.971875
vt 0.0234375 0.9875
vt 0.03593750000000004 0.9875
vt 0.03593750000000004 0.971875
vt 0.0234375 0.971875
vt 0.18437499999999968 0.9875
vt 0.36562499999999987 0.9875
vt 0.36562499999999987 0.971875
vt 0.18437499999999968 0.971875
vt 0.0234375 0.8156250000000003
vt 0.03593750000000004 0.8156250000000003
vt 0.03593750000000004 0.6343750000000001
vt 0.0234375 0.6343750000000001
vt 0.0234375 1
vt 0.03593750000000004 1
vt 0.03593750000000004 0.8187499999999999
vt 0.0234375 0.8187499999999999
vn 1.2246467991473532e-16 0 1
vn -1 0 1.2246467991473532e-16
vn -1.2246467991473532e-16 0 -1
vn 1 0 -1.2246467991473532e-16
vn 0 1 0
vn 0 -1 0
usemtl none
f 60/172/43 63/171/43 61/170/43 58/169/43
f 59/176/44 60/175/44 58/174/44 57/173/44
f 64/180/45 59/179/45 57/178/45 62/177/45
f 63/184/46 64/183/46 62/182/46 61/181/46
f 62/188/47 57/187/47 58/186/47 61/185/47
f 63/192/48 60/191/48 59/190/48 64/189/48
o torus
v -0.7245196881317262 1.9175394030209145 -0.24299720643224013
v -0.6755437655233931 1.8604367061317373 -0.24000275682257982
v -0.6768078005539468 1.9558920999100915 -0.2544507433343317
v -0.7219916180706187 2.054049809422379 -0.20160123340873734
v -0.6719210090145528 1.9664945585772413 -0.19859446044636542
v -0.6753744169405723 2.141605060267517 -0.23181709366354053
v -0.720532036140308 2.1822395935985366 -0.197418135605122
v -0.6698294095689652 2.150192147554497 -0.1746873693868744
v -0.6745468525255386 2.214287039642576 -0.2286079891158008
v -0.720532036140308 2.330260406401466 -0.19116813560512225
v -0.6698294095689652 2.3623078524455052 -0.1871873693868748
v -0.6745468525255386 2.2982129603574264 -0.22235798911580096
v -0.7219916180706186 2.458450190577623 -0.21410123340873805
v -0.6719210090145527 2.4835054414227606 -0.2173444604463664
v -0.6753744169405723 2.3708949397324854 -0.21306709366354093
v -0.699519688131726 2.5012105969790874 -0.2367472064322411
v -0.6755437655233931 2.5145632938682647 -0.24000275682258118
v -0.6580578005539468 2.5003579000899103 -0.23570074333433225
v -0.6961888519923474 2.5012105969790874 -0.28886340203947225
v -0.679726964414568 2.5145632938682647 -0.2878169389415638
v -0.6597129293840143 2.5003579000899103 -0.28899395242981196
v -0.7174669220534547 2.458450190577623 -0.30525937506297507
v -0.6833497209234085 2.4585054414227607 -0.3104752353177782
v -0.6798963129973888 2.3708949397324854 -0.30850260210060315
v -0.7314265039837654 2.3302604064014654 -0.32194247286659045
v -0.685441320368996 2.3810578524455046 -0.3343823263772693
v -0.6807238774124226 2.298212960357426 -0.29921170664834285
v -0.7314265039837654 2.1822395935985366 -0.32194247286659017
v -0.685441320368996 2.150192147554497 -0.3531323263772689
v -0.6807238774124226 2.214287039642576 -0.29921170664834273
v -0.7299669220534548 2.054049809422379 -0.3240093750629744
v -0.6833497209234085 1.9664945585772413 -0.32922523531777725
v -0.6798963129973888 2.1416050602675165 -0.29600260210060275
v -0.7274388519923474 1.9175394030209145 -0.2763634020394713
v -0.6797269644145681 1.8604367061317373 -0.28781693894156246
v -0.6784629293840143 1.9558920999100915 -0.2733689524298114
v -0.6534250715187923 2.513678813991946 -0.2175354900742015
vt 0.001814062500000227 0.9999999999999996
vt 2.2724877535296173e-16 0.9861093749999995
vt 0.012000000000000227 0.9861093749999995
vt 0.010185937500000228 0.9999999999999996
vt 2.2724877535296173e-16 1
vt 0.0036265625000002273 0.98646875
vt 0.008373437500000228 0.98646875
vt 0.012000000000000227 1
vt 0.0065593750000008475 0.986109375
vt 0.008371875000000847 1
vt 8.465450562766819e-16 1
vt 0.0018125000000008469 0.986109375
vt 0.001814062500000227 0.9999999999999996
vt 2.2724877535296173e-16 0.9861093749999995
vt 0.012000000000000227 0.9861093749999995
vt 0.010185937500000228 0.9999999999999996
vt 2.2724877535296173e-16 1
vt 0.0036265625000002273 0.98646875
vt 0.008373437500000228 0.98646875
vt 0.012000000000000227 1
vt 0.0065593750000008475 0.986109375
vt 0.008371875000000847 1
vt 8.465450562766819e-16 1
vt 0.0018125000000008469 0.986109375
vt 0.001814062500000227 0.9999999999999996
vt 2.2724877535296173e-16 0.9861093749999995
vt 0.012000000000000227 0.9861093749999995
vt 0.010185937500000228 0.9999999999999996
vt 2.2724877535296173e-16 1
vt 0.0036265625000002273 0.98646875
vt 0.008373437500000228 0.98646875
vt 0.012000000000000227 1
vt 0.0065593750000008475 0.986109375
vt 0.008371875000000847 1
vt 8.465450562766819e-16 1
vt 0.0018125000000008469 0.986109375
vt 0.001814062500000227 0.9999999999999996
vt 2.2724877535296173e-16 0.9861093749999995
vt 0.012000000000000227 0.9861093749999995
vt 0.010185937500000228 0.9999999999999996
vt 0.0036265625000002273 0.98646875
vt 0.008373437500000228 0.98646875
vt 2.2724877535296173e-16 1
vt 0.0065593750000008475 0.986109375
vt 0.008371875000000847 1
vt 8.465450562766819e-16 1
vt 0.0018125000000008469 0.986109375
vt 0.001814062500000227 0.9999999999999996
vt 2.2724877535296173e-16 0.9861093749999995
vt 0.012000000000000227 0.9861093749999995
vt 0.010185937500000228 0.9999999999999996
vt 0.0036265625000002273 0.98646875
vt 0.008373437500000228 0.98646875
vt 2.2724877535296173e-16 1
vt 0.0065593750000008475 0.986109375
vt 0.008371875000000847 1
vt 8.465450562766819e-16 1
vt 0.0018125000000008469 0.986109375
vt 0.001814062500000227 0.9999999999999996
vt 2.2724877535296173e-16 0.9861093749999995
vt 0.012000000000000227 0.9861093749999995
vt 0.010185937500000228 0.9999999999999996
vt 2.2724877535296173e-16 1
vt 0.0036265625000002273 0.98646875
vt 0.008373437500000228 0.98646875
vt 0.012000000000000227 1
vt 0.0065593750000008475 0.986109375
vt 0.008371875000000847 1
vt 8.465450562766819e-16 1
vt 0.0018125000000008469 0.986109375
vt 0.001814062500000227 0.9999999999999996
vt 2.2724877535296173e-16 0.9861093749999995
vt 0.012000000000000227 0.9861093749999995
vt 0.010185937500000228 0.9999999999999996
vt 2.2724877535296173e-16 1
vt 0.0036265625000002273 0.98646875
vt 0.008373437500000228 0.98646875
vt 0.012000000000000227 1
vt 0.0065593750000008475 0.986109375
vt 0.008371875000000847 1
vt 8.465450562766819e-16 1
vt 0.0018125000000008469 0.986109375
vt 0.001814062500000227 0.9999999999999996
vt 2.2724877535296173e-16 0.9861093749999995
vt 0.012000000000000227 0.9861093749999995
vt 0.010185937500000228 0.9999999999999996
vt 0.0036265625000002273 0.98646875
vt 2.2724877535296173e-16 1
vt 0.012000000000000227 1
vt 0.0065593750000008475 0.986109375
vt 0.008371875000000847 1
vt 8.465450562766819e-16 1
vt 0.0018125000000008469 0.986109375
vt 0.001814062500000227 0.9999999999999996
vt 2.2724877535296173e-16 0.9861093749999995
vt 0.012000000000000227 0.9861093749999995
vt 0.010185937500000228 0.9999999999999996
vt 2.2724877535296173e-16 1
vt 0.0036265625000002273 0.98646875
vt 0.008373437500000228 0.98646875
vt 0.012000000000000227 1
vt 0.0065593750000008475 0.986109375
vt 0.008371875000000847 1
vt 8.465450562766819e-16 1
vt 0.0018125000000008469 0.986109375
vt 0.001814062500000227 0.9999999999999996
vt 2.2724877535296173e-16 0.9861093749999995
vt 0.012000000000000227 0.9861093749999995
vt 0.010185937500000228 0.9999999999999996
vt 2.2724877535296173e-16 1
vt 0.0036265625000002273 0.98646875
vt 0.008373437500000228 0.98646875
vt 0.012000000000000227 1
vt 0.0065593750000008475 0.986109375
vt 0.008371875000000847 1
vt 8.465450562766819e-16 1
vt 0.0018125000000008469 0.986109375
vt 0.001814062500000227 0.9999999999999996
vt 2.2724877535296173e-16 0.9861093749999995
vt 0.012000000000000227 0.9861093749999995
vt 0.010185937500000228 0.9999999999999996
vt 2.2724877535296173e-16 1
vt 0.0036265625000002273 0.98646875
vt 0.008373437500000228 0.98646875
vt 0.012000000000000227 1
vt 0.0065593750000008475 0.986109375
vt 0.008371875000000847 1
vt 8.465450562766819e-16 1
vt 0.0018125000000008469 0.986109375
vt 0.001814062500000227 0.9999999999999996
vt 2.2724877535296173e-16 0.9861093749999995
vt 0.012000000000000227 0.9861093749999995
vt 0.010185937500000228 0.9999999999999996
vt 2.2724877535296173e-16 1
vt 0.0036265625000002273 0.98646875
vt 0.008373437500000228 0.98646875
vt 0.012000000000000227 1
vt 0.0065593750000008475 0.986109375
vt 0.008371875000000847 1
vt 8.465450562766819e-16 1
vt 0.0018125000000008469 0.986109375
vt 0.008373437500000228 0.98646875
vt 0.0036265625000002273 0.98646875
vt 0.012000000000000227 1
vt 2.2724877535296173e-16 1
vt 0.008373437500000228 0.98646875
vt 0.012000000000000227 1
vt 2.2724877535296173e-16 1
vt 0.008373437500000228 0.98646875
vt 0.012000000000000227 1
vn -0.4217911627347784 -0.31722067389179054 0.8493899334784243
vn 0.9970691866990945 0.0016262554819678288 -0.07648785673761557
vn -0.42446526823538494 0.2699449014937974 -0.8642678903091141
vn -0.2694200704479836 -0.12126611203765042 0.9553571875016568
vn 0.9912553147247998 -0.005465235161300601 -0.1318447277462014
vn -0.5866260111636376 0.03308466218397653 -0.8091818881774432
vn -0.3796349655474098 0.05442396108935967 0.9235341495543957
vn 0.996767851636511 0.0059661256636618035 -0.0801140143077337
vn -0.5773220027159697 0.03444573356179299 -0.8157896767055905
vn -0.22095337300530674 0.23190263487267443 0.9473123956207313
vn 0.9795664736330502 0.036437139947739866 -0.19779246337143339
vn -0.6225004646262938 -0.1446847142846974 -0.7691290561358372
vn -0.22676411225699292 0.5566205344538285 0.7992193804060511
vn 0.7987143886170848 -0.0016389266672339755 0.6017081014374129
vn -0.42700187403798484 -0.23765427677819795 -0.8724619443259866
vn -0.4817477253566888 0.8752957901974582 0.04214746464811334
vn 0.6333291920211269 0.7736325046308418 -0.019669324148965103
vn -0.02052833472722445 -0.999788410677867 -0.0013120013537810885
vn -0.2488579567263878 0.3767326778364098 -0.8922680128886026
vn 0.0428671030734562 0.1423319171854103 -0.9888903057591449
vn -0.004974136967585024 -0.35585807107451967 0.9345267739409876
vn -0.14484748221502453 0.295413122918979 -0.9443253113748591
vn -0.9799023524374864 -0.034200611178247714 0.19652403894311427
vn -0.16949919367508776 -0.10901540995226575 0.9794823447803613
vn -0.33792920911328944 0.0761873767449039 -0.9380827965871653
vn 0.9911241279045827 -3.4163458595120957e-16 -0.13293969717650342
vn -0.4090859138414617 1.6136071367914705e-15 0.912495871276411
vn -0.608962410857832 -0.10918100135151806 -0.7856489617546103
vn 0.9953997814978918 0.007115200705633379 -0.09554396324660187
vn -0.3988142746494634 -0.01932366252499092 0.9168281029737488
vn -0.6397084841673054 -0.29840451293353815 -0.708327468015512
vn 0.9961405650341544 -0.003002445469775157 -0.08772092119122243
vn -0.7326707014258852 0.21213975055332107 0.646676402466702
vn -0.7590971175625015 -0.6475808522933928 0.06641239230192615
vn 0.9961946980917455 -7.742672261935968e-16 -0.0871557427476588
vn -0.617689758550287 0.7845629028680444 0.05404085144921425
vn -0.973722691263463 0.03975147880430228 0.22424080906808644
vn 0.974411641610048 -0.03829493617403983 -0.2214846508411761
vn 0.28980210740513407 0.5859150423781491 0.7567815415683414
usemtl none
f 65/193/49 66/194/49 69/195/49 68/196/49
f 66/197/50 67/198/50 70/199/50 69/200/50
f 67/201/51 65/202/51 68/203/51 70/204/51
f 68/205/52 69/206/52 72/207/52 71/208/52
f 69/209/53 70/210/53 73/211/53 72/212/53
f 70/213/54 68/214/54 71/215/54 73/216/54
f 71/217/55 72/218/55 75/219/55 74/220/55
f 72/221/56 73/222/56 76/223/56 75/224/56
f 73/225/57 71/226/57 74/227/57 76/228/57
f 74/229/58 75/230/58 78/231/58 77/232/58
f 76/233/59 79/234/59 75/235/59
f 76/236/60 74/237/60 77/238/60 79/239/60
f 77/240/61 78/241/61 81/242/61 80/243/61
f 79/244/62 82/245/62 78/246/62
f 79/247/63 77/248/63 80/249/63 82/250/63
f 80/251/64 81/252/64 84/253/64 83/254/64
f 81/255/65 82/256/65 85/257/65 84/258/65
f 82/259/66 80/260/66 83/261/66 85/262/66
f 83/263/67 84/264/67 87/265/67 86/266/67
f 84/267/68 85/268/68 88/269/68 87/270/68
f 85/271/69 83/272/69 86/273/69 88/274/69
f 86/275/70 87/276/70 90/277/70 89/278/70
f 88/279/71 87/280/71 90/281/71
f 88/282/72 86/283/72 89/284/72 91/285/72
f 89/286/73 90/287/73 93/288/73 92/289/73
f 90/290/74 91/291/74 94/292/74 93/293/74
f 91/294/75 89/295/75 92/296/75 94/297/75
f 92/298/76 93/299/76 96/300/76 95/301/76
f 93/302/77 94/303/77 97/304/77 96/305/77
f 94/306/78 92/307/78 95/308/78 97/309/78
f 95/310/79 96/311/79 99/312/79 98/313/79
f 96/314/80 97/315/80 100/316/80 99/317/80
f 97/318/81 95/319/81 98/320/81 100/321/81
f 98/322/82 99/323/82 66/324/82 65/325/82
f 99/326/83 100/327/83 67/328/83 66/329/83
f 100/330/84 98/331/84 65/332/84 67/333/84
f 91/334/85 88/335/85 90/336/85
f 75/337/86 79/338/86 78/339/86
f 78/340/87 82/341/87 81/342/87
o torus
v -0.6557696881317264 1.7987894030209148 -0.24299720643224013
v -0.6067937655233935 1.7979367061317375 -0.24000275682257982
v -0.6080578005539471 1.8683920999100916 -0.25445074333433165
v -0.653241618070619 2.054049809422379 -0.20160123340873734
v -0.603171009014553 1.9664945585772413 -0.19859446044636542
v -0.6066244169405726 2.141605060267517 -0.23181709366354053
v -0.6517820361403084 2.1822395935985366 -0.197418135605122
v -0.6010794095689656 2.150192147554497 -0.1746873693868744
v -0.6057968525255388 2.214287039642576 -0.2286079891158008
v -0.6517820361403083 2.330260406401466 -0.19116813560512225
v -0.6135794095689655 2.3623078524455052 -0.1871873693868748
v -0.6057968525255388 2.2982129603574264 -0.22235798911580096
v -0.6469916180706189 2.458450190577623 -0.21410123340873805
v -0.609421009014553 2.4835054414227606 -0.2173444604463664
v -0.6066244169405726 2.3708949397324854 -0.21306709366354093
v -0.6432696881317264 2.5012105969790874 -0.2367472064322411
v -0.6192937655233933 2.5145632938682647 -0.24000275682258118
v -0.601807800553947 2.5003579000899103 -0.23570074333433225
v -0.6399388519923476 2.5012105969790874 -0.28886340203947225
v -0.6234769644145683 2.5145632938682647 -0.2878169389415638
v -0.6034629293840146 2.5003579000899103 -0.28899395242981196
v -0.648716922053455 2.458450190577623 -0.30525937506297507
v -0.6020997209234087 2.4585054414227607 -0.3104752353177782
v -0.6111463129973891 2.3708949397324854 -0.30850260210060315
v -0.6626765039837657 2.3302604064014654 -0.32194247286659045
v -0.6104413203689962 2.3810578524455046 -0.3343823263772693
v -0.6119738774124228 2.298212960357426 -0.29921170664834285
v -0.6626765039837657 2.1822395935985366 -0.32194247286659017
v -0.6166913203689962 2.150192147554497 -0.3531323263772689
v -0.6119738774124228 2.214287039642576 -0.29921170664834273
v -0.6612169220534551 2.054049809422379 -0.3240093750629744
v -0.6145997209234088 1.9664945585772413 -0.32922523531777725
v -0.6111463129973891 2.1416050602675165 -0.29600260210060275
v -0.6586888519923477 1.7987894030209146 -0.2763634020394713
v -0.6109769644145684 1.7979367061317375 -0.2878169389415624
v -0.6097129293840147 1.8683920999100916 -0.2733689524298114
v -0.5846750715187925 2.513678813991946 -0.2175354900742015
vt 0.001814062500000227 0.9999999999999996
vt 2.2724877535296173e-16 0.9861093749999995
vt 0.012000000000000227 0.9861093749999995
vt 0.010185937500000228 0.9999999999999996
vt 2.2724877535296173e-16 1
vt 0.0036265625000002273 0.98646875
vt 0.008373437500000228 0.98646875
vt 0.012000000000000227 1
vt 0.0065593750000008475 0.986109375
vt 0.008371875000000847 1
vt 8.465450562766819e-16 1
vt 0.0018125000000008469 0.986109375
vt 0.001814062500000227 0.9999999999999996
vt 2.2724877535296173e-16 0.9861093749999995
vt 0.012000000000000227 0.9861093749999995
vt 0.010185937500000228 0.9999999999999996
vt 2.2724877535296173e-16 1
vt 0.0036265625000002273 0.98646875
vt 0.008373437500000228 0.98646875
vt 0.012000000000000227 1
vt 0.0065593750000008475 0.986109375
vt 0.008371875000000847 1
vt 8.465450562766819e-16 1
vt 0.0018125000000008469 0.986109375
vt 0.001814062500000227 0.9999999999999996
vt 2.2724877535296173e-16 0.9861093749999995
vt 0.012000000000000227 0.9861093749999995
vt 0.010185937500000228 0.9999999999999996
vt 2.2724877535296173e-16 1
vt 0.0036265625000002273 0.98646875
vt 0.008373437500000228 0.98646875
vt 0.012000000000000227 1
vt 0.0065593750000008475 0.986109375
vt 0.008371875000000847 1
vt 8.465450562766819e-16 1
vt 0.0018125000000008469 0.986109375
vt 0.001814062500000227 0.9999999999999996
vt 2.2724877535296173e-16 0.9861093749999995
vt 0.012000000000000227 0.9861093749999995
vt 0.010185937500000228 0.9999999999999996
vt 0.0036265625000002273 0.98646875
vt 0.008373437500000228 0.98646875
vt 2.2724877535296173e-16 1
vt 0.0065593750000008475 0.986109375
vt 0.008371875000000847 1
vt 8.465450562766819e-16 1
vt 0.0018125000000008469 0.986109375
vt 0.001814062500000227 0.9999999999999996
vt 2.2724877535296173e-16 0.9861093749999995
vt 0.012000000000000227 0.9861093749999995
vt 0.010185937500000228 0.9999999999999996
vt 0.0036265625000002273 0.98646875
vt 0.008373437500000228 0.98646875
vt 2.2724877535296173e-16 1
vt 0.0065593750000008475 0.986109375
vt 0.008371875000000847 1
vt 8.465450562766819e-16 1
vt 0.0018125000000008469 0.986109375
vt 0.001814062500000227 0.9999999999999996
vt 2.2724877535296173e-16 0.9861093749999995
vt 0.012000000000000227 0.9861093749999995
vt 0.010185937500000228 0.9999999999999996
vt 2.2724877535296173e-16 1
vt 0.0036265625000002273 0.98646875
vt 0.008373437500000228 0.98646875
vt 0.012000000000000227 1
vt 0.0065593750000008475 0.986109375
vt 0.008371875000000847 1
vt 8.465450562766819e-16 1
vt 0.0018125000000008469 0.986109375
vt 0.001814062500000227 0.9999999999999996
vt 2.2724877535296173e-16 0.9861093749999995
vt 0.012000000000000227 0.9861093749999995
vt 0.010185937500000228 0.9999999999999996
vt 0.008373437500000228 0.98646875
vt 2.2724877535296173e-16 1
vt 0.0036265625000002273 0.98646875
vt 0.012000000000000227 1
vt 0.0065593750000008475 0.986109375
vt 0.008371875000000847 1
vt 8.465450562766819e-16 1
vt 0.0018125000000008469 0.986109375
vt 0.001814062500000227 0.9999999999999996
vt 2.2724877535296173e-16 0.9861093749999995
vt 0.012000000000000227 0.9861093749999995
vt 0.010185937500000228 0.9999999999999996
vt 0.0036265625000002273 0.98646875
vt 2.2724877535296173e-16 1
vt 0.012000000000000227 1
vt 0.0065593750000008475 0.986109375
vt 0.008371875000000847 1
vt 8.465450562766819e-16 1
vt 0.0018125000000008469 0.986109375
vt 0.001814062500000227 0.9999999999999996
vt 2.2724877535296173e-16 0.9861093749999995
vt 0.012000000000000227 0.9861093749999995
vt 0.010185937500000228 0.9999999999999996
vt 2.2724877535296173e-16 1
vt 0.0036265625000002273 0.98646875
vt 0.008373437500000228 0.98646875
vt 0.012000000000000227 1
vt 0.0065593750000008475 0.986109375
vt 0.008371875000000847 1
vt 8.465450562766819e-16 1
vt 0.0018125000000008469 0.986109375
vt 0.001814062500000227 0.9999999999999996
vt 2.2724877535296173e-16 0.9861093749999995
vt 0.012000000000000227 0.9861093749999995
vt 0.010185937500000228 0.9999999999999996
vt 2.2724877535296173e-16 1
vt 0.0036265625000002273 0.98646875
vt 0.008373437500000228 0.98646875
vt 0.012000000000000227 1
vt 0.0065593750000008475 0.986109375
vt 0.008371875000000847 1
vt 8.465450562766819e-16 1
vt 0.0018125000000008469 0.986109375
vt 0.001814062500000227 0.9999999999999996
vt 2.2724877535296173e-16 0.9861093749999995
vt 0.012000000000000227 0.9861093749999995
vt 0.010185937500000228 0.9999999999999996
vt 2.2724877535296173e-16 1
vt 0.0036265625000002273 0.98646875
vt 0.008373437500000228 0.98646875
vt 0.012000000000000227 1
vt 0.0065593750000008475 0.986109375
vt 0.008371875000000847 1
vt 8.465450562766819e-16 1
vt 0.0018125000000008469 0.986109375
vt 0.001814062500000227 0.9999999999999996
vt 2.2724877535296173e-16 0.9861093749999995
vt 0.012000000000000227 0.9861093749999995
vt 0.010185937500000228 0.9999999999999996
vt 2.2724877535296173e-16 1
vt 0.0036265625000002273 0.98646875
vt 0.008373437500000228 0.98646875
vt 0.012000000000000227 1
vt 0.0065593750000008475 0.986109375
vt 0.008371875000000847 1
vt 8.465450562766819e-16 1
vt 0.0018125000000008469 0.986109375
vt 0.008373437500000228 0.98646875
vt 0.0036265625000002273 0.98646875
vt 0.012000000000000227 1
vt 2.2724877535296173e-16 1
vt 0.008373437500000228 0.98646875
vt 0.012000000000000227 1
vt 2.2724877535296173e-16 1
vt 0.008373437500000228 0.98646875
vt 0.012000000000000227 1
vn -0.06339852214232612 -0.23680367638934618 0.9694867952884448
vn 0.996771565622714 0.0014209052609778612 -0.0802771885050985
vn -0.43054264472991677 0.1486368090214894 -0.8902472297473766
vn -0.2694200704479836 -0.12126611203765042 0.9553571875016568
vn 0.9912553147247998 -0.005465235161300601 -0.1318447277462014
vn -0.5866260111636376 0.03308466218397653 -0.8091818881774432
vn -0.3924864786254601 0.03104127384691322 0.9192338132456549
vn 0.996767851636511 0.0059661256636618035 -0.0801140143077337
vn -0.5773220027159697 0.03444573356179299 -0.8157896767055905
vn -0.2977111601793658 0.24012092705776703 0.9239642879968764
vn 0.9672644266557154 -0.021311389866328245 0.2528741852944971
vn -0.6120459171285708 -0.11704756609358986 -0.7821123081743527
vn -0.26968667989554274 0.5101180306312858 0.8167304876835307
vn 0.910106860380446 0.03827395028042707 0.4126022387462036
vn -0.6530636578258507 -0.3092587937835715 -0.6912791457107981
vn -0.4817477253566888 0.8752957901974582 0.04214746464811334
vn 0.6333291920211269 0.7736325046308418 -0.019669324148965103
vn -0.02052833472722445 -0.999788410677867 -0.0013120013537810885
vn -0.18840441424446494 0.30542532169502346 -0.933391209279738
vn 0.045654202031902985 0.14620154085423556 -0.9882007909775613
vn -0.005005383382541551 -0.35712090451624345 0.9340447557235649
vn -0.1062961532880189 0.3037182174537491 -0.9468138001649994
vn -0.9945915524621437 0.1030014407948048 0.0133546608020406
vn -0.16949919367508776 -0.10901540995226575 0.9794823447803613
vn -0.30856482954175257 0.08529522806048552 -0.9473713474873403
vn 0.9990519629142806 -5.1933966673103175e-17 0.04353361226825927
vn -0.4090859138414617 1.6136071367914705e-15 0.912495871276411
vn -0.608962410857832 -0.10918100135151806 -0.7856489617546103
vn 0.9953997814978918 0.007115200705633379 -0.09554396324660187
vn -0.3988142746494634 -0.01932366252499092 0.9168281029737488
vn -0.5006725655006432 -0.2166472636041823 -0.8380876716238129
vn 0.995828020488244 -0.0023323969481068903 -0.09122013777089978
vn -0.6508087301651273 0.13307783507882212 0.7474879842188691
vn -0.017501463639412018 -0.9998456652200461 0.0015311796635604023
vn 0.9961946980917455 -9.548239125235584e-16 -0.0871557427476588
vn -0.8171793580204675 0.5719322641830432 0.07149392989418273
vn -0.9996781727269356 0.008318938617639247 -0.023965521767977678
vn 0.9622726568037726 0.034150425064968216 0.2699353300990648
vn 0.33133155439830075 0.6225566893732959 0.7089728976318964
usemtl none
f 102/343/88 103/344/88 106/345/88 105/346/88
f 103/347/89 104/348/89 107/349/89 106/350/89
f 104/351/90 102/352/90 105/353/90 107/354/90
f 105/355/91 106/356/91 109/357/91 108/358/91
f 106/359/92 107/360/92 110/361/92 109/362/92
f 107/363/93 105/364/93 108/365/93 110/366/93
f 108/367/94 109/368/94 112/369/94 111/370/94
f 109/371/95 110/372/95 113/373/95 112/374/95
f 110/375/96 108/376/96 111/377/96 113/378/96
f 111/379/97 112/380/97 115/381/97 114/382/97
f 113/383/98 116/384/98 112/385/98
f 113/386/99 111/387/99 114/388/99 116/389/99
f 114/390/100 115/391/100 118/392/100 117/393/100
f 116/394/101 119/395/101 115/396/101
f 116/397/102 114/398/102 117/399/102 119/400/102
f 117/401/103 118/402/103 121/403/103 120/404/103
f 118/405/104 119/406/104 122/407/104 121/408/104
f 119/409/105 117/410/105 120/411/105 122/412/105
f 120/413/106 121/414/106 124/415/106 123/416/106
f 125/417/107 121/418/107 122/419/107 124/420/107
f 122/421/108 120/422/108 123/423/108 125/424/108
f 123/425/109 124/426/109 127/427/109 126/428/109
f 125/429/110 124/430/110 127/431/110
f 125/432/111 123/433/111 126/434/111 128/435/111
f 126/436/112 127/437/112 130/438/112 129/439/112
f 127/440/113 128/441/113 131/442/113 130/443/113
f 128/444/114 126/445/114 129/446/114 131/447/114
f 129/448/115 130/449/115 133/450/115 132/451/115
f 130/452/116 131/453/116 134/454/116 133/455/116
f 131/456/117 129/457/117 132/458/117 134/459/117
f 132/460/118 133/461/118 136/462/118 135/463/118
f 133/464/119 134/465/119 137/466/119 136/467/119
f 134/468/120 132/469/120 135/470/120 137/471/120
f 135/472/121 136/473/121 103/474/121 102/475/121
f 136/476/122 137/477/122 104/478/122 103/479/122
f 137/480/123 135/481/123 102/482/123 104/483/123
f 128/484/124 125/485/124 127/486/124
f 112/487/125 116/488/125 115/489/125
f 115/490/126 119/491/126 118/492/126
o cylinder
v -0.5762303887821891 2.3709286154912643 -0.260595653654672
v -0.6550686392623356 2.4454998457805743 -0.2902589622086475
v -0.5717778198391309 2.38011991686558 -0.2493233471544988
v -0.6506160703192774 2.4546911471548905 -0.27898665570847425
v -0.5640719822769685 2.383195411451417 -0.26207213868538876
v -0.6679102327571149 2.4702666417407273 -0.2917354472393642
v -0.5685245512200268 2.374004110077101 -0.273344445185562
v -0.6848628017001732 2.4798253403664114 -0.3030077537395374
v -0.5791204577252473 2.361737314116948 -0.27186796015484527
v -0.6782712082053938 2.461308544406258 -0.2952812687088207
v -0.5837012952874098 2.358661819531111 -0.25911916862395534
v -0.6672270457675562 2.4457330498204213 -0.28878247717793076
v -0.5761237263443515 2.364728120905427 -0.2494093621237821
v -0.662774476824498 2.442424351194737 -0.2775101706777575
vt 0.009021875 0.9921875
vt 0.0045109375 1
vt 0 0.9921875
vt 0 0.984375
vt 0.009021874999999999 0.984375
vt 0.009021874999999999 1
vt 0 1
vt 0.0045109375 0.9921875
vt 0.009021875 1
vt 0 1
vt 0.0045109375 0.9921875
vt 0.009021875 1
vt 0 1
vt 0 0.984375
vt 0.009021874999999999 0.984375
vt 0.009021874999999999 1
vt 0 1
vt 0.009021875 0.9921875
vt 0.0045109375 1
vt 0 0.9921875
vt 0 0.9921875
vt 0.009021874999999999 0.9921875
vt 0.0045109375 1
vt 0 0.984375
vt 0.009021874999999999 0.984375
vt 0.009021874999999999 1
vt 0 1
vt 0.009021874999999999 1
vt 0 1
vt 0.0045109375 0.9921875
vt 0 1
vt 0.004510937500000001 0.9921875
vt 0.009021875 1
vt 0 0.984375
vt 0.009021874999999999 0.984375
vt 0.009021874999999999 1
vt 0 1
vt 0.004510937500000001 1
vt 0 0.9921875
vt 0.009021875 0.9921875
vt 0.004510937500000001 1
vt 0 0.9921875
vt 0.009021875 0.9921875
vt 0 0.984375
vt 0.009021874999999999 0.984375
vt 0.009021874999999999 1
vt 0 1
vt 0 1
vt 0.004510937500000001 0.9921875
vt 0.009021875 1
vt 0.009021874999999999 1
vt 0 1
vt 0.0045109375 0.9921875
vt 0 0.984375
vt 0.009021874999999999 0.984375
vt 0.009021874999999999 1
vt 0 1
vt 0 0.9921875
vt 0.009021874999999999 0.9921875
vt 0.0045109375 1
vn 0.7007844487124131 -0.6628553803494239 0.26367385381311514
vn 0.4841320033033388 0.7376773021744023 0.4705830439297529
vn -0.7390215467006388 -0.3488241074433383 0.576340954278415
vn 0.7007844487124131 -0.6628553803494239 0.26367385381311514
vn 0.6027450257909671 0.4850452379719504 -0.6335846833730914
vn -0.637521286919318 -0.28795396837908915 0.7145971738115615
vn 0.7392000196123353 -0.6022194034170211 0.3015213444404402
vn 0.06069997246210358 -0.17080226729226541 -0.983433830428322
vn 0.08143428931334133 0.4083617438991163 0.9091804785870097
vn 0.8489847639223715 -0.4947083643107864 0.18571080988628888
vn -0.597269170274144 -0.7039119340444127 -0.3844184274327781
vn 0.11609568468625085 0.45145948010050907 0.8847068044412276
vn 0.7991584551365797 -0.5224917616634003 -0.2972341208165582
vn -0.5858608512316812 -0.39807216534213924 0.705907652723719
vn 0.05040658236964386 0.9635049863088883 0.26290172652860533
vn 0.9506146275298419 -0.26752872268719974 -0.15735378121816865
vn -0.287501898443912 0.07584115818552227 0.9547726311097451
vn -0.7007844487124131 0.6628553803494239 -0.26367385381311514
usemtl none
f 143/493/127 141/494/127 139/495/127
f 141/496/128 143/497/128 144/498/128 142/499/128
f 142/500/129 144/501/129 140/502/129
f 145/503/130 143/504/130 139/505/130
f 143/506/131 145/507/131 146/508/131 144/509/131
f 144/510/132 146/511/132 140/512/132
f 147/513/133 145/514/133 139/515/133
f 145/516/134 147/517/134 148/518/134 146/519/134
f 146/520/135 148/521/135 140/522/135
f 149/523/136 147/524/136 139/525/136
f 147/526/137 149/527/137 150/528/137 148/529/137
f 148/530/138 150/531/138 140/532/138
f 151/533/139 149/534/139 139/535/139
f 149/536/140 151/537/140 152/538/140 150/539/140
f 150/540/141 152/541/141 140/542/141
f 141/543/142 151/544/142 139/545/142
f 151/546/143 141/547/143 142/548/143 152/549/143
f 152/550/144 142/551/144 140/552/144
o cylinder
v -0.470547572497253 2.3266451042446024 -0.3089008215018908
v -0.5794510989365499 2.3751320781466343 -0.2619428518278402
v -0.462837112190874 2.3326996132176565 -0.2972706019021155
v -0.5717406386301709 2.3811865871196884 -0.2503126322280649
v -0.4634970401568556 2.3424808591567357 -0.3089008215018908
v -0.5724005665961525 2.3909678330587676 -0.2619428518278402
v -0.47120750046323456 2.3364263501836815 -0.3205310411016661
v -0.5801110269025315 2.3849133240857134 -0.2735730714276155
v -0.478258032803632 2.320590595271548 -0.3205310411016661
v -0.5871615592429289 2.3690775691735797 -0.2735730714276155
v -0.47759810483765036 2.310809349332469 -0.30890082150189074
v -0.5865016312769473 2.3592963232345006 -0.26194285182784016
v -0.4698876445312714 2.316863858305523 -0.29727060190211546
v -0.5787911709705683 2.3653508322075547 -0.2503126322280649
vt 0.009021875 0.9921875
vt 0.0045109375 1
vt 0 0.9921875
vt 0 0.984375
vt 0.009021874999999999 0.984375
vt 0.009021874999999999 1
vt 0 1
vt 0.0045109375 0.9921875
vt 0.009021875 1
vt 0 1
vt 0.0045109375 0.9921875
vt 0.009021875 1
vt 0 1
vt 0 0.984375
vt 0.009021874999999999 0.984375
vt 0.009021874999999999 1
vt 0 1
vt 0.009021875 0.9921875
vt 0.0045109375 1
vt 0 0.9921875
vt 0 0.9921875
vt 0.009021874999999999 0.9921875
vt 0.0045109375 1
vt 0 0.984375
vt 0.009021874999999999 0.984375
vt 0.009021874999999999 1
vt 0 1
vt 0.009021874999999999 1
vt 0 1
vt 0.0045109375 0.9921875
vt 0 1
vt 0.004510937500000001 0.9921875
vt 0.009021875 1
vt 0 0.984375
vt 0.009021874999999999 0.984375
vt 0.009021874999999999 1
vt 0 1
vt 0.004510937500000001 1
vt 0 0.9921875
vt 0.009021875 0.9921875
vt 0.004510937500000001 1
vt 0 0.9921875
vt 0.009021875 0.9921875
vt 0 0.984375
vt 0.009021874999999999 0.984375
vt 0.009021874999999999 1
vt 0 1
vt 0 1
vt 0.004510937500000001 0.9921875
vt 0.009021875 1
vt 0.009021874999999999 1
vt 0 1
vt 0.0045109375 0.9921875
vt 0 0.984375
vt 0.009021874999999999 0.984375
vt 0.009021874999999999 1
vt 0 1
vt 0 0.9921875
vt 0.009021874999999999 0.9921875
vt 0.0045109375 1
vn 0.8499787429408538 -0.3784349182597603 -0.36650122672429725
vn 0.5250274765206988 0.6657942641227241 0.5301548328173454
vn -0.8499787429408538 0.3784349182597603 0.36650122672429725
vn 0.8499787429408538 -0.3784349182597603 -0.36650122672429725
vn 0.14346960849597679 0.835674772072498 -0.5301548328173478
vn -0.8499787429408538 0.3784349182597603 0.36650122672429725
vn 0.8499787429408538 -0.3784349182597603 -0.36650122672429725
vn -0.3348155308944233 0.14906947864100245 -0.9304175679820247
vn -0.8499787429408538 0.3784349182597603 0.36650122672429725
vn 0.8499787429408538 -0.3784349182597603 -0.36650122672429725
vn -0.5250274765206988 -0.6657942641227242 -0.5301548328173453
vn -0.8499787429408538 0.3784349182597603 0.36650122672429725
vn 0.8499787429408538 -0.3784349182597603 -0.36650122672429725
vn -0.143469608495977 -0.8356747720724981 0.5301548328173474
vn -0.8499787429408538 0.3784349182597603 0.36650122672429725
vn 0.8499787429408538 -0.3784349182597603 -0.36650122672429725
vn 0.3348155308944231 -0.1490694786410028 0.9304175679820247
vn -0.8499787429408538 0.3784349182597603 0.36650122672429725
usemtl none
f 157/553/145 155/554/145 153/555/145
f 155/556/146 157/557/146 158/558/146 156/559/146
f 156/560/147 158/561/147 154/562/147
f 159/563/148 157/564/148 153/565/148
f 157/566/149 159/567/149 160/568/149 158/569/149
f 158/570/150 160/571/150 154/572/150
f 161/573/151 159/574/151 153/575/151
f 159/576/152 161/577/152 162/578/152 160/579/152
f 160/580/153 162/581/153 154/582/153
f 163/583/154 161/584/154 153/585/154
f 161/586/155 163/587/155 164/588/155 162/589/155
f 162/590/156 164/591/156 154/592/156
f 165/593/157 163/594/157 153/595/157
f 163/596/158 165/597/158 166/598/158 164/599/158
f 164/600/159 166/601/159 154/602/159
f 155/603/160 165/604/160 153/605/160
f 165/606/161 155/607/161 156/608/161 166/609/161
f 166/610/162 156/611/162 154/612/162
o cylinder
v -0.25282060795367634 2.2887447602869573 -0.30781249999999993
v -0.47747987660958624 2.328358250817226 -0.30781249999999993
v -0.2513155651780447 2.2972802820181437 -0.2953124999999999
v -0.4759748338339546 2.3368937725484122 -0.2953124999999999
v -0.2498105224024131 2.30581580374933 -0.30781249999999993
v -0.474469791058323 2.3454292942795987 -0.30781249999999993
v -0.2513155651780447 2.2972802820181437 -0.32031249999999994
v -0.4759748338339546 2.3368937725484122 -0.32031249999999994
v -0.2543256507293079 2.280209238555771 -0.32031249999999994
v -0.4789849193852178 2.3198227290860394 -0.32031249999999994
v -0.2558306935049395 2.2716737168245844 -0.30781249999999993
v -0.4804899621608494 2.311287207354853 -0.30781249999999993
v -0.2543256507293079 2.280209238555771 -0.2953124999999999
v -0.4789849193852178 2.3198227290860394 -0.2953124999999999
vt 0.009021875 0.9921875
vt 0.0045109375 1
vt 0 0.9921875
vt 0 0.984375
vt 0.009021874999999999 0.984375
vt 0.009021874999999999 1
vt 0 1
vt 0.0045109375 0.9921875
vt 0.009021875 1
vt 0 1
vt 0.0045109375 0.9921875
vt 0.009021875 1
vt 0 1
vt 0 0.984375
vt 0.009021874999999999 0.984375
vt 0.009021874999999999 1
vt 0 1
vt 0.009021875 0.9921875
vt 0.0045109375 1
vt 0 0.9921875
vt 0 0.9921875
vt 0.009021874999999999 0.9921875
vt 0.0045109375 1
vt 0 0.984375
vt 0.009021874999999999 0.984375
vt 0.009021874999999999 1
vt 0 1
vt 0.009021874999999999 1
vt 0 1
vt 0.0045109375 0.9921875
vt 0 1
vt 0.004510937500000001 0.9921875
vt 0.009021875 1
vt 0 0.984375
vt 0.009021874999999999 0.984375
vt 0.009021874999999999 1
vt 0 1
vt 0.004510937500000001 1
vt 0 0.9921875
vt 0.009021875 0.9921875
vt 0.004510937500000001 1
vt 0 0.9921875
vt 0.009021875 0.9921875
vt 0 0.984375
vt 0.009021874999999999 0.984375
vt 0.009021874999999999 1
vt 0 1
vt 0 1
vt 0.004510937500000001 0.9921875
vt 0.009021875 1
vt 0.009021874999999999 1
vt 0 1
vt 0.0045109375 0.9921875
vt 0 0.984375
vt 0.009021874999999999 0.984375
vt 0.009021874999999999 1
vt 0 1
vt 0 0.9921875
vt 0.009021874999999999 0.9921875
vt 0.0045109375 1
vn 0.9848077530122081 -0.17364817766693055 0
vn 0.14270081459954306 0.809296535483025 0.5698031196543241
vn -0.9848077530122081 0.17364817766693055 0
vn 0.9848077530122081 -0.17364817766693055 0
vn 0.14270081459954304 0.8092965354830249 -0.5698031196543238
vn -0.9848077530122081 0.17364817766693055 0
vn 0.9848077530122081 -0.17364817766693055 0
vn -1.7377683244487494e-17 -9.855373905153711e-17 -1
vn -0.9848077530122081 0.17364817766693055 0
vn 0.9848077530122081 -0.17364817766693055 0
vn -0.14270081459954304 -0.8092965354830249 -0.5698031196543241
vn -0.9848077530122081 0.17364817766693055 0
vn 0.9848077530122081 -0.17364817766693055 0
vn -0.1427008145995431 -0.8092965354830252 0.5698031196543236
vn -0.9848077530122081 0.17364817766693055 0
vn 0.9848077530122081 -0.17364817766693055 0
vn -5.213304973346248e-17 -2.9566121715461134e-16 1
vn -0.9848077530122081 0.17364817766693055 0
usemtl none
f 171/613/163 169/614/163 167/615/163
f 169/616/164 171/617/164 172/618/164 170/619/164
f 170/620/165 172/621/165 168/622/165
f 173/623/166 171/624/166 167/625/166
f 171/626/167 173/627/167 174/628/167 172/629/167
f 172/630/168 174/631/168 168/632/168
f 175/633/169 173/634/169 167/635/169
f 173/636/170 175/637/170 176/638/170 174/639/170
f 174/640/171 176/641/171 168/642/171
f 177/643/172 175/644/172 167/645/172
f 175/646/173 177/647/173 178/648/173 176/649/173
f 176/650/174 178/651/174 168/652/174
f 179/653/175 177/654/175 167/655/175
f 177/656/176 179/657/176 180/658/176 178/659/176
f 178/660/177 180/661/177 168/662/177
f 169/663/178 179/664/178 167/665/178
f 179/666/179 169/667/179 170/668/179 180/669/179
f 180/670/180 170/671/180 168/672/180
o cylinder
v -0.0270161555398149 2.311781263364353 -0.30781249999999993
v -0.25389146292070225 2.2879357076814193 -0.30781249999999993
v -0.027922124209354332 2.320400979470458 -0.2953124999999999
v -0.2547974315902417 2.2965554237875243 -0.2953124999999999
v -0.02882809287889375 2.3290206955765633 -0.30781249999999993
v -0.2557034002597811 2.3051751398936298 -0.30781249999999993
v -0.027922124209354332 2.320400979470458 -0.32031249999999994
v -0.2547974315902417 2.2965554237875243 -0.32031249999999994
v -0.02611018687027547 2.3031615472582474 -0.32031249999999994
v -0.2529854942511628 2.279315991575314 -0.3187499999999999
v -0.025204218200736053 2.2945418311521424 -0.30781249999999993
v -0.25832952558162336 2.2722587754692087 -0.30781249999999993
v -0.02611018687027547 2.3031615472582474 -0.2953124999999999
v -0.2529854942511628 2.279315991575314 -0.2953124999999999
vt 0.009021875 0.9921875
vt 0.0045109375 1
vt 0 0.9921875
vt 0 0.984375
vt 0.009021874999999999 0.984375
vt 0.009021874999999999 1
vt 0 1
vt 0.0045109375 0.9921875
vt 0.009021875 1
vt 0 1
vt 0.0045109375 0.9921875
vt 0.009021875 1
vt 0 1
vt 0 0.984375
vt 0.009021874999999999 0.984375
vt 0.009021874999999999 1
vt 0 1
vt 0.009021875 0.9921875
vt 0.0045109375 1
vt 0 0.9921875
vt 0 0.9921875
vt 0.009021874999999999 0.9921875
vt 0.0045109375 1
vt 0 0.984375
vt 0.009021874999999999 0.984375
vt 0.009021874999999999 1
vt 0 1
vt 0.009021874999999999 1
vt 0 1
vt 0.0045109375 0.9921875
vt 0 1
vt 0.004510937500000001 0.9921875
vt 0.009021875 1
vt 0 0.984375
vt 0.009021874999999999 0.984375
vt 0.009021874999999999 1
vt 0 1
vt 0.004510937500000001 1
vt 0 0.9921875
vt 0.009021875 0.9921875
vt 0.004510937500000001 1
vt 0 0.9921875
vt 0.009021875 0.9921875
vt 0 0.984375
vt 0.009021874999999999 0.984375
vt 0.009021874999999999 1
vt 0 1
vt 0 1
vt 0.004510937500000001 0.9921875
vt 0.009021875 1
vt 0.009021874999999999 1
vt 0 1
vt 0.0045109375 0.9921875
vt 0 0.984375
vt 0.009021874999999999 0.984375
vt 0.009021874999999999 1
vt 0 1
vt 0 0.9921875
vt 0.009021874999999999 0.9921875
vt 0.0045109375 1
vn 0.9945218953682734 0.10452846326765353 0
vn -0.08589953005866308 0.8172794354245682 0.5698031196543241
vn -0.9945218953682734 -0.10452846326765353 0
vn 0.9945218953682734 0.10452846326765353 0
vn -0.08589953005866309 0.8172794354245683 -0.569803119654324
vn -0.9945218953682734 -0.10452846326765353 0
vn 0.9945218953682734 0.10452846326765353 0
vn -0.006811634028274393 -0.0007159315854515401 -0.9999765442668294
vn -0.9945218953682734 -0.10452846326765353 0
vn 0.9945218953682734 0.10452846326765353 0
vn 0.0781939033865272 -0.8180645429278847 -0.5697860274501032
vn -0.9230265224469568 0.2613042838267228 -0.28238645525818223
vn 0.9945218953682734 0.10452846326765353 0
vn 0.08589953005866312 -0.8172794354245685 0.5698031196543237
vn -0.9317748200224133 0.26378088398616084 0.24943001025473865
vn 0.9945218953682734 0.10452846326765353 0
vn 3.1381772312907855e-17 -2.985776190044369e-16 1
vn -0.9945218953682734 -0.10452846326765353 0
usemtl none
f 185/673/181 183/674/181 181/675/181
f 183/676/182 185/677/182 186/678/182 184/679/182
f 184/680/183 186/681/183 182/682/183
f 187/683/184 185/684/184 181/685/184
f 185/686/185 187/687/185 188/688/185 186/689/185
f 186/690/186 188/691/186 182/692/186
f 189/693/187 187/694/187 181/695/187
f 187/696/188 189/697/188 190/698/188 188/699/188
f 188/700/189 190/701/189 182/702/189
f 191/703/190 189/704/190 181/705/190
f 189/706/191 191/707/191 192/708/191 190/709/191
f 190/710/192 192/711/192 182/712/192
f 193/713/193 191/714/193 181/715/193
f 191/716/194 193/717/194 194/718/194 192/719/194
f 192/720/195 194/721/195 182/722/195
f 183/723/196 193/724/196 181/725/196
f 193/726/197 183/727/197 184/728/197 194/729/197
f 194/730/198 184/731/198 182/732/198
o cylinder
v 0.09531930448284659 2.4114325448214804 -0.30781249999999993
v -0.03519497658326673 2.309463612970668 -0.30781249999999993
v 0.08998324586061993 2.418262388403891 -0.2953124999999999
v -0.04053103520549339 2.316293456553079 -0.2953124999999999
v 0.08464718723839326 2.425092231986302 -0.30781249999999993
v -0.04586709382772007 2.3231233001354896 -0.30781249999999993
v 0.08998324586061993 2.418262388403891 -0.32031249999999994
v -0.04053103520549339 2.316293456553079 -0.32031249999999994
v 0.10065536310507327 2.4046027012390696 -0.32031249999999994
v -0.029858917961040052 2.3026337693882573 -0.32031249999999994
v 0.10599142172729994 2.397772857656659 -0.30781249999999993
v -0.024522859338813388 2.2958039258058465 -0.30781249999999993
v 0.10065536310507328 2.4046027012390696 -0.2953124999999999
v -0.029858917961040052 2.3026337693882573 -0.2953124999999999
vt 0.009021875 0.9921875
vt 0.0045109375 1
vt 0 0.9921875
vt 0 0.984375
vt 0.009021874999999999 0.984375
vt 0.009021874999999999 1
vt 0 1
vt 0.0045109375 0.9921875
vt 0.009021875 1
vt 0 1
vt 0.0045109375 0.9921875
vt 0.009021875 1
vt 0 1
vt 0 0.984375
vt 0.009021874999999999 0.984375
vt 0.009021874999999999 1
vt 0 1
vt 0.009021875 0.9921875
vt 0.0045109375 1
vt 0 0.9921875
vt 0 0.9921875
vt 0.009021874999999999 0.9921875
vt 0.0045109375 1
vt 0 0.984375
vt 0.009021874999999999 0.984375
vt 0.009021874999999999 1
vt 0 1
vt 0.009021874999999999 1
vt 0 1
vt 0.0045109375 0.9921875
vt 0 1
vt 0.004510937500000001 0.9921875
vt 0.009021875 1
vt 0 0.984375
vt 0.009021874999999999 0.984375
vt 0.009021874999999999 1
vt 0 1
vt 0.004510937500000001 1
vt 0 0.9921875
vt 0.009021875 0.9921875
vt 0.004510937500000001 1
vt 0 0.9921875
vt 0.009021875 0.9921875
vt 0 0.984375
vt 0.009021874999999999 0.984375
vt 0.009021874999999999 1
vt 0 1
vt 0 1
vt 0.004510937500000001 0.9921875
vt 0.009021875 1
vt 0.009021874999999999 1
vt 0 1
vt 0.0045109375 0.9921875
vt 0 0.984375
vt 0.009021874999999999 0.984375
vt 0.009021874999999999 1
vt 0 1
vt 0 0.9921875
vt 0.009021874999999999 0.9921875
vt 0.0045109375 1
vn 0.788010753606722 0.6156614753256583 0
vn -0.5059390500200973 0.647572453472939 0.5698031196543242
vn -0.788010753606722 -0.6156614753256583 0
vn 0.788010753606722 0.6156614753256583 0
vn -0.5059390500200973 0.647572453472939 -0.5698031196543241
vn -0.788010753606722 -0.6156614753256583 0
vn 0.788010753606722 0.6156614753256583 0
vn 6.161176148110312e-17 -7.885945855241379e-17 -1
vn -0.788010753606722 -0.6156614753256583 0
vn 0.788010753606722 0.6156614753256583 0
vn 0.5059390500200972 -0.6475724534729389 -0.5698031196543242
vn -0.788010753606722 -0.6156614753256583 0
vn 0.788010753606722 0.6156614753256583 0
vn 0.5059390500200974 -0.6475724534729391 0.5698031196543237
vn -0.788010753606722 -0.6156614753256583 0
vn 0.788010753606722 0.6156614753256583 0
vn 1.8483528444330926e-16 -2.3657837565724123e-16 1
vn -0.788010753606722 -0.6156614753256583 0
usemtl none
f 199/733/199 197/734/199 195/735/199
f 197/736/200 199/737/200 200/738/200 198/739/200
f 198/740/201 200/741/201 196/742/201
f 201/743/202 199/744/202 195/745/202
f 199/746/203 201/747/203 202/748/203 200/749/203
f 200/750/204 202/751/204 196/752/204
f 203/753/205 201/754/205 195/755/205
f 201/756/206 203/757/206 204/758/206 202/759/206
f 202/760/207 204/761/207 196/762/207
f 205/763/208 203/764/208 195/765/208
f 203/766/209 205/767/209 206/768/209 204/769/209
f 204/770/210 206/771/210 196/772/210
f 207/773/211 205/774/211 195/775/211
f 205/776/212 207/777/212 208/778/212 206/779/212
f 206/780/213 208/781/213 196/782/213
f 197/783/214 207/784/214 195/785/214
f 207/786/215 197/787/215 198/788/215 208/789/215
f 208/790/216 198/791/216 196/792/216
o cylinder
v 0.13294674140258733 2.4859672792464007 -0.2953124999999999
v 0.09180385236369092 2.40521981299183 -0.30781249999999993
v 0.12522421329841996 2.4899021038499103 -0.28906249999999994
v 0.08408132425952353 2.409154637595339 -0.2953124999999999
v 0.12218918519425255 2.4938369284534194 -0.28906249999999994
v 0.07635879615535612 2.4130894621988483 -0.30781249999999993
v 0.12522421329841996 2.4899021038499103 -0.29374999999999996
v 0.08408132425952353 2.409154637595339 -0.32031249999999994
v 0.13754426950675472 2.4820324546428916 -0.2953124999999999
v 0.0995263804678583 2.401284988388321 -0.32031249999999994
v 0.1421417976109221 2.4780976300393824 -0.28906249999999994
v 0.10724890857202571 2.3973501637848114 -0.30781249999999993
v 0.14066926950675473 2.4820324546428916 -0.28906249999999994
v 0.09952638046785832 2.401284988388321 -0.2953124999999999
vt 0.009021875 0.9921875
vt 0.0045109375 1
vt 0 0.9921875
vt 0 0.984375
vt 0.009021874999999999 0.984375
vt 0.009021874999999999 1
vt 0 1
vt 0.0045109375 0.9921875
vt 0.009021875 1
vt 0 1
vt 0.0045109375 0.9921875
vt 0.009021875 1
vt 0 1
vt 0 0.984375
vt 0.009021874999999999 0.984375
vt 0.009021874999999999 1
vt 0 1
vt 0.009021875 0.9921875
vt 0.0045109375 1
vt 0 0.9921875
vt 0 0.9921875
vt 0.009021874999999999 0.9921875
vt 0.0045109375 1
vt 0 0.984375
vt 0.009021874999999999 0.984375
vt 0.009021874999999999 1
vt 0 1
vt 0.009021874999999999 1
vt 0 1
vt 0.0045109375 0.9921875
vt 0 1
vt 0.004510937500000001 0.9921875
vt 0.009021875 1
vt 0 0.984375
vt 0.009021874999999999 0.984375
vt 0.009021874999999999 1
vt 0 1
vt 0.004510937500000001 1
vt 0 0.9921875
vt 0.009021875 0.9921875
vt 0.004510937500000001 1
vt 0 0.9921875
vt 0.009021875 0.9921875
vt 0 0.984375
vt 0.009021874999999999 0.984375
vt 0.009021874999999999 1
vt 0 1
vt 0 1
vt 0.004510937500000001 0.9921875
vt 0.009021875 1
vt 0.009021874999999999 1
vt 0 1
vt 0.0045109375 0.9921875
vt 0 0.984375
vt 0.009021874999999999 0.984375
vt 0.009021874999999999 1
vt 0 1
vt 0 0.9921875
vt 0.009021874999999999 0.9921875
vt 0.0045109375 1
vn 0.6808170583753491 0.5251311339577722 0.5106127937815121
vn -0.16941378257538742 -0.1306730650436219 0.9768436519451845
vn -0.4539904997395469 -0.8910065241883678 0
vn 0.3195253479425765 0.8174267820863653 -0.47928802191386477
vn -0.4878038375807896 0.4868962890186671 -0.7245546354701662
vn -0.4539904997395469 -0.8910065241883678 0
vn -0.39636361924556196 -0.46311921434205106 -0.7927272384911224
vn 0.05239302196992611 0.272757837299208 -0.9606550543461049
vn -0.4539904997395469 -0.8910065241883678 0
vn 0.6502278396739354 0.7597392687711799 -1.7916387829747406e-16
vn 0.7402621514405959 -0.16876747220886185 -0.6507914316190488
vn -0.4539904997395469 -0.8910065241883678 0
vn 0.68357828564419 0.2558152747423382 -0.6835782856441919
vn -0.0872024059856622 -0.032633727422152925 0.995655954747848
vn -0.4539904997395469 -0.8910065241883678 0
vn 0.4539904997395469 0.8910065241883678 0
vn -0.03123549595559146 -0.061303112507107856 0.9976303284229833
vn -0.4539904997395469 -0.8910065241883678 0
usemtl none
f 213/793/217 211/794/217 209/795/217
f 211/796/218 213/797/218 214/798/218 212/799/218
f 212/800/219 214/801/219 210/802/219
f 215/803/220 213/804/220 209/805/220
f 213/806/221 215/807/221 216/808/221 214/809/221
f 214/810/222 216/811/222 210/812/222
f 217/813/223 215/814/223 209/815/223
f 215/816/224 217/817/224 218/818/224 216/819/224
f 216/820/225 218/821/225 210/822/225
f 219/823/226 217/824/226 209/825/226
f 217/826/227 219/827/227 220/828/227 218/829/227
f 218/830/228 220/831/228 210/832/228
f 221/833/229 219/834/229 209/835/229
f 219/836/230 221/837/230 222/838/230 220/839/230
f 220/840/231 222/841/231 210/842/231
f 211/843/232 221/844/232 209/845/232
f 221/846/233 211/847/233 212/848/233 222/849/233
f 222/850/234 212/851/234 210/852/234
o torus
v 0.09423031186827331 1.9175394030209145 -0.24299720643224013
v 0.1432062344766063 1.8604367061317373 -0.24000275682257982
v 0.14194219944605263 1.9558920999100915 -0.2544507433343317
v 0.09675838192938076 2.054049809422379 -0.20160123340873734
v 0.14682899098544672 1.9664945585772413 -0.19859446044636542
v 0.14337558305942713 2.141605060267517 -0.23181709366354053
v 0.09821796385969139 2.1822395935985366 -0.197418135605122
v 0.14892059043103423 2.150192147554497 -0.1746873693868744
v 0.1442031474744609 2.214287039642576 -0.2286079891158008
v 0.0982179638596914 2.330260406401466 -0.19116813560512225
v 0.14892059043103426 2.3623078524455052 -0.1871873693868748
v 0.1442031474744609 2.2982129603574264 -0.22235798911580096
v 0.0967583819293808 2.458450190577623 -0.21410123340873805
v 0.1468289909854468 2.4835054414227606 -0.2173444604463664
v 0.14337558305942716 2.3708949397324854 -0.21306709366354093
v 0.11923031186827338 2.5012105969790874 -0.2367472064322411
v 0.14320623447660638 2.5145632938682647 -0.24000275682258118
v 0.16069219944605267 2.5003579000899103 -0.23570074333433225
v 0.12256114800765215 2.5012105969790874 -0.28886340203947225
v 0.13902303558543144 2.5145632938682647 -0.2878169389415638
v 0.15903707061598518 2.5003579000899103 -0.28899395242981196
v 0.10128307794654469 2.458450190577623 -0.30525937506297507
v 0.13540027907659102 2.4585054414227607 -0.3104752353177782
v 0.13885368700261067 2.3708949397324854 -0.30850260210060315
v 0.08732349601623406 2.3302604064014654 -0.32194247286659045
v 0.13330867963100354 2.3810578524455046 -0.3343823263772693
v 0.1380261225875769 2.298212960357426 -0.29921170664834285
v 0.08732349601623404 2.1822395935985366 -0.32194247286659017
v 0.1333086796310035 2.150192147554497 -0.3531323263772689
v 0.1380261225875769 2.214287039642576 -0.29921170664834273
v 0.08878307794654464 2.054049809422379 -0.3240093750629744
v 0.13540027907659097 1.9664945585772413 -0.32922523531777725
v 0.13885368700261064 2.1416050602675165 -0.29600260210060275
v 0.09131114800765208 1.9175394030209145 -0.2763634020394713
v 0.13902303558543136 1.8604367061317373 -0.28781693894156246
v 0.1402870706159851 1.9558920999100915 -0.2733689524298114
v 0.16532492848120722 2.513678813991946 -0.2175354900742015
vt 0.001814062500000227 0.9999999999999996
vt 2.2724877535296173e-16 0.9861093749999995
vt 0.012000000000000227 0.9861093749999995
vt 0.010185937500000228 0.9999999999999996
vt 2.2724877535296173e-16 1
vt 0.0036265625000002273 0.98646875
vt 0.008373437500000228 0.98646875
vt 0.012000000000000227 1
vt 0.0065593750000008475 0.986109375
vt 0.008371875000000847 1
vt 8.465450562766819e-16 1
vt 0.0018125000000008469 0.986109375
vt 0.001814062500000227 0.9999999999999996
vt 2.2724877535296173e-16 0.9861093749999995
vt 0.012000000000000227 0.9861093749999995
vt 0.010185937500000228 0.9999999999999996
vt 2.2724877535296173e-16 1
vt 0.0036265625000002273 0.98646875
vt 0.008373437500000228 0.98646875
vt 0.012000000000000227 1
vt 0.0065593750000008475 0.986109375
vt 0.008371875000000847 1
vt 8.465450562766819e-16 1
vt 0.0018125000000008469 0.986109375
vt 0.001814062500000227 0.9999999999999996
vt 2.2724877535296173e-16 0.9861093749999995
vt 0.012000000000000227 0.9861093749999995
vt 0.010185937500000228 0.9999999999999996
vt 2.2724877535296173e-16 1
vt 0.0036265625000002273 0.98646875
vt 0.008373437500000228 0.98646875
vt 0.012000000000000227 1
vt 0.0065593750000008475 0.986109375
vt 0.008371875000000847 1
vt 8.465450562766819e-16 1
vt 0.0018125000000008469 0.986109375
vt 0.001814062500000227 0.9999999999999996
vt 2.2724877535296173e-16 0.9861093749999995
vt 0.012000000000000227 0.9861093749999995
vt 0.010185937500000228 0.9999999999999996
vt 0.0036265625000002273 0.98646875
vt 0.008373437500000228 0.98646875
vt 2.2724877535296173e-16 1
vt 0.0065593750000008475 0.986109375
vt 0.008371875000000847 1
vt 8.465450562766819e-16 1
vt 0.0018125000000008469 0.986109375
vt 0.001814062500000227 0.9999999999999996
vt 2.2724877535296173e-16 0.9861093749999995
vt 0.012000000000000227 0.9861093749999995
vt 0.010185937500000228 0.9999999999999996
vt 0.0036265625000002273 0.98646875
vt 0.008373437500000228 0.98646875
vt 2.2724877535296173e-16 1
vt 0.0065593750000008475 0.986109375
vt 0.008371875000000847 1
vt 8.465450562766819e-16 1
vt 0.0018125000000008469 0.986109375
vt 0.001814062500000227 0.9999999999999996
vt 2.2724877535296173e-16 0.9861093749999995
vt 0.012000000000000227 0.9861093749999995
vt 0.010185937500000228 0.9999999999999996
vt 2.2724877535296173e-16 1
vt 0.0036265625000002273 0.98646875
vt 0.008373437500000228 0.98646875
vt 0.012000000000000227 1
vt 0.0065593750000008475 0.986109375
vt 0.008371875000000847 1
vt 8.465450562766819e-16 1
vt 0.0018125000000008469 0.986109375
vt 0.001814062500000227 0.9999999999999996
vt 2.2724877535296173e-16 0.9861093749999995
vt 0.012000000000000227 0.9861093749999995
vt 0.010185937500000228 0.9999999999999996
vt 2.2724877535296173e-16 1
vt 0.0036265625000002273 0.98646875
vt 0.008373437500000228 0.98646875
vt 0.012000000000000227 1
vt 0.0065593750000008475 0.986109375
vt 0.008371875000000847 1
vt 8.465450562766819e-16 1
vt 0.0018125000000008469 0.986109375
vt 0.001814062500000227 0.9999999999999996
vt 2.2724877535296173e-16 0.9861093749999995
vt 0.012000000000000227 0.9861093749999995
vt 0.010185937500000228 0.9999999999999996
vt 0.0036265625000002273 0.98646875
vt 2.2724877535296173e-16 1
vt 0.012000000000000227 1
vt 0.0065593750000008475 0.986109375
vt 0.008371875000000847 1
vt 8.465450562766819e-16 1
vt 0.0018125000000008469 0.986109375
vt 0.001814062500000227 0.9999999999999996
vt 2.2724877535296173e-16 0.9861093749999995
vt 0.012000000000000227 0.9861093749999995
vt 0.010185937500000228 0.9999999999999996
vt 2.2724877535296173e-16 1
vt 0.0036265625000002273 0.98646875
vt 0.008373437500000228 0.98646875
vt 0.012000000000000227 1
vt 0.0065593750000008475 0.986109375
vt 0.008371875000000847 1
vt 8.465450562766819e-16 1
vt 0.0018125000000008469 0.986109375
vt 0.001814062500000227 0.9999999999999996
vt 2.2724877535296173e-16 0.9861093749999995
vt 0.012000000000000227 0.9861093749999995
vt 0.010185937500000228 0.9999999999999996
vt 2.2724877535296173e-16 1
vt 0.0036265625000002273 0.98646875
vt 0.008373437500000228 0.98646875
vt 0.012000000000000227 1
vt 0.0065593750000008475 0.986109375
vt 0.008371875000000847 1
vt 8.465450562766819e-16 1
vt 0.0018125000000008469 0.986109375
vt 0.001814062500000227 0.9999999999999996
vt 2.2724877535296173e-16 0.9861093749999995
vt 0.012000000000000227 0.9861093749999995
vt 0.010185937500000228 0.9999999999999996
vt 2.2724877535296173e-16 1
vt 0.0036265625000002273 0.98646875
vt 0.008373437500000228 0.98646875
vt 0.012000000000000227 1
vt 0.0065593750000008475 0.986109375
vt 0.008371875000000847 1
vt 8.465450562766819e-16 1
vt 0.0018125000000008469 0.986109375
vt 0.001814062500000227 0.9999999999999996
vt 2.2724877535296173e-16 0.9861093749999995
vt 0.012000000000000227 0.9861093749999995
vt 0.010185937500000228 0.9999999999999996
vt 2.2724877535296173e-16 1
vt 0.0036265625000002273 0.98646875
vt 0.008373437500000228 0.98646875
vt 0.012000000000000227 1
vt 0.0065593750000008475 0.986109375
vt 0.008371875000000847 1
vt 8.465450562766819e-16 1
vt 0.0018125000000008469 0.986109375
vt 0.008373437500000228 0.98646875
vt 0.0036265625000002273 0.98646875
vt 0.012000000000000227 1
vt 2.2724877535296173e-16 1
vt 0.008373437500000228 0.98646875
vt 0.012000000000000227 1
vt 2.2724877535296173e-16 1
vt 0.008373437500000228 0.98646875
vt 0.012000000000000227 1
vn -0.4217911627347784 -0.31722067389179054 0.8493899334784243
vn 0.9970691866990945 0.0016262554819678288 -0.07648785673761557
vn -0.42446526823538494 0.2699449014937974 -0.8642678903091141
vn -0.2694200704479836 -0.12126611203765042 0.9553571875016568
vn 0.9912553147247998 -0.005465235161300601 -0.1318447277462014
vn -0.5866260111636376 0.03308466218397653 -0.8091818881774432
vn -0.3796349655474098 0.05442396108935967 0.9235341495543957
vn 0.996767851636511 0.0059661256636618035 -0.0801140143077337
vn -0.5773220027159697 0.03444573356179299 -0.8157896767055905
vn -0.22095337300530674 0.23190263487267443 0.9473123956207313
vn 0.9795664736330502 0.036437139947739866 -0.19779246337143339
vn -0.6225004646262938 -0.1446847142846974 -0.7691290561358372
vn -0.22676411225699292 0.5566205344538285 0.7992193804060511
vn 0.7987143886170848 -0.0016389266672339755 0.6017081014374129
vn -0.42700187403798484 -0.23765427677819795 -0.8724619443259866
vn -0.4817477253566888 0.8752957901974582 0.04214746464811334
vn 0.6333291920211269 0.7736325046308418 -0.019669324148965103
vn -0.02052833472722445 -0.999788410677867 -0.0013120013537810885
vn -0.2488579567263878 0.3767326778364098 -0.8922680128886026
vn 0.0428671030734562 0.1423319171854103 -0.9888903057591449
vn -0.004974136967585024 -0.35585807107451967 0.9345267739409876
vn -0.14484748221502453 0.295413122918979 -0.9443253113748591
vn -0.9799023524374864 -0.034200611178247714 0.19652403894311427
vn -0.16949919367508776 -0.10901540995226575 0.9794823447803613
vn -0.33792920911328944 0.0761873767449039 -0.9380827965871653
vn 0.9911241279045827 -3.4163458595120957e-16 -0.13293969717650342
vn -0.4090859138414617 1.6136071367914705e-15 0.912495871276411
vn -0.608962410857832 -0.10918100135151806 -0.7856489617546103
vn 0.9953997814978918 0.007115200705633379 -0.09554396324660187
vn -0.3988142746494634 -0.01932366252499092 0.9168281029737488
vn -0.6397084841673054 -0.29840451293353815 -0.708327468015512
vn 0.9961405650341544 -0.003002445469775157 -0.08772092119122243
vn -0.7326707014258852 0.21213975055332107 0.646676402466702
vn -0.7590971175625015 -0.6475808522933928 0.06641239230192615
vn 0.9961946980917455 -7.742672261935968e-16 -0.0871557427476588
vn -0.617689758550287 0.7845629028680444 0.05404085144921425
vn -0.973722691263463 0.03975147880430228 0.22424080906808644
vn 0.974411641610048 -0.03829493617403983 -0.2214846508411761
vn 0.28980210740513407 0.5859150423781491 0.7567815415683414
usemtl none
f 223/853/235 224/854/235 227/855/235 226/856/235
f 224/857/236 225/858/236 228/859/236 227/860/236
f 225/861/237 223/862/237 226/863/237 228/864/237
f 226/865/238 227/866/238 230/867/238 229/868/238
f 227/869/239 228/870/239 231/871/239 230/872/239
f 228/873/240 226/874/240 229/875/240 231/876/240
f 229/877/241 230/878/241 233/879/241 232/880/241
f 230/881/242 231/882/242 234/883/242 233/884/242
f 231/885/243 229/886/243 232/887/243 234/888/243
f 232/889/244 233/890/244 236/891/244 235/892/244
f 234/893/245 237/894/245 233/895/245
f 234/896/246 232/897/246 235/898/246 237/899/246
f 235/900/247 236/901/247 239/902/247 238/903/247
f 237/904/248 240/905/248 236/906/248
f 237/907/249 235/908/249 238/909/249 240/910/249
f 238/911/250 239/912/250 242/913/250 241/914/250
f 239/915/251 240/916/251 243/917/251 242/918/251
f 240/919/252 238/920/252 241/921/252 243/922/252
f 241/923/253 242/924/253 245/925/253 244/926/253
f 242/927/254 243/928/254 246/929/254 245/930/254
f 243/931/255 241/932/255 244/933/255 246/934/255
f 244/935/256 245/936/256 248/937/256 247/938/256
f 246/939/257 245/940/257 248/941/257
f 246/942/258 244/943/258 247/944/258 249/945/258
f 247/946/259 248/947/259 251/948/259 250/949/259
f 248/950/260 249/951/260 252/952/260 251/953/260
f 249/954/261 247/955/261 250/956/261 252/957/261
f 250/958/262 251/959/262 254/960/262 253/961/262
f 251/962/263 252/963/263 255/964/263 254/965/263
f 252/966/264 250/967/264 253/968/264 255/969/264
f 253/970/265 254/971/265 257/972/265 256/973/265
f 254/974/266 255/975/266 258/976/266 257/977/266
f 255/978/267 253/979/267 256/980/267 258/981/267
f 256/982/268 257/983/268 224/984/268 223/985/268
f 257/986/269 258/987/269 225/988/269 224/989/269
f 258/990/270 256/991/270 223/992/270 225/993/270
f 249/994/271 246/995/271 248/996/271
f 233/997/272 237/998/272 236/999/272
f 236/1000/273 240/1001/273 239/1002/273
o cube
v -0.26875000000000004 0.8396893026590266 -0.6538767145189576
v -0.26875000000000004 0.008838834764831847 -1.4847271824131523
v -0.26875000000000004 0.7866562940700356 -0.6008437059299665
v -0.26875000000000004 -0.04419417382415922 -1.431694173824161
v -0.3062499999999999 0.008838834764831847 -1.4847271824131523
v -0.3062499999999999 0.8396893026590266 -0.6538767145189576
v -0.3062499999999999 -0.04419417382415922 -1.431694173824161
v -0.3062499999999999 0.7866562940700356 -0.6008437059299665
vt 0.02187499999999999 0.9796875
vt 0.031249999999999986 0.9796875
vt 0.031249999999999986 0.9609375
vt 0.02187499999999999 0.9609375
vt 0.015625 0.9796875
vt 0.309375 0.9796875
vt 0.309375 0.9609375
vt 0.015625 0.9609375
vt 0 0.9796875
vt 0.009374999999999994 0.9796875
vt 0.009374999999999994 0.9609375
vt 0 0.9609375
vt 0 0.9796875
vt 0.29375 0.9796875
vt 0.29375 0.9609375
vt 0 0.9609375
vt 0 1
vt 0.009374999999999994 1
vt 0.009374999999999994 0.70625
vt 0 0.70625
vt 0 0.984375
vt 0.009374999999999994 0.984375
vt 0.009374999999999994 0.690625
vt 0 0.690625
vn 0 -0.7071067811865476 -0.7071067811865475
vn 1 0 0
vn 0 0.7071067811865476 0.7071067811865475
vn -1 0 0
vn 0 0.7071067811865475 -0.7071067811865476
vn 0 -0.7071067811865475 0.7071067811865476
usemtl none
f 263/1006/274 266/1005/274 264/1004/274 261/1003/274
f 262/1010/275 263/1009/275 261/1008/275 260/1007/275
f 267/1014/276 262/1013/276 260/1012/276 265/1011/276
f 266/1018/277 267/1017/277 265/1016/277 264/1015/277
f 265/1022/278 260/1021/278 261/1020/278 264/1019/278
f 266/1026/279 263/1025/279 262/1024/279 267/1023/279
o cube
v 0.30625000000000036 0.8396893026590266 -0.6538767145189576
v 0.30625000000000036 0.008838834764831847 -1.4847271824131523
v 0.30625000000000036 0.7866562940700356 -0.6008437059299665
v 0.30625000000000036 -0.04419417382415922 -1.431694173824161
v 0.2687500000000004 0.008838834764831847 -1.4847271824131523
v 0.2687500000000004 0.8396893026590266 -0.6538767145189576
v 0.2687500000000004 -0.04419417382415922 -1.431694173824161
v 0.2687500000000004 0.7866562940700356 -0.6008437059299665
vt 0.02187499999999999 0.9796875
vt 0.031249999999999986 0.9796875
vt 0.031249999999999986 0.9609375
vt 0.02187499999999999 0.9609375
vt 0.015625 0.9796875
vt 0.309375 0.9796875
vt 0.309375 0.9609375
vt 0.015625 0.9609375
vt 0 0.9796875
vt 0.009374999999999994 0.9796875
vt 0.009374999999999994 0.9609375
vt 0 0.9609375
vt 0 0.9796875
vt 0.29375 0.9796875
vt 0.29375 0.9609375
vt 0 0.9609375
vt 0 1
vt 0.009374999999999994 1
vt 0.009374999999999994 0.70625
vt 0 0.70625
vt 0 0.984375
vt 0.009374999999999994 0.984375
vt 0.009374999999999994 0.690625
vt 0 0.690625
vn 0 -0.7071067811865476 -0.7071067811865475
vn 1 0 0
vn 0 0.7071067811865476 0.7071067811865475
vn -1 0 0
vn 0 0.7071067811865475 -0.7071067811865476
vn 0 -0.7071067811865475 0.7071067811865476
usemtl none
f 271/1030/280 274/1029/280 272/1028/280 269/1027/280
f 270/1034/281 271/1033/281 269/1032/281 268/1031/281
f 275/1038/282 270/1037/282 268/1036/282 273/1035/282
f 274/1042/283 275/1041/283 273/1040/283 272/1039/283
f 273/1046/284 268/1045/284 269/1044/284 272/1043/284
f 274/1050/285 271/1049/285 270/1048/285 275/1047/285
o cube
v -0.2687500000000024 0.03750000000000001 -1.306250000000002
v 0.26874999999999993 0.03750000000000001 -1.3062500000000021
v -0.2687500000000024 0 -1.306250000000002
v 0.26874999999999993 0 -1.3062500000000021
v 0.2687499999999999 0.03750000000000001 -1.5000000000000024
v -0.2687500000000024 0.03750000000000001 -1.5000000000000022
v 0.2687499999999999 0 -1.5000000000000024
v -0.2687500000000024 0 -1.5000000000000022
vt 0.006249999999999992 0.9703125
vt 0.054687499999999986 0.9703125
vt 0.054687499999999986 0.9609375
vt 0.006249999999999992 0.9609375
vt 0.14375 0.9703125
vt 0.278125 0.9703125
vt 0.278125 0.9609375
vt 0.14375 0.9609375
vt 0 0.9703125
vt 0.048437499999999994 0.9703125
vt 0.048437499999999994 0.9609375
vt 0 0.9609375
vt 0.03125 0.9703125
vt 0.16562500000000002 0.9703125
vt 0.16562500000000002 0.9609375
vt 0.03125 0.9609375
vt 0 0.96875
vt 0.048437499999999994 0.96875
vt 0.048437499999999994 0.834375
vt 0 0.834375
vt 0 0.85625
vt 0.048437499999999994 0.85625
vt 0.048437499999999994 0.721875
vt 0 0.721875
vn 1 0 -2.220446049250313e-16
vn 2.220446049250313e-16 0 1
vn -1 0 2.220446049250313e-16
vn -2.220446049250313e-16 0 -1
vn 0 1 0
vn 0 -1 0
usemtl none
f 279/1054/286 282/1053/286 280/1052/286 277/1051/286
f 278/1058/287 279/1057/287 277/1056/287 276/1055/287
f 283/1062/288 278/1061/288 276/1060/288 281/1059/288
f 282/1066/289 283/1065/289 281/1064/289 280/1063/289
f 281/1070/290 276/1069/290 277/1068/290 280/1067/290
f 282/1074/291 279/1073/291 278/1072/291 283/1071/291
o cube
v -0.26875000000000127 0.17500000000000007 -1.1812500000000015
v 0.2687500000000004 0.17500000000000007 -1.1812500000000017
v -0.26875000000000127 0.13750000000000004 -1.1812500000000015
v 0.2687500000000004 0.13750000000000004 -1.1812500000000017
v 0.2687500000000003 0.17500000000000007 -1.375000000000002
v -0.26875000000000127 0.17500000000000007 -1.3750000000000018
v 0.2687500000000003 0.13750000000000004 -1.375000000000002
v -0.26875000000000127 0.13750000000000004 -1.3750000000000018
vt 0.006249999999999992 0.9703125
vt 0.054687499999999986 0.9703125
vt 0.054687499999999986 0.9609375
vt 0.006249999999999992 0.9609375
vt 0.14375000000000004 0.9703125
vt 0.278125 0.9703125
vt 0.278125 0.9609375
vt 0.14375000000000004 0.9609375
vt 0 0.9703125
vt 0.048437499999999994 0.9703125
vt 0.048437499999999994 0.9609375
vt 0 0.9609375
vt 0.03125 0.9703125
vt 0.16562499999999997 0.9703125
vt 0.16562499999999997 0.9609375
vt 0.03125 0.9609375
vt 0 0.96875
vt 0.048437499999999994 0.96875
vt 0.048437499999999994 0.8343750000000001
vt 0 0.8343750000000001
vt 0 0.85625
vt 0.048437499999999994 0.85625
vt 0.048437499999999994 0.721875
vt 0 0.721875
vn 1 0 -2.220446049250313e-16
vn 2.220446049250313e-16 0 1
vn -1 0 2.220446049250313e-16
vn -2.220446049250313e-16 0 -1
vn 0 1 0
vn 0 -1 0
usemtl none
f 287/1078/292 290/1077/292 288/1076/292 285/1075/292
f 286/1082/293 287/1081/293 285/1080/293 284/1079/293
f 291/1086/294 286/1085/294 284/1084/294 289/1083/294
f 290/1090/295 291/1089/295 289/1088/295 288/1087/295
f 289/1094/296 284/1093/296 285/1092/296 288/1091/296
f 290/1098/297 287/1097/297 286/1096/297 291/1095/297
o cube
v -0.26874999999999893 0.4624999999999999 -0.8937499999999998
v 0.26875000000000027 0.4624999999999999 -0.8937499999999999
v -0.26874999999999893 0.42499999999999993 -0.8937499999999998
v 0.26875000000000027 0.42499999999999993 -0.8937499999999999
v 0.2687500000000002 0.4624999999999999 -1.0875000000000004
v -0.26874999999999893 0.4624999999999999 -1.0875000000000001
v 0.2687500000000002 0.42499999999999993 -1.0875000000000004
v -0.26874999999999893 0.42499999999999993 -1.0875000000000001
vt 0.006249999999999992 0.9703125
vt 0.054687499999999986 0.9703125
vt 0.054687499999999986 0.9609375
vt 0.006249999999999992 0.9609375
vt 0.14375000000000016 0.9703125
vt 0.278125 0.9703125
vt 0.278125 0.9609375
vt 0.14375000000000016 0.9609375
vt 0 0.9703125
vt 0.048437499999999994 0.9703125
vt 0.048437499999999994 0.9609375
vt 0 0.9609375
vt 0.03125 0.9703125
vt 0.16562499999999986 0.9703125
vt 0.16562499999999986 0.9609375
vt 0.03125 0.9609375
vt 0 0.96875
vt 0.048437499999999994 0.96875
vt 0.048437499999999994 0.8343750000000001
vt 0 0.8343750000000001
vt 0 0.8562499999999998
vt 0.048437499999999994 0.8562499999999998
vt 0.048437499999999994 0.721875
vt 0 0.721875
vn 1 0 -2.220446049250313e-16
vn 2.220446049250313e-16 0 1
vn -1 0 2.220446049250313e-16
vn -2.220446049250313e-16 0 -1
vn 0 1 0
vn 0 -1 0
usemtl none
f 295/1102/298 298/1101/298 296/1100/298 293/1099/298
f 294/1106/299 295/1105/299 293/1104/299 292/1103/299
f 299/1110/300 294/1109/300 292/1108/300 297/1107/300
f 298/1114/301 299/1113/301 297/1112/301 296/1111/301
f 297/1118/302 292/1117/302 293/1116/302 296/1115/302
f 298/1122/303 295/1121/303 294/1120/303 299/1119/303
o cube
v -0.26874999999999993 0.31875 -1.0375000000000005
v 0.2687499999999995 0.31875 -1.0375000000000008
v -0.26874999999999993 0.28125 -1.0375000000000005
v 0.2687499999999995 0.28125 -1.0375000000000008
v 0.26874999999999943 0.31875 -1.231250000000001
v -0.26874999999999993 0.31875 -1.231250000000001
v 0.26874999999999943 0.28125 -1.231250000000001
v -0.26874999999999993 0.28125 -1.231250000000001
vt 0.006249999999999992 0.9703125
vt 0.054687499999999986 0.9703125
vt 0.054687499999999986 0.9609375
vt 0.006249999999999992 0.9609375
vt 0.14375000000000016 0.9703125
vt 0.278125 0.9703125
vt 0.278125 0.9609375
vt 0.14375000000000016 0.9609375
vt 0 0.9703125
vt 0.048437499999999994 0.9703125
vt 0.048437499999999994 0.9609375
vt 0 0.9609375
vt 0.03125 0.9703125
vt 0.16562499999999986 0.9703125
vt 0.16562499999999986 0.9609375
vt 0.03125 0.9609375
vt 0 0.96875
vt 0.048437499999999994 0.96875
vt 0.048437499999999994 0.8343750000000001
vt 0 0.8343750000000001
vt 0 0.8562499999999998
vt 0.048437499999999994 0.8562499999999998
vt 0.048437499999999994 0.721875
vt 0 0.721875
vn 1 0 -2.220446049250313e-16
vn 2.220446049250313e-16 0 1
vn -1 0 2.220446049250313e-16
vn -2.220446049250313e-16 0 -1
vn 0 1 0
vn 0 -1 0
usemtl none
f 303/1126/304 306/1125/304 304/1124/304 301/1123/304
f 302/1130/305 303/1129/305 301/1128/305 300/1127/305
f 307/1134/306 302/1133/306 300/1132/306 305/1131/306
f 306/1138/307 307/1137/307 305/1136/307 304/1135/307
f 305/1142/308 300/1141/308 301/1140/308 304/1139/308
f 306/1146/309 303/1145/309 302/1144/309 307/1143/309
o cube
v -0.2687499999999985 0.6062499999999995 -0.7624999999999998
v 0.26875000000000027 0.6062499999999995 -0.7625
v -0.2687499999999985 0.5687499999999994 -0.7624999999999998
v 0.26875000000000027 0.5687499999999994 -0.7625
v 0.2687500000000002 0.6062499999999995 -0.9562500000000003
v -0.2687499999999985 0.6062499999999995 -0.9562500000000002
v 0.2687500000000002 0.5687499999999994 -0.9562500000000003
v -0.2687499999999985 0.5687499999999994 -0.9562500000000002
vt 0.006249999999999992 0.9703125
vt 0.054687499999999986 0.9703125
vt 0.054687499999999986 0.9609375
vt 0.006249999999999992 0.9609375
vt 0.14375000000000016 0.9703125
vt 0.278125 0.9703125
vt 0.278125 0.9609375
vt 0.14375000000000016 0.9609375
vt 0 0.9703125
vt 0.048437499999999994 0.9703125
vt 0.048437499999999994 0.9609375
vt 0 0.9609375
vt 0.03125 0.9703125
vt 0.16562499999999986 0.9703125
vt 0.16562499999999986 0.9609375
vt 0.03125 0.9609375
vt 0 0.96875
vt 0.048437499999999994 0.96875
vt 0.048437499999999994 0.8343750000000001
vt 0 0.8343750000000001
vt 0 0.8562499999999998
vt 0.048437499999999994 0.8562499999999998
vt 0.048437499999999994 0.721875
vt 0 0.721875
vn 1 0 -2.220446049250313e-16
vn 2.220446049250313e-16 0 1
vn -1 0 2.220446049250313e-16
vn -2.220446049250313e-16 0 -1
vn 0 1 0
vn 0 -1 0
usemtl none
f 311/1150/310 314/1149/310 312/1148/310 309/1147/310
f 310/1154/311 311/1153/311 309/1152/311 308/1151/311
f 315/1158/312 310/1157/312 308/1156/312 313/1155/312
f 314/1162/313 315/1161/313 313/1160/313 312/1159/313
f 313/1166/314 308/1165/314 309/1164/314 312/1163/314
f 314/1170/315 311/1169/315 310/1168/315 315/1167/315
o cube
v -0.26874999999999827 0.7437499999999995 -0.6249999999999998
v 0.2687500000000004 0.7437499999999995 -0.6249999999999999
v -0.26874999999999827 0.7062499999999994 -0.6249999999999998
v 0.2687500000000004 0.7062499999999994 -0.6249999999999999
v 0.2687500000000003 0.7437499999999995 -0.8187500000000002
v -0.26874999999999827 0.7437499999999995 -0.8187500000000001
v 0.2687500000000003 0.7062499999999994 -0.8187500000000002
v -0.26874999999999827 0.7062499999999994 -0.8187500000000001
vt 0.006249999999999992 0.9703125
vt 0.054687499999999986 0.9703125
vt 0.054687499999999986 0.9609375
vt 0.006249999999999992 0.9609375
vt 0.14375000000000016 0.9703125
vt 0.278125 0.9703125
vt 0.278125 0.9609375
vt 0.14375000000000016 0.9609375
vt 0 0.9703125
vt 0.048437499999999994 0.9703125
vt 0.048437499999999994 0.9609375
vt 0 0.9609375
vt 0.03125 0.9703125
vt 0.16562499999999986 0.9703125
vt 0.16562499999999986 0.9609375
vt 0.03125 0.9609375
vt 0 0.96875
vt 0.048437499999999994 0.96875
vt 0.048437499999999994 0.8343750000000001
vt 0 0.8343750000000001
vt 0 0.8562499999999998
vt 0.048437499999999994 0.8562499999999998
vt 0.048437499999999994 0.721875
vt 0 0.721875
vn 1 0 -2.220446049250313e-16
vn 2.220446049250313e-16 0 1
vn -1 0 2.220446049250313e-16
vn -2.220446049250313e-16 0 -1
vn 0 1 0
vn 0 -1 0
usemtl none
f 319/1174/316 322/1173/316 320/1172/316 317/1171/316
f 318/1178/317 319/1177/317 317/1176/317 316/1175/317
f 323/1182/318 318/1181/318 316/1180/318 321/1179/318
f 322/1186/319 323/1185/319 321/1184/319 320/1183/319
f 321/1190/320 316/1189/320 317/1188/320 320/1187/320
f 322/1194/321 319/1193/321 318/1192/321 323/1191/321
o cube
v -0.26875000000000004 0.8392097327191075 -0.6534390783230881
v -0.26875000000000004 0.7860847327191074 -0.6534390783230881
v -0.26875000000000004 0.8392097327191075 -0.600314078323088
v -0.26875000000000004 0.7860847327191074 -0.600314078323088
v -0.3062499999999999 0.7860847327191074 -0.6534390783230881
v -0.3062499999999999 0.8392097327191075 -0.6534390783230881
v -0.3062499999999999 0.7860847327191074 -0.600314078323088
v -0.3062499999999999 0.8392097327191075 -0.600314078323088
vt 0.02187499999999999 0.97421875
vt 0.031249999999999986 0.97421875
vt 0.031249999999999986 0.9609375
vt 0.02187499999999999 0.9609375
vt 0.0023437499999999917 0.97421875
vt 0.015625 0.97421875
vt 0.015625 0.9609375
vt 0.0023437499999999917 0.9609375
vt 0 0.97421875
vt 0.009374999999999994 0.97421875
vt 0.009374999999999994 0.9609375
vt 0 0.9609375
vt 0.29375 0.97421875
vt 0.30703125000000003 0.97421875
vt 0.30703125000000003 0.9609375
vt 0.29375 0.9609375
vt 0 0.70625
vt 0.009374999999999994 0.70625
vt 0.009374999999999994 0.6929687499999999
vt 0 0.6929687499999999
vt 0 0.99765625
vt 0.009374999999999994 0.99765625
vt 0.009374999999999994 0.984375
vt 0 0.984375
vn 0 -1 -2.220446049250313e-16
vn 1 0 0
vn 0 1 2.220446049250313e-16
vn -1 0 0
vn 0 2.220446049250313e-16 -1
vn 0 -2.220446049250313e-16 1
usemtl none
f 327/1198/322 330/1197/322 328/1196/322 325/1195/322
f 326/1202/323 327/1201/323 325/1200/323 324/1199/323
f 331/1206/324 326/1205/324 324/1204/324 329/1203/324
f 330/1210/325 331/1209/325 329/1208/325 328/1207/325
f 329/1214/326 324/1213/326 325/1212/326 328/1211/326
f 330/1218/327 327/1217/327 326/1216/327 331/1215/327
o cube
v 0.30625000000000024 0.8392097327191075 -0.6534390783230881
v 0.30625000000000024 0.7860847327191074 -0.6534390783230881
v 0.30625000000000024 0.8392097327191075 -0.600314078323088
v 0.30625000000000024 0.7860847327191074 -0.600314078323088
v 0.26875000000000027 0.7860847327191074 -0.6534390783230881
v 0.26875000000000027 0.8392097327191075 -0.6534390783230881
v 0.26875000000000027 0.7860847327191074 -0.600314078323088
v 0.26875000000000027 0.8392097327191075 -0.600314078323088
vt 0.02187499999999999 0.97421875
vt 0.031249999999999986 0.97421875
vt 0.031249999999999986 0.9609375
vt 0.02187499999999999 0.9609375
vt 0.0023437499999999917 0.97421875
vt 0.015625 0.97421875
vt 0.015625 0.9609375
vt 0.0023437499999999917 0.9609375
vt 0 0.97421875
vt 0.009374999999999994 0.97421875
vt 0.009374999999999994 0.9609375
vt 0 0.9609375
vt 0.29375 0.97421875
vt 0.30703125000000003 0.97421875
vt 0.30703125000000003 0.9609375
vt 0.29375 0.9609375
vt 0 0.70625
vt 0.009374999999999994 0.70625
vt 0.009374999999999994 0.6929687499999999
vt 0 0.6929687499999999
vt 0 0.99765625
vt 0.009374999999999994 0.99765625
vt 0.009374999999999994 0.984375
vt 0 0.984375
vn 0 -1 -2.220446049250313e-16
vn 1 0 0
vn 0 1 2.220446049250313e-16
vn -1 0 0
vn 0 2.220446049250313e-16 -1
vn 0 -2.220446049250313e-16 1
usemtl none
f 335/1222/328 338/1221/328 336/1220/328 333/1219/328
f 334/1226/329 335/1225/329 333/1224/329 332/1223/329
f 339/1230/330 334/1229/330 332/1228/330 337/1227/330
f 338/1234/331 339/1233/331 337/1232/331 336/1231/331
f 337/1238/332 332/1237/332 333/1236/332 336/1235/332
f 338/1242/333 335/1241/333 334/1240/333 339/1239/333
o cube
v -0.3062499999999989 0.8015624999999994 -0.5562500000000001
v -0.26874999999999993 0.8015624999999994 -0.5562500000000001
v -0.3062499999999989 0.8015624999999994 -0.5562500000000001
v -0.26874999999999993 0.8015624999999994 -0.5562500000000001
v -0.26874999999999993 0.8015624999999994 -0.6000000000000001
v -0.3062499999999989 0.8015624999999994 -0.6000000000000001
v -0.26874999999999993 0.8015624999999994 -0.6000000000000001
v -0.3062499999999989 0.8015624999999994 -0.6000000000000001
vt 0.0921875 0.9609375
vt 0.103125 0.9609375
vt 0.103125 0.9609375
vt 0.0921875 0.9609375
vt 0.13437500000000013 0.9609375
vt 0.14374999999999985 0.9609375
vt 0.14374999999999985 0.9609375
vt 0.13437500000000013 0.9609375
vt 0.0234375 0.9609375
vt 0.03437499999999999 0.9609375
vt 0.03437499999999999 0.9609375
vt 0.0234375 0.9609375
vt 0.16562500000000002 0.9609375
vt 0.17499999999999974 0.9609375
vt 0.17499999999999974 0.9609375
vt 0.16562500000000002 0.9609375
vt 0.0234375 0.834375
vt 0.03437499999999999 0.834375
vt 0.03437499999999999 0.8250000000000003
vt 0.0234375 0.8250000000000003
vt 0.0234375 0.8656249999999999
vt 0.03437499999999999 0.8656249999999999
vt 0.03437499999999999 0.8562500000000002
vt 0.0234375 0.8562500000000002
vn 1 0 -2.220446049250313e-16
vn 2.220446049250313e-16 0 1
vn -1 0 2.220446049250313e-16
vn -2.220446049250313e-16 0 -1
vn 0 1 0
vn 0 -1 0
usemtl none
f 343/1246/334 346/1245/334 344/1244/334 341/1243/334
f 342/1250/335 343/1249/335 341/1248/335 340/1247/335
f 347/1254/336 342/1253/336 340/1252/336 345/1251/336
f 346/1258/337 347/1257/337 345/1256/337 344/1255/337
f 345/1262/338 340/1261/338 341/1260/338 344/1259/338
f 346/1266/339 343/1265/339 342/1264/339 347/1263/339
o cube
v -0.3062499999999989 0.8015624999999994 -0.5562500000000001
v -0.26874999999999993 0.8015624999999994 -0.5562500000000001
v -0.3062499999999989 0.001562499999999356 -0.5562500000000001
v -0.26874999999999993 0.001562499999999356 -0.5562500000000001
v -0.26874999999999993 0.8015624999999994 -0.6000000000000001
v -0.3062499999999989 0.8015624999999994 -0.6000000000000001
v -0.26874999999999993 0.001562499999999356 -0.6000000000000001
v -0.3062499999999989 0.001562499999999356 -0.6000000000000001
vt 0.0921875 0.9609375
vt 0.103125 0.9609375
vt 0.103125 0.7609375
vt 0.0921875 0.7609375
vt 0.13437500000000013 0.9609375
vt 0.14374999999999985 0.9609375
vt 0.14374999999999985 0.7609375
vt 0.13437500000000013 0.7609375
vt 0.0234375 0.9609375
vt 0.03437499999999999 0.9609375
vt 0.03437499999999999 0.7609375
vt 0.0234375 0.7609375
vt 0.16562500000000002 0.9609375
vt 0.17499999999999974 0.9609375
vt 0.17499999999999974 0.7609375
vt 0.16562500000000002 0.7609375
vt 0.0234375 0.834375
vt 0.03437499999999999 0.834375
vt 0.03437499999999999 0.8250000000000003
vt 0.0234375 0.8250000000000003
vt 0.0234375 0.8656249999999999
vt 0.03437499999999999 0.8656249999999999
vt 0.03437499999999999 0.8562500000000002
vt 0.0234375 0.8562500000000002
vn 1 0 -2.220446049250313e-16
vn 2.220446049250313e-16 0 1
vn -1 0 2.220446049250313e-16
vn -2.220446049250313e-16 0 -1
vn 0 1 0
vn 0 -1 0
usemtl none
f 351/1270/340 354/1269/340 352/1268/340 349/1267/340
f 350/1274/341 351/1273/341 349/1272/341 348/1271/341
f 355/1278/342 350/1277/342 348/1276/342 353/1275/342
f 354/1282/343 355/1281/343 353/1280/343 352/1279/343
f 353/1286/344 348/1285/344 349/1284/344 352/1283/344
f 354/1290/345 351/1289/345 350/1288/345 355/1287/345
o cube
v 0.26875000000000027 0.8015624999999994 -0.5562499999999997
v 0.30624999999999925 0.8015624999999994 -0.5562499999999997
v 0.26875000000000027 0.001562499999999356 -0.5562499999999997
v 0.30624999999999925 0.001562499999999356 -0.5562499999999997
v 0.30624999999999925 0.8015624999999994 -0.5999999999999994
v 0.26875000000000027 0.8015624999999994 -0.5999999999999994
v 0.30624999999999925 0.001562499999999356 -0.5999999999999994
v 0.26875000000000027 0.001562499999999356 -0.5999999999999994
vt 0.0921875 0.9609375
vt 0.103125 0.9609375
vt 0.103125 0.7609375
vt 0.0921875 0.7609375
vt 0.13437500000000013 0.9609375
vt 0.14374999999999985 0.9609375
vt 0.14374999999999985 0.7609375
vt 0.13437500000000013 0.7609375
vt 0.0234375 0.9609375
vt 0.03437499999999999 0.9609375
vt 0.03437499999999999 0.7609375
vt 0.0234375 0.7609375
vt 0.16562500000000002 0.9609375
vt 0.17499999999999974 0.9609375
vt 0.17499999999999974 0.7609375
vt 0.16562500000000002 0.7609375
vt 0.0234375 0.834375
vt 0.03437499999999999 0.834375
vt 0.03437499999999999 0.8250000000000003
vt 0.0234375 0.8250000000000003
vt 0.0234375 0.8656249999999999
vt 0.03437499999999999 0.8656249999999999
vt 0.03437499999999999 0.8562500000000002
vt 0.0234375 0.8562500000000002
vn 1 0 -2.220446049250313e-16
vn 2.220446049250313e-16 0 1
vn -1 0 2.220446049250313e-16
vn -2.220446049250313e-16 0 -1
vn 0 1 0
vn 0 -1 0
usemtl none
f 359/1294/346 362/1293/346 360/1292/346 357/1291/346
f 358/1298/347 359/1297/347 357/1296/347 356/1295/347
f 363/1302/348 358/1301/348 356/1300/348 361/1299/348
f 362/1306/349 363/1305/349 361/1304/349 360/1303/349
f 361/1310/350 356/1309/350 357/1308/350 360/1307/350
f 362/1314/351 359/1313/351 358/1312/351 363/1311/351
o cube
v 0.29375000000000145 0.9015624999999992 -0.1874999999999999
v 0.3062500000000003 0.9015624999999992 -0.1874999999999999
v 0.29375000000000145 0.8515624999999993 -0.1874999999999999
v 0.3062500000000003 0.8515624999999993 -0.1874999999999999
v 0.30625000000000024 0.9015624999999992 -0.6000000000000002
v 0.2937500000000014 0.9015624999999992 -0.6000000000000002
v 0.30625000000000024 0.8515624999999993 -0.6000000000000002
v 0.2937500000000014 0.8515624999999993 -0.6000000000000002
vt 0 0.9734375
vt 0.103125 0.9734375
vt 0.103125 0.9609375
vt 0 0.9609375
vt 0.28437500000000016 0.9734375
vt 0.28749999999999987 0.9734375
vt 0.28749999999999987 0.9609375
vt 0.28437500000000016 0.9609375
vt 0.0234375 0.9734375
vt 0.1265625 0.9734375
vt 0.1265625 0.9609375
vt 0.0234375 0.9609375
vt 0.021875000000000006 0.9734375
vt 0.024999999999999717 0.9734375
vt 0.024999999999999717 0.9609375
vt 0.021875000000000006 0.9609375
vt 0.0234375 0.978125
vt 0.1265625 0.978125
vt 0.1265625 0.9750000000000003
vt 0.0234375 0.9750000000000003
vt 0.0234375 0.7156249999999998
vt 0.1265625 0.7156249999999998
vt 0.1265625 0.7125000000000001
vt 0.0234375 0.7125000000000001
vn 1 0 -2.220446049250313e-16
vn 2.220446049250313e-16 0 1
vn -1 0 2.220446049250313e-16
vn -2.220446049250313e-16 0 -1
vn 0 1 0
vn 0 -1 0
usemtl none
f 367/1318/352 370/1317/352 368/1316/352 365/1315/352
f 366/1322/353 367/1321/353 365/1320/353 364/1319/353
f 371/1326/354 366/1325/354 364/1324/354 369/1323/354
f 370/1330/355 371/1329/355 369/1328/355 368/1327/355
f 369/1334/356 364/1333/356 365/1332/356 368/1331/356
f 370/1338/357 367/1337/357 366/1336/357 371/1335/357
o cube
v -0.30624999999999886 0.9015624999999992 -0.18749999999999994
v -0.29375 0.9015624999999992 -0.18749999999999994
v -0.30624999999999886 0.8515624999999993 -0.18749999999999994
v -0.29375 0.8515624999999993 -0.18749999999999994
v -0.29375000000000007 0.9015624999999992 -0.6000000000000001
v -0.3062499999999989 0.9015624999999992 -0.6000000000000001
v -0.29375000000000007 0.8515624999999993 -0.6000000000000001
v -0.3062499999999989 0.8515624999999993 -0.6000000000000001
vt 0 0.9734375
vt 0.103125 0.9734375
vt 0.103125 0.9609375
vt 0 0.9609375
vt 0.28437500000000016 0.9734375
vt 0.28749999999999987 0.9734375
vt 0.28749999999999987 0.9609375
vt 0.28437500000000016 0.9609375
vt 0.0234375 0.9734375
vt 0.1265625 0.9734375
vt 0.1265625 0.9609375
vt 0.0234375 0.9609375
vt 0.021875000000000006 0.9734375
vt 0.024999999999999717 0.9734375
vt 0.024999999999999717 0.9609375
vt 0.021875000000000006 0.9609375
vt 0.0234375 0.978125
vt 0.1265625 0.978125
vt 0.1265625 0.9750000000000003
vt 0.0234375 0.9750000000000003
vt 0.0234375 0.7156249999999998
vt 0.1265625 0.7156249999999998
vt 0.1265625 0.7125000000000001
vt 0.0234375 0.7125000000000001
vn 1 0 -2.220446049250313e-16
vn 2.220446049250313e-16 0 1
vn -1 0 2.220446049250313e-16
vn -2.220446049250313e-16 0 -1
vn 0 1 0
vn 0 -1 0
usemtl none
f 375/1342/358 378/1341/358 376/1340/358 373/1339/358
f 374/1346/359 375/1345/359 373/1344/359 372/1343/359
f 379/1350/360 374/1349/360 372/1348/360 377/1347/360
f 378/1354/361 379/1353/361 377/1352/361 376/1351/361
f 377/1358/362 372/1357/362 373/1356/362 376/1355/362
f 378/1362/363 375/1361/363 374/1360/363 379/1359/363
o cube
v 0.2812500000000002 1.3015624999999993 -0.5812499999999992
v 0.30624999999999925 1.3015624999999993 -0.5812499999999992
v 0.2812500000000002 0.8390624999999994 -0.5812499999999992
v 0.30624999999999925 0.8390624999999994 -0.5812499999999992
v 0.30624999999999925 1.3015624999999993 -0.5999999999999994
v 0.2812500000000002 1.3015624999999993 -0.5999999999999994
v 0.30624999999999925 0.8390624999999994 -0.5999999999999994
v 0.2812500000000002 0.8390624999999994 -0.5999999999999994
vt 0.09843749999999998 0.9296875
vt 0.10312500000000005 0.9296875
vt 0.10312500000000005 0.8140625
vt 0.09843749999999998 0.8140625
vt 0.13750000000000012 0.9296875
vt 0.14374999999999985 0.9296875
vt 0.14374999999999985 0.8140625
vt 0.13750000000000012 0.8140625
vt 0.0234375 0.9296875
vt 0.028125000000000067 0.9296875
vt 0.028125000000000067 0.8140625
vt 0.0234375 0.8140625
vt 0.16562500000000002 0.9296875
vt 0.17187499999999975 0.9296875
vt 0.17187499999999975 0.8140625
vt 0.16562500000000002 0.8140625
vt 0.0234375 0.834375
vt 0.028125000000000067 0.834375
vt 0.028125000000000067 0.8281250000000002
vt 0.0234375 0.8281250000000002
vt 0.0234375 0.8624999999999998
vt 0.028125000000000067 0.8624999999999998
vt 0.028125000000000067 0.8562500000000002
vt 0.0234375 0.8562500000000002
vn 1 0 -2.220446049250313e-16
vn 2.220446049250313e-16 0 1
vn -1 0 2.220446049250313e-16
vn -2.220446049250313e-16 0 -1
vn 0 1 0
vn 0 -1 0
usemtl none
f 383/1366/364 386/1365/364 384/1364/364 381/1363/364
f 382/1370/365 383/1369/365 381/1368/365 380/1367/365
f 387/1374/366 382/1373/366 380/1372/366 385/1371/366
f 386/1378/367 387/1377/367 385/1376/367 384/1375/367
f 385/1382/368 380/1381/368 381/1380/368 384/1379/368
f 386/1386/369 383/1385/369 382/1384/369 387/1383/369
o cube
v -0.3062499999999989 1.3015624999999993 -0.5812499999999998
v -0.2812499999999999 1.3015624999999993 -0.5812499999999998
v -0.3062499999999989 0.8390624999999994 -0.5812499999999998
v -0.2812499999999999 0.8390624999999994 -0.5812499999999998
v -0.2812499999999999 1.3015624999999993 -0.6000000000000001
v -0.3062499999999989 1.3015624999999993 -0.6000000000000001
v -0.2812499999999999 0.8390624999999994 -0.6000000000000001
v -0.3062499999999989 0.8390624999999994 -0.6000000000000001
vt 0.09843749999999998 0.9296875
vt 0.10312500000000005 0.9296875
vt 0.10312500000000005 0.8140625
vt 0.09843749999999998 0.8140625
vt 0.13750000000000012 0.9296875
vt 0.14374999999999985 0.9296875
vt 0.14374999999999985 0.8140625
vt 0.13750000000000012 0.8140625
vt 0.0234375 0.9296875
vt 0.028125000000000067 0.9296875
vt 0.028125000000000067 0.8140625
vt 0.0234375 0.8140625
vt 0.16562500000000002 0.9296875
vt 0.17187499999999975 0.9296875
vt 0.17187499999999975 0.8140625
vt 0.16562500000000002 0.8140625
vt 0.0234375 0.834375
vt 0.028125000000000067 0.834375
vt 0.028125000000000067 0.8281250000000002
vt 0.0234375 0.8281250000000002
vt 0.0234375 0.8624999999999998
vt 0.028125000000000067 0.8624999999999998
vt 0.028125000000000067 0.8562500000000002
vt 0.0234375 0.8562500000000002
vn 1 0 -2.220446049250313e-16
vn 2.220446049250313e-16 0 1
vn -1 0 2.220446049250313e-16
vn -2.220446049250313e-16 0 -1
vn 0 1 0
vn 0 -1 0
usemtl none
f 391/1390/370 394/1389/370 392/1388/370 389/1387/370
f 390/1394/371 391/1393/371 389/1392/371 388/1391/371
f 395/1398/372 390/1397/372 388/1396/372 393/1395/372
f 394/1402/373 395/1401/373 393/1400/373 392/1399/373
f 393/1406/374 388/1405/374 389/1404/374 392/1403/374
f 394/1410/375 391/1409/375 390/1408/375 395/1407/375
o cube
v -0.3062499999999988 1.3015624999999993 -0.18124999999999958
v -0.2812499999999998 1.3015624999999993 -0.18124999999999958
v -0.3062499999999988 1.2765624999999994 -0.18124999999999958
v -0.2812499999999998 1.2765624999999994 -0.18124999999999958
v -0.2812499999999999 1.3015624999999993 -0.6062500000000001
v -0.3062499999999989 1.3015624999999993 -0.6062500000000001
v -0.2812499999999999 1.2765624999999994 -0.6062500000000001
v -0.3062499999999989 1.2765624999999994 -0.6062500000000001
vt 0.009375000000000022 0.9296875
vt 0.11562500000000006 0.9296875
vt 0.11562500000000006 0.9234375
vt 0.009375000000000022 0.9234375
vt 0.13750000000000012 0.9296875
vt 0.14374999999999985 0.9296875
vt 0.14374999999999985 0.9234375
vt 0.13750000000000012 0.9234375
vt 0.021875000000000006 0.9296875
vt 0.12812500000000004 0.9296875
vt 0.12812500000000004 0.9234375
vt 0.021875000000000006 0.9234375
vt 0.16562500000000002 0.9296875
vt 0.17187499999999975 0.9296875
vt 0.17187499999999975 0.9234375
vt 0.16562500000000002 0.9234375
vt 0.021875000000000006 0.834375
vt 0.12812500000000004 0.834375
vt 0.12812500000000004 0.8281250000000002
vt 0.021875000000000006 0.8281250000000002
vt 0.021875000000000006 0.8624999999999998
vt 0.12812500000000004 0.8624999999999998
vt 0.12812500000000004 0.8562500000000002
vt 0.021875000000000006 0.8562500000000002
vn 1 0 -2.220446049250313e-16
vn 2.220446049250313e-16 0 1
vn -1 0 2.220446049250313e-16
vn -2.220446049250313e-16 0 -1
vn 0 1 0
vn 0 -1 0
usemtl none
f 399/1414/376 402/1413/376 400/1412/376 397/1411/376
f 398/1418/377 399/1417/377 397/1416/377 396/1415/377
f 403/1422/378 398/1421/378 396/1420/378 401/1419/378
f 402/1426/379 403/1425/379 401/1424/379 400/1423/379
f 401/1430/380 396/1429/380 397/1428/380 400/1427/380
f 402/1434/381 399/1433/381 398/1432/381 403/1431/381
o cube
v 0.2812500000000008 1.3015624999999993 -0.18125000000000124
v 0.3062499999999998 1.3015624999999993 -0.18125000000000124
v 0.2812500000000008 1.2765624999999994 -0.18125000000000124
v 0.3062499999999998 1.2765624999999994 -0.18125000000000124
v 0.3062499999999997 1.3015624999999993 -0.6062499999999994
v 0.28125000000000067 1.3015624999999993 -0.6062499999999994
v 0.3062499999999997 1.2765624999999994 -0.6062499999999994
v 0.28125000000000067 1.2765624999999994 -0.6062499999999994
vt 0.009375000000000022 0.9296875
vt 0.11562500000000006 0.9296875
vt 0.11562500000000006 0.9234375
vt 0.009375000000000022 0.9234375
vt 0.13750000000000012 0.9296875
vt 0.14374999999999985 0.9296875
vt 0.14374999999999985 0.9234375
vt 0.13750000000000012 0.9234375
vt 0.021875000000000006 0.9296875
vt 0.12812500000000004 0.9296875
vt 0.12812500000000004 0.9234375
vt 0.021875000000000006 0.9234375
vt 0.16562500000000002 0.9296875
vt 0.17187499999999975 0.9296875
vt 0.17187499999999975 0.9234375
vt 0.16562500000000002 0.9234375
vt 0.021875000000000006 0.834375
vt 0.12812500000000004 0.834375
vt 0.12812500000000004 0.8281250000000002
vt 0.021875000000000006 0.8281250000000002
vt 0.021875000000000006 0.8624999999999998
vt 0.12812500000000004 0.8624999999999998
vt 0.12812500000000004 0.8562500000000002
vt 0.021875000000000006 0.8562500000000002
vn 1 0 -2.220446049250313e-16
vn 2.220446049250313e-16 0 1
vn -1 0 2.220446049250313e-16
vn -2.220446049250313e-16 0 -1
vn 0 1 0
vn 0 -1 0
usemtl none
f 407/1438/382 410/1437/382 408/1436/382 405/1435/382
f 406/1442/383 407/1441/383 405/1440/383 404/1439/383
f 411/1446/384 406/1445/384 404/1444/384 409/1443/384
f 410/1450/385 411/1449/385 409/1448/385 408/1447/385
f 409/1454/386 404/1453/386 405/1452/386 408/1451/386
f 410/1458/387 407/1457/387 406/1456/387 411/1455/387
o cube
v 0.28125 1.3015624999999993 -0.18749999999999903
v 0.306249999999999 1.3015624999999993 -0.18749999999999903
v 0.28125 0.8390624999999994 -0.18749999999999903
v 0.306249999999999 0.8390624999999994 -0.18749999999999903
v 0.306249999999999 1.3015624999999993 -0.2062499999999993
v 0.28125 1.3015624999999993 -0.2062499999999993
v 0.306249999999999 0.8390624999999994 -0.2062499999999993
v 0.28125 0.8390624999999994 -0.2062499999999993
vt 0.09843749999999998 0.9296875
vt 0.10312500000000005 0.9296875
vt 0.10312500000000005 0.8140625
vt 0.09843749999999998 0.8140625
vt 0.13750000000000012 0.9296875
vt 0.14374999999999985 0.9296875
vt 0.14374999999999985 0.8140625
vt 0.13750000000000012 0.8140625
vt 0.0234375 0.9296875
vt 0.028125000000000067 0.9296875
vt 0.028125000000000067 0.8140625
vt 0.0234375 0.8140625
vt 0.16562500000000002 0.9296875
vt 0.17187499999999975 0.9296875
vt 0.17187499999999975 0.8140625
vt 0.16562500000000002 0.8140625
vt 0.0234375 0.834375
vt 0.028125000000000067 0.834375
vt 0.028125000000000067 0.8281250000000002
vt 0.0234375 0.8281250000000002
vt 0.0234375 0.8624999999999998
vt 0.028125000000000067 0.8624999999999998
vt 0.028125000000000067 0.8562500000000002
vt 0.0234375 0.8562500000000002
vn 1 0 -2.220446049250313e-16
vn 2.220446049250313e-16 0 1
vn -1 0 2.220446049250313e-16
vn -2.220446049250313e-16 0 -1
vn 0 1 0
vn 0 -1 0
usemtl none
f 415/1462/388 418/1461/388 416/1460/388 413/1459/388
f 414/1466/389 415/1465/389 413/1464/389 412/1463/389
f 419/1470/390 414/1469/390 412/1468/390 417/1467/390
f 418/1474/391 419/1473/391 417/1472/391 416/1471/391
f 417/1478/392 412/1477/392 413/1476/392 416/1475/392
f 418/1482/393 415/1481/393 414/1480/393 419/1479/393
o cube
v -0.2812499999999998 1.3015624999999993 -0.20624999999999996
v -0.3062499999999988 1.3015624999999993 -0.20624999999999996
v -0.2812499999999998 0.8390624999999994 -0.20624999999999996
v -0.3062499999999988 0.8390624999999994 -0.20624999999999996
v -0.3062499999999988 1.3015624999999993 -0.1874999999999997
v -0.2812499999999998 1.3015624999999993 -0.1874999999999997
v -0.3062499999999988 0.8390624999999994 -0.1874999999999997
v -0.2812499999999998 0.8390624999999994 -0.1874999999999997
vt 0.10312500000000005 0.9296875
vt 0.09843749999999998 0.9296875
vt 0.09843749999999998 0.8140625
vt 0.10312500000000005 0.8140625
vt 0.17187499999999975 0.9296875
vt 0.16562500000000002 0.9296875
vt 0.16562500000000002 0.8140625
vt 0.17187499999999975 0.8140625
vt 0.028125000000000067 0.9296875
vt 0.0234375 0.9296875
vt 0.0234375 0.8140625
vt 0.028125000000000067 0.8140625
vt 0.14374999999999985 0.9296875
vt 0.13750000000000012 0.9296875
vt 0.13750000000000012 0.8140625
vt 0.14374999999999985 0.8140625
vt 0.028125000000000067 0.834375
vt 0.0234375 0.834375
vt 0.0234375 0.8281250000000002
vt 0.028125000000000067 0.8281250000000002
vt 0.028125000000000067 0.8624999999999998
vt 0.0234375 0.8624999999999998
vt 0.0234375 0.8562500000000002
vt 0.028125000000000067 0.8562500000000002
vn -1 0 -2.220446049250313e-16
vn 2.220446049250313e-16 0 -1
vn 1 0 2.220446049250313e-16
vn -2.220446049250313e-16 0 1
vn 0 1 0
vn 0 -1 0
usemtl none
f 423/1486/394 426/1485/394 424/1484/394 421/1483/394
f 422/1490/395 423/1489/395 421/1488/395 420/1487/395
f 427/1494/396 422/1493/396 420/1492/396 425/1491/396
f 426/1498/397 427/1497/397 425/1496/397 424/1495/397
f 425/1502/398 420/1501/398 421/1500/398 424/1499/398
f 426/1506/399 423/1505/399 422/1504/399 427/1503/399
o cube
v 0.2812500000000008 1.1015624999999996 -0.18125000000000124
v 0.3062499999999998 1.1015624999999996 -0.18125000000000124
v 0.2812500000000008 1.0890624999999994 -0.18125000000000124
v 0.3062499999999998 1.0890624999999994 -0.18125000000000124
v 0.3062499999999997 1.1015624999999996 -0.6062499999999994
v 0.28125000000000067 1.1015624999999996 -0.6062499999999994
v 0.3062499999999997 1.0890624999999994 -0.6062499999999994
v 0.28125000000000067 1.0890624999999994 -0.6062499999999994
vt 0.009375000000000022 0.9265625
vt 0.11562500000000009 0.9265625
vt 0.11562500000000009 0.9234375
vt 0.009375000000000022 0.9234375
vt 0.13750000000000012 0.9265625
vt 0.14374999999999985 0.9265625
vt 0.14374999999999985 0.9234375
vt 0.13750000000000012 0.9234375
vt 0.021875000000000006 0.9265625
vt 0.12812500000000007 0.9265625
vt 0.12812500000000007 0.9234375
vt 0.021875000000000006 0.9234375
vt 0.16562500000000002 0.9265625
vt 0.17187499999999975 0.9265625
vt 0.17187499999999975 0.9234375
vt 0.16562500000000002 0.9234375
vt 0.021875000000000006 0.834375
vt 0.12812500000000007 0.834375
vt 0.12812500000000007 0.8281250000000002
vt 0.021875000000000006 0.8281250000000002
vt 0.021875000000000006 0.8624999999999998
vt 0.12812500000000007 0.8624999999999998
vt 0.12812500000000007 0.8562500000000002
vt 0.021875000000000006 0.8562500000000002
vn 1 0 -2.220446049250313e-16
vn 2.220446049250313e-16 0 1
vn -1 0 2.220446049250313e-16
vn -2.220446049250313e-16 0 -1
vn 0 1 0
vn 0 -1 0
usemtl none
f 431/1510/400 434/1509/400 432/1508/400 429/1507/400
f 430/1514/401 431/1513/401 429/1512/401 428/1511/401
f 435/1518/402 430/1517/402 428/1516/402 433/1515/402
f 434/1522/403 435/1521/403 433/1520/403 432/1519/403
f 433/1526/404 428/1525/404 429/1524/404 432/1523/404
f 434/1530/405 431/1529/405 430/1528/405 435/1527/405
o cube
v -0.30624999999999847 1.1015624999999996 -0.18124999999999958
v -0.28124999999999944 1.1015624999999996 -0.18124999999999958
v -0.30624999999999847 1.0890624999999994 -0.18124999999999958
v -0.28124999999999944 1.0890624999999994 -0.18124999999999958
v -0.28124999999999956 1.1015624999999996 -0.6062500000000002
v -0.3062499999999986 1.1015624999999996 -0.6062500000000002
v -0.28124999999999956 1.0890624999999994 -0.6062500000000002
v -0.3062499999999986 1.0890624999999994 -0.6062500000000002
vt 0.009375000000000022 0.9265625
vt 0.11562500000000009 0.9265625
vt 0.11562500000000009 0.9234375
vt 0.009375000000000022 0.9234375
vt 0.13750000000000012 0.9265625
vt 0.14374999999999985 0.9265625
vt 0.14374999999999985 0.9234375
vt 0.13750000000000012 0.9234375
vt 0.021875000000000006 0.9265625
vt 0.12812500000000007 0.9265625
vt 0.12812500000000007 0.9234375
vt 0.021875000000000006 0.9234375
vt 0.16562500000000002 0.9265625
vt 0.17187499999999975 0.9265625
vt 0.17187499999999975 0.9234375
vt 0.16562500000000002 0.9234375
vt 0.021875000000000006 0.834375
vt 0.12812500000000007 0.834375
vt 0.12812500000000007 0.8281250000000002
vt 0.021875000000000006 0.8281250000000002
vt 0.021875000000000006 0.8624999999999998
vt 0.12812500000000007 0.8624999999999998
vt 0.12812500000000007 0.8562500000000002
vt 0.021875000000000006 0.8562500000000002
vn 1 0 -2.220446049250313e-16
vn 2.220446049250313e-16 0 1
vn -1 0 2.220446049250313e-16
vn -2.220446049250313e-16 0 -1
vn 0 1 0
vn 0 -1 0
usemtl none
f 439/1534/406 442/1533/406 440/1532/406 437/1531/406
f 438/1538/407 439/1537/407 437/1536/407 436/1535/407
f 443/1542/408 438/1541/408 436/1540/408 441/1539/408
f 442/1546/409 443/1545/409 441/1544/409 440/1543/409
f 441/1550/410 436/1549/410 437/1548/410 440/1547/410
f 442/1554/411 439/1553/411 438/1552/411 443/1551/411
o cube
v -0.43124999999999974 2.4390624999999995 -0.23750000000000038
v -0.3812500000000005 2.4390624999999995 -0.23750000000000038
v -0.43124999999999974 0.001562499999999467 -0.23750000000000038
v -0.3812500000000005 0.001562499999999467 -0.23750000000000038
v -0.3812500000000005 2.4390624999999995 -0.2875000000000004
v -0.43124999999999974 2.4390624999999995 -0.2875000000000004
v -0.3812500000000005 0.001562499999999467 -0.2875000000000004
v -0.43124999999999974 0.001562499999999467 -0.2875000000000004
vt 0.09062500000000001 0.971875
vt 0.10312500000000002 0.971875
vt 0.10312500000000002 0.36250000000000004
vt 0.09062500000000001 0.36250000000000004
vt 0.13437500000000013 0.971875
vt 0.14687499999999995 0.971875
vt 0.14687499999999995 0.36250000000000004
vt 0.13437500000000013 0.36250000000000004
vt 0.0234375 0.971875
vt 0.035937500000000004 0.971875
vt 0.035937500000000004 0.36250000000000004
vt 0.0234375 0.36250000000000004
vt 0.1625 0.971875
vt 0.17499999999999982 0.971875
vt 0.17499999999999982 0.36250000000000004
vt 0.1625 0.36250000000000004
vt 0.0234375 0.8375
vt 0.035937500000000004 0.8375
vt 0.035937500000000004 0.8250000000000002
vt 0.0234375 0.8250000000000002
vt 0.0234375 0.8656249999999999
vt 0.035937500000000004 0.8656249999999999
vt 0.035937500000000004 0.853125
vt 0.0234375 0.853125
vn 1 0 -2.220446049250313e-16
vn 2.220446049250313e-16 0 1
vn -1 0 2.220446049250313e-16
vn -2.220446049250313e-16 0 -1
vn 0 1 0
vn 0 -1 0
usemtl none
f 447/1558/412 450/1557/412 448/1556/412 445/1555/412
f 446/1562/413 447/1561/413 445/1560/413 444/1559/413
f 451/1566/414 446/1565/414 444/1564/414 449/1563/414
f 450/1570/415 451/1569/415 449/1568/415 448/1567/415
f 449/1574/416 444/1573/416 445/1572/416 448/1571/416
f 450/1578/417 447/1577/417 446/1576/417 451/1575/417
o cube
v -0.381249992270022 2.5015624999999995 0.48749999441206093
v -0.4312499922700213 2.5015624999999995 0.4874999936670029
v -0.381249992270022 0.001562499999999467 0.48749999441206093
v -0.4312499922700213 0.001562499999999467 0.4874999936670029
v -0.4312499930150794 2.5015624999999995 0.5374999936670021
v -0.38124999301508006 2.5015624999999995 0.5374999944120602
v -0.4312499930150794 0.001562499999999467 0.5374999936670021
v -0.38124999301508006 0.001562499999999467 0.5374999944120602
vt 0.09062500000000001 0.9875
vt 0.103125 0.9875
vt 0.103125 0.36250000000000004
vt 0.09062500000000001 0.36250000000000004
vt 0.13437500000000013 0.9875
vt 0.14687499999999987 0.9875
vt 0.14687499999999987 0.36250000000000004
vt 0.13437500000000013 0.36250000000000004
vt 0.0234375 0.9875
vt 0.03593749999999998 0.9875
vt 0.03593749999999998 0.36250000000000004
vt 0.0234375 0.36250000000000004
vt 0.1625 0.9875
vt 0.17499999999999974 0.9875
vt 0.17499999999999974 0.36250000000000004
vt 0.1625 0.36250000000000004
vt 0.0234375 0.8375
vt 0.03593749999999998 0.8375
vt 0.03593749999999998 0.8250000000000003
vt 0.0234375 0.8250000000000003
vt 0.0234375 0.8656249999999999
vt 0.03593749999999998 0.8656249999999999
vt 0.03593749999999998 0.8531250000000001
vt 0.0234375 0.8531250000000001
vn -1 -1.865196392201156e-20 -1.4901161415892264e-8
vn 1.4901161415892264e-8 2.7793592362066043e-28 -1
vn 1 1.865196392201156e-20 1.4901161415892264e-8
vn -1.4901161415892264e-8 -2.7793592362066043e-28 1
vn -1.8651963922011562e-20 1 -3.544102239471694e-36
vn 1.8651963922011562e-20 -1 3.544102239471694e-36
usemtl none
f 455/1582/418 458/1581/418 456/1580/418 453/1579/418
f 454/1586/419 455/1585/419 453/1584/419 452/1583/419
f 459/1590/420 454/1589/420 452/1588/420 457/1587/420
f 458/1594/421 459/1593/421 457/1592/421 456/1591/421
f 457/1598/422 452/1597/422 453/1596/422 456/1595/422
f 458/1602/423 455/1601/423 454/1600/423 459/1599/423
o cube
v 0.26874999999999755 0.8396893026590261 0.9038767145189581
v 0.2687499999999819 0.008838834764832604 1.7347271824131498
v 0.2687499999999983 0.7866562940700352 0.8508437059299673
v 0.26874999999998267 -0.044194173824158134 1.6816941738241589
v 0.30624999999998176 0.008838834764832604 1.7347271824131503
v 0.3062499999999974 0.839689302659026 0.9038767145189588
v 0.30624999999998254 -0.044194173824158245 1.6816941738241595
v 0.3062499999999982 0.7866562940700351 0.8508437059299678
vt 0.02187499999999999 0.9796875
vt 0.031249999999999986 0.9796875
vt 0.031249999999999986 0.9609375
vt 0.02187499999999999 0.9609375
vt 0.015625 0.9796875
vt 0.309375 0.9796875
vt 0.309375 0.9609375
vt 0.015625 0.9609375
vt 0 0.9796875
vt 0.009374999999999994 0.9796875
vt 0.009374999999999994 0.9609375
vt 0 0.9609375
vt 0 0.9796875
vt 0.29375 0.9796875
vt 0.29375 0.9609375
vt 0 0.9609375
vt 0 1
vt 0.009374999999999994 1
vt 0.009374999999999994 0.70625
vt 0 0.70625
vt 0 0.984375
vt 0.009374999999999994 0.984375
vt 0.009374999999999994 0.690625
vt 0 0.690625
vn -1.3314981094487385e-14 -0.7071067811865482 0.7071067811865469
vn -1 2.3429107291650482e-15 -1.6487316117400383e-14
vn 1.3314981094487385e-14 0.7071067811865482 -0.7071067811865469
vn 1 -2.3429107291650482e-15 1.6487316117400383e-14
vn -1.0001604965872762e-14 0.7071067811865468 0.7071067811865483
vn 1.0001604965872762e-14 -0.7071067811865468 -0.7071067811865483
usemtl none
f 463/1606/424 466/1605/424 464/1604/424 461/1603/424
f 462/1610/425 463/1609/425 461/1608/425 460/1607/425
f 467/1614/426 462/1613/426 460/1612/426 465/1611/426
f 466/1618/427 467/1617/427 465/1616/427 464/1615/427
f 465/1622/428 460/1621/428 461/1620/428 464/1619/428
f 466/1626/429 463/1625/429 462/1624/429 467/1623/429
o cube
v -0.30625000000000296 0.8396893026590274 0.9038767145189487
v -0.3062500000000186 0.008838834764834047 1.7347271824131403
v -0.3062500000000022 0.7866562940700366 0.8508437059299578
v -0.30625000000001784 -0.0441941738241568 1.6816941738241495
v -0.26875000000001864 0.008838834764833936 1.734727182413141
v -0.268750000000003 0.8396893026590273 0.9038767145189494
v -0.26875000000001786 -0.04419417382415691 1.68169417382415
v -0.2687500000000022 0.7866562940700366 0.8508437059299584
vt 0.02187499999999999 0.9796875
vt 0.031249999999999986 0.9796875
vt 0.031249999999999986 0.9609375
vt 0.02187499999999999 0.9609375
vt 0.015625 0.9796875
vt 0.309375 0.9796875
vt 0.309375 0.9609375
vt 0.015625 0.9609375
vt 0 0.9796875
vt 0.009374999999999994 0.9796875
vt 0.009374999999999994 0.9609375
vt 0 0.9609375
vt 0 0.9796875
vt 0.29375 0.9796875
vt 0.29375 0.9609375
vt 0 0.9609375
vt 0 1
vt 0.009374999999999994 1
vt 0.009374999999999994 0.70625
vt 0 0.70625
vt 0 0.984375
vt 0.009374999999999994 0.984375
vt 0.009374999999999994 0.690625
vt 0 0.690625
vn -1.3314981094487385e-14 -0.7071067811865482 0.7071067811865469
vn -1 2.3429107291650482e-15 -1.6487316117400383e-14
vn 1.3314981094487385e-14 0.7071067811865482 -0.7071067811865469
vn 1 -2.3429107291650482e-15 1.6487316117400383e-14
vn -1.0001604965872762e-14 0.7071067811865468 0.7071067811865483
vn 1.0001604965872762e-14 -0.7071067811865468 -0.7071067811865483
usemtl none
f 471/1630/430 474/1629/430 472/1628/430 469/1627/430
f 470/1634/431 471/1633/431 469/1632/431 468/1631/431
f 475/1638/432 470/1637/432 468/1636/432 473/1635/432
f 474/1642/433 475/1641/433 473/1640/433 472/1639/433
f 473/1646/434 468/1645/434 469/1644/434 472/1643/434
f 474/1650/435 471/1649/435 470/1648/435 475/1647/435
o cube
v 0.2687499918043582 0.03749999999999987 1.556250004097818
v -0.26875000819564054 0.03749999999999987 1.5562499960884435
v 0.2687499918043582 -1.1102230246251565e-16 1.556250004097818
v -0.26875000819564054 -1.1102230246251565e-16 1.5562499960884435
v -0.26875001108274055 0.03749999999999987 1.749999996088444
v 0.2687499889172582 0.03749999999999987 1.7500000040978185
v -0.26875001108274055 -1.1102230246251565e-16 1.749999996088444
v 0.2687499889172582 -1.1102230246251565e-16 1.7500000040978185
vt 0.006249999999999992 0.9703125
vt 0.054687499999999986 0.9703125
vt 0.054687499999999986 0.9609375
vt 0.006249999999999992 0.9609375
vt 0.14375 0.9703125
vt 0.278125 0.9703125
vt 0.278125 0.9609375
vt 0.14375 0.9609375
vt 0 0.9703125
vt 0.048437499999999994 0.9703125
vt 0.048437499999999994 0.9609375
vt 0 0.9609375
vt 0.03125 0.9703125
vt 0.16562500000000002 0.9703125
vt 0.16562500000000002 0.9609375
vt 0.03125 0.9609375
vt 0 0.96875
vt 0.048437499999999994 0.96875
vt 0.048437499999999994 0.834375
vt 0 0.834375
vt 0 0.85625
vt 0.048437499999999994 0.85625
vt 0.048437499999999994 0.721875
vt 0 0.721875
vn -1 -1.865196392201156e-20 -1.4901161415892264e-8
vn 1.4901161415892264e-8 2.7793592362066043e-28 -1
vn 1 1.865196392201156e-20 1.4901161415892264e-8
vn -1.4901161415892264e-8 -2.7793592362066043e-28 1
vn -1.8651963922011562e-20 1 -3.544102239471694e-36
vn 1.8651963922011562e-20 -1 3.544102239471694e-36
usemtl none
f 479/1654/436 482/1653/436 480/1652/436 477/1651/436
f 478/1658/437 479/1657/437 477/1656/437 476/1655/437
f 483/1662/438 478/1661/438 476/1660/438 481/1659/438
f 482/1666/439 483/1665/439 481/1664/439 480/1663/439
f 481/1670/440 476/1669/440 477/1668/440 480/1667/440
f 482/1674/441 479/1673/441 478/1672/441 483/1671/441
o cube
v 0.268749993667003 0.17500000000000004 1.4312500040978176
v -0.26875000633299556 0.17500000000000004 1.4312499960884435
v 0.268749993667003 0.13750000000000007 1.4312500040978176
v -0.26875000633299556 0.13750000000000007 1.4312499960884435
v -0.2687500092200956 0.17500000000000004 1.6249999960884436
v 0.2687499907799029 0.17500000000000004 1.625000004097818
v -0.2687500092200956 0.13750000000000007 1.6249999960884436
v 0.2687499907799029 0.13750000000000007 1.625000004097818
vt 0.006249999999999992 0.9703125
vt 0.054687499999999986 0.9703125
vt 0.054687499999999986 0.9609375
vt 0.006249999999999992 0.9609375
vt 0.14375000000000004 0.9703125
vt 0.278125 0.9703125
vt 0.278125 0.9609375
vt 0.14375000000000004 0.9609375
vt 0 0.9703125
vt 0.048437499999999994 0.9703125
vt 0.048437499999999994 0.9609375
vt 0 0.9609375
vt 0.03125 0.9703125
vt 0.16562499999999997 0.9703125
vt 0.16562499999999997 0.9609375
vt 0.03125 0.9609375
vt 0 0.96875
vt 0.048437499999999994 0.96875
vt 0.048437499999999994 0.8343750000000001
vt 0 0.8343750000000001
vt 0 0.85625
vt 0.048437499999999994 0.85625
vt 0.048437499999999994 0.721875
vt 0 0.721875
vn -1 -1.865196392201156e-20 -1.4901161415892264e-8
vn 1.4901161415892264e-8 2.7793592362066043e-28 -1
vn 1 1.865196392201156e-20 1.4901161415892264e-8
vn -1.4901161415892264e-8 -2.7793592362066043e-28 1
vn -1.8651963922011562e-20 1 -3.544102239471694e-36
vn 1.8651963922011562e-20 -1 3.544102239471694e-36
usemtl none
f 487/1678/442 490/1677/442 488/1676/442 485/1675/442
f 486/1682/443 487/1681/443 485/1680/443 484/1679/443
f 491/1686/444 486/1685/444 484/1684/444 489/1683/444
f 490/1690/445 491/1689/445 489/1688/445 488/1687/445
f 489/1694/446 484/1693/446 485/1692/446 488/1691/446
f 490/1698/447 487/1697/447 486/1696/447 491/1695/447
o cube
v 0.2687499979510833 0.4624999999999999 1.1437500040978152
v -0.2687500020489117 0.4624999999999999 1.143749996088441
v 0.2687499979510833 0.42499999999999993 1.1437500040978152
v -0.2687500020489117 0.42499999999999993 1.143749996088441
v -0.2687500049360117 0.4624999999999999 1.3374999960884413
v 0.2687499950639833 0.4624999999999999 1.3375000040978153
v -0.2687500049360117 0.42499999999999993 1.3374999960884413
v 0.2687499950639833 0.42499999999999993 1.3375000040978153
vt 0.006249999999999992 0.9703125
vt 0.054687499999999986 0.9703125
vt 0.054687499999999986 0.9609375
vt 0.006249999999999992 0.9609375
vt 0.14375000000000016 0.9703125
vt 0.278125 0.9703125
vt 0.278125 0.9609375
vt 0.14375000000000016 0.9609375
vt 0 0.9703125
vt 0.048437499999999994 0.9703125
vt 0.048437499999999994 0.9609375
vt 0 0.9609375
vt 0.03125 0.9703125
vt 0.16562499999999986 0.9703125
vt 0.16562499999999986 0.9609375
vt 0.03125 0.9609375
vt 0 0.96875
vt 0.048437499999999994 0.96875
vt 0.048437499999999994 0.8343750000000001
vt 0 0.8343750000000001
vt 0 0.8562499999999998
vt 0.048437499999999994 0.8562499999999998
vt 0.048437499999999994 0.721875
vt 0 0.721875
vn -1 -1.865196392201156e-20 -1.4901161415892264e-8
vn 1.4901161415892264e-8 2.7793592362066043e-28 -1
vn 1 1.865196392201156e-20 1.4901161415892264e-8
vn -1.4901161415892264e-8 -2.7793592362066043e-28 1
vn -1.8651963922011562e-20 1 -3.544102239471694e-36
vn 1.8651963922011562e-20 -1 3.544102239471694e-36
usemtl none
f 495/1702/448 498/1701/448 496/1700/448 493/1699/448
f 494/1706/449 495/1705/449 493/1704/449 492/1703/449
f 499/1710/450 494/1709/450 492/1708/450 497/1707/450
f 498/1714/451 499/1713/451 497/1712/451 496/1711/451
f 497/1718/452 492/1717/452 493/1716/452 496/1715/452
f 498/1722/453 495/1721/453 494/1720/453 499/1719/453
o cube
v 0.26874999580904313 0.31875 1.2875000040978164
v -0.26875000419095274 0.31875 1.2874999960884421
v 0.26874999580904313 0.28125 1.2875000040978164
v -0.26875000419095274 0.28125 1.2874999960884421
v -0.26875000707805274 0.31875 1.4812499960884424
v 0.2687499929219431 0.31875 1.4812500040978165
v -0.26875000707805274 0.28125 1.4812499960884424
v 0.2687499929219431 0.28125 1.4812500040978165
vt 0.006249999999999992 0.9703125
vt 0.054687499999999986 0.9703125
vt 0.054687499999999986 0.9609375
vt 0.006249999999999992 0.9609375
vt 0.14375000000000016 0.9703125
vt 0.278125 0.9703125
vt 0.278125 0.9609375
vt 0.14375000000000016 0.9609375
vt 0 0.9703125
vt 0.048437499999999994 0.9703125
vt 0.048437499999999994 0.9609375
vt 0 0.9609375
vt 0.03125 0.9703125
vt 0.16562499999999986 0.9703125
vt 0.16562499999999986 0.9609375
vt 0.03125 0.9609375
vt 0 0.96875
vt 0.048437499999999994 0.96875
vt 0.048437499999999994 0.8343750000000001
vt 0 0.8343750000000001
vt 0 0.8562499999999998
vt 0.048437499999999994 0.8562499999999998
vt 0.048437499999999994 0.721875
vt 0 0.721875
vn -1 -1.865196392201156e-20 -1.4901161415892264e-8
vn 1.4901161415892264e-8 2.7793592362066043e-28 -1
vn 1 1.865196392201156e-20 1.4901161415892264e-8
vn -1.4901161415892264e-8 -2.7793592362066043e-28 1
vn -1.8651963922011562e-20 1 -3.544102239471694e-36
vn 1.8651963922011562e-20 -1 3.544102239471694e-36
usemtl none
f 503/1726/454 506/1725/454 504/1724/454 501/1723/454
f 502/1730/455 503/1729/455 501/1728/455 500/1727/455
f 507/1734/456 502/1733/456 500/1732/456 505/1731/456
f 506/1738/457 507/1737/457 505/1736/457 504/1735/457
f 505/1742/458 500/1741/458 501/1740/458 504/1739/458
f 506/1746/459 503/1745/459 502/1744/459 507/1743/459
o cube
v 0.26874999990686027 0.6062499999999995 1.0125000040978154
v -0.26875000009313404 0.6062499999999995 1.012499996088441
v 0.26874999990686027 0.5687499999999994 1.0125000040978154
v -0.26875000009313404 0.5687499999999994 1.012499996088441
v -0.26875000298023405 0.6062499999999995 1.2062499960884414
v 0.26874999701976027 0.6062499999999995 1.2062500040978157
v -0.26875000298023405 0.5687499999999994 1.2062499960884414
v 0.26874999701976027 0.5687499999999994 1.2062500040978157
vt 0.006249999999999992 0.9703125
vt 0.054687499999999986 0.9703125
vt 0.054687499999999986 0.9609375
vt 0.006249999999999992 0.9609375
vt 0.14375000000000016 0.9703125
vt 0.278125 0.9703125
vt 0.278125 0.9609375
vt 0.14375000000000016 0.9609375
vt 0 0.9703125
vt 0.048437499999999994 0.9703125
vt 0.048437499999999994 0.9609375
vt 0 0.9609375
vt 0.03125 0.9703125
vt 0.16562499999999986 0.9703125
vt 0.16562499999999986 0.9609375
vt 0.03125 0.9609375
vt 0 0.96875
vt 0.048437499999999994 0.96875
vt 0.048437499999999994 0.8343750000000001
vt 0 0.8343750000000001
vt 0 0.8562499999999998
vt 0.048437499999999994 0.8562499999999998
vt 0.048437499999999994 0.721875
vt 0 0.721875
vn -1 -1.865196392201156e-20 -1.4901161415892264e-8
vn 1.4901161415892264e-8 2.7793592362066043e-28 -1
vn 1 1.865196392201156e-20 1.4901161415892264e-8
vn -1.4901161415892264e-8 -2.7793592362066043e-28 1
vn -1.8651963922011562e-20 1 -3.544102239471694e-36
vn 1.8651963922011562e-20 -1 3.544102239471694e-36
usemtl none
f 511/1750/460 514/1749/460 512/1748/460 509/1747/460
f 510/1754/461 511/1753/461 509/1752/461 508/1751/461
f 515/1758/462 510/1757/462 508/1756/462 513/1755/462
f 514/1762/463 515/1761/463 513/1760/463 512/1759/463
f 513/1766/464 508/1765/464 509/1764/464 512/1763/464
f 514/1770/465 511/1769/465 510/1768/465 515/1767/465
o cube
v 0.26875000195576954 0.7437499999999995 0.8750000040978153
v -0.26874999804422456 0.7437499999999995 0.874999996088441
v 0.26875000195576954 0.7062499999999994 0.8750000040978153
v -0.26874999804422456 0.7062499999999994 0.874999996088441
v -0.26875000093132456 0.7437499999999995 1.0687499960884412
v 0.26874999906866953 0.7437499999999995 1.0687500040978155
v -0.26875000093132456 0.7062499999999994 1.0687499960884412
v 0.26874999906866953 0.7062499999999994 1.0687500040978155
vt 0.006249999999999992 0.9703125
vt 0.054687499999999986 0.9703125
vt 0.054687499999999986 0.9609375
vt 0.006249999999999992 0.9609375
vt 0.14375000000000016 0.9703125
vt 0.278125 0.9703125
vt 0.278125 0.9609375
vt 0.14375000000000016 0.9609375
vt 0 0.9703125
vt 0.048437499999999994 0.9703125
vt 0.048437499999999994 0.9609375
vt 0 0.9609375
vt 0.03125 0.9703125
vt 0.16562499999999986 0.9703125
vt 0.16562499999999986 0.9609375
vt 0.03125 0.9609375
vt 0 0.96875
vt 0.048437499999999994 0.96875
vt 0.048437499999999994 0.8343750000000001
vt 0 0.8343750000000001
vt 0 0.8562499999999998
vt 0.048437499999999994 0.8562499999999998
vt 0.048437499999999994 0.721875
vt 0 0.721875
vn -1 -1.865196392201156e-20 -1.4901161415892264e-8
vn 1.4901161415892264e-8 2.7793592362066043e-28 -1
vn 1 1.865196392201156e-20 1.4901161415892264e-8
vn -1.4901161415892264e-8 -2.7793592362066043e-28 1
vn -1.8651963922011562e-20 1 -3.544102239471694e-36
vn 1.8651963922011562e-20 -1 3.544102239471694e-36
usemtl none
f 519/1774/466 522/1773/466 520/1772/466 517/1771/466
f 518/1778/467 519/1777/467 517/1776/467 516/1775/467
f 523/1782/468 518/1781/468 516/1780/468 521/1779/468
f 522/1786/469 523/1785/469 521/1784/469 520/1783/469
f 521/1790/470 516/1789/470 517/1788/470 520/1787/470
f 522/1794/471 519/1793/471 518/1792/471 523/1791/471
o cube
v 0.26874999999999494 0.8392097327191063 0.9034390783230822
v 0.2687499999999949 0.7860847327191067 0.9034390783230827
v 0.26874999999999466 0.8392097327191058 0.8503140783230824
v 0.2687499999999946 0.7860847327191063 0.8503140783230828
v 0.30624999999999475 0.7860847327191066 0.9034390783230825
v 0.3062499999999948 0.8392097327191061 0.903439078323082
v 0.30624999999999447 0.7860847327191062 0.8503140783230826
v 0.3062499999999945 0.8392097327191057 0.8503140783230821
vt 0.02187499999999999 0.97421875
vt 0.031249999999999986 0.97421875
vt 0.031249999999999986 0.9609375
vt 0.02187499999999999 0.9609375
vt 0.0023437499999999917 0.97421875
vt 0.015625 0.97421875
vt 0.015625 0.9609375
vt 0.0023437499999999917 0.9609375
vt 0 0.97421875
vt 0.009374999999999994 0.97421875
vt 0.009374999999999994 0.9609375
vt 0 0.9609375
vt 0.29375 0.97421875
vt 0.30703125000000003 0.97421875
vt 0.30703125000000003 0.9609375
vt 0.29375 0.9609375
vt 0 0.70625
vt 0.009374999999999994 0.70625
vt 0.009374999999999994 0.6929687499999999
vt 0 0.6929687499999999
vt 0 0.99765625
vt 0.009374999999999994 0.99765625
vt 0.009374999999999994 0.984375
vt 0 0.984375
vn -1.0106430996148129e-15 -1 8.32667268468868e-15
vn -1 1.01064309961486e-15 5.756671261418491e-15
vn 1.0106430996148129e-15 1 -8.32667268468868e-15
vn 1 -1.01064309961486e-15 -5.756671261418491e-15
vn 5.756671261418499e-15 8.215650382226152e-15 1
vn -5.756671261418499e-15 -8.215650382226152e-15 -1
usemtl none
f 527/1798/472 530/1797/472 528/1796/472 525/1795/472
f 526/1802/473 527/1801/473 525/1800/473 524/1799/473
f 531/1806/474 526/1805/474 524/1804/474 529/1803/474
f 530/1810/475 531/1809/475 529/1808/475 528/1807/475
f 529/1814/476 524/1813/476 525/1812/476 528/1811/476
f 530/1818/477 527/1817/477 526/1816/477 531/1815/477
o cube
v -0.30625000000000524 0.8392097327191068 0.9034390783230856
v -0.3062500000000053 0.7860847327191073 0.903439078323086
v -0.3062500000000055 0.8392097327191064 0.8503140783230857
v -0.3062500000000056 0.7860847327191068 0.8503140783230861
v -0.2687500000000053 0.7860847327191073 0.9034390783230858
v -0.26875000000000526 0.8392097327191068 0.9034390783230853
v -0.2687500000000056 0.7860847327191068 0.8503140783230859
v -0.26875000000000554 0.8392097327191064 0.8503140783230855
vt 0.02187499999999999 0.97421875
vt 0.031249999999999986 0.97421875
vt 0.031249999999999986 0.9609375
vt 0.02187499999999999 0.9609375
vt 0.0023437499999999917 0.97421875
vt 0.015625 0.97421875
vt 0.015625 0.9609375
vt 0.0023437499999999917 0.9609375
vt 0 0.97421875
vt 0.009374999999999994 0.97421875
vt 0.009374999999999994 0.9609375
vt 0 0.9609375
vt 0.29375 0.97421875
vt 0.30703125000000003 0.97421875
vt 0.30703125000000003 0.9609375
vt 0.29375 0.9609375
vt 0 0.70625
vt 0.009374999999999994 0.70625
vt 0.009374999999999994 0.6929687499999999
vt 0 0.6929687499999999
vt 0 0.99765625
vt 0.009374999999999994 0.99765625
vt 0.009374999999999994 0.984375
vt 0 0.984375
vn -1.0106430996148129e-15 -1 8.32667268468868e-15
vn -1 1.01064309961486e-15 5.756671261418491e-15
vn 1.0106430996148129e-15 1 -8.32667268468868e-15
vn 1 -1.01064309961486e-15 -5.756671261418491e-15
vn 5.756671261418499e-15 8.215650382226152e-15 1
vn -5.756671261418499e-15 -8.215650382226152e-15 -1
usemtl none
f 535/1822/478 538/1821/478 536/1820/478 533/1819/478
f 534/1826/479 535/1825/479 533/1824/479 532/1823/479
f 539/1830/480 534/1829/480 532/1828/480 537/1827/480
f 538/1834/481 539/1833/481 537/1832/481 536/1831/481
f 537/1838/482 532/1837/482 533/1836/482 536/1835/482
f 538/1842/483 535/1841/483 534/1840/483 539/1839/483
o cube
v 0.30625002393498496 0.8390624999999994 -0.5999999953433885
v -0.3062499760650111 0.8390624999999994 -0.6000000044703497
v 0.30625002393498496 0.8015624999999993 -0.5999999953433885
v -0.3062499760650111 0.8015624999999993 -0.6000000044703497
v -0.30624999767169514 0.8390624999999994 0.8499999955296478
v 0.3062500023283009 0.8390624999999994 0.8500000046566092
v -0.30624999767169514 0.8015624999999993 0.8499999955296478
v 0.3062500023283009 0.8015624999999993 0.8500000046566092
vt 0 0.9703125
vt 0.18125 0.9703125
vt 0.18125 0.9609375
vt 0 0.9609375
vt 0.13437500000000013 0.9703125
vt 0.28749999999999987 0.9703125
vt 0.28749999999999987 0.9609375
vt 0.13437500000000013 0.9609375
vt 0.0234375 0.9703125
vt 0.2046875 0.9703125
vt 0.2046875 0.9609375
vt 0.0234375 0.9609375
vt 0.021875000000000006 0.9703125
vt 0.17499999999999974 0.9703125
vt 0.17499999999999974 0.9609375
vt 0.021875000000000006 0.9609375
vt 0.0234375 0.978125
vt 0.2046875 0.978125
vt 0.2046875 0.8250000000000003
vt 0.0234375 0.8250000000000003
vt 0.0234375 0.8656249999999999
vt 0.2046875 0.8656249999999999
vt 0.2046875 0.7125000000000001
vt 0.0234375 0.7125000000000001
vn -1 -1.865196392201156e-20 -1.4901161415892264e-8
vn 1.4901161415892264e-8 2.7793592362066043e-28 -1
vn 1 1.865196392201156e-20 1.4901161415892264e-8
vn -1.4901161415892264e-8 -2.7793592362066043e-28 1
vn -1.8651963922011562e-20 1 -3.544102239471694e-36
vn 1.8651963922011562e-20 -1 3.544102239471694e-36
usemtl none
f 543/1846/484 546/1845/484 544/1844/484 541/1843/484
f 542/1850/485 543/1849/485 541/1848/485 540/1847/485
f 547/1854/486 542/1853/486 540/1852/486 545/1851/486
f 546/1858/487 547/1857/487 545/1856/487 544/1855/487
f 545/1862/488 540/1861/488 541/1860/488 544/1859/488
f 546/1866/489 543/1865/489 542/1864/489 547/1863/489
o cube
v 0.30625000298022736 0.8015624999999994 0.8062500046566092
v 0.26875000298022816 0.8015624999999994 0.8062500040978157
v 0.30625000298022736 0.8015624999999994 0.8062500046566092
v 0.26875000298022816 0.8015624999999994 0.8062500040978157
v 0.2687500023283024 0.8015624999999994 0.8500000040978156
v 0.3062500023283016 0.8015624999999994 0.8500000046566092
v 0.2687500023283024 0.8015624999999994 0.8500000040978156
v 0.3062500023283016 0.8015624999999994 0.8500000046566092
vt 0.0921875 0.9609375
vt 0.103125 0.9609375
vt 0.103125 0.9609375
vt 0.0921875 0.9609375
vt 0.13437500000000013 0.9609375
vt 0.14374999999999985 0.9609375
vt 0.14374999999999985 0.9609375
vt 0.13437500000000013 0.9609375
vt 0.0234375 0.9609375
vt 0.03437499999999999 0.9609375
vt 0.03437499999999999 0.9609375
vt 0.0234375 0.9609375
vt 0.16562500000000002 0.9609375
vt 0.17499999999999974 0.9609375
vt 0.17499999999999974 0.9609375
vt 0.16562500000000002 0.9609375
vt 0.0234375 0.834375
vt 0.03437499999999999 0.834375
vt 0.03437499999999999 0.8250000000000003
vt 0.0234375 0.8250000000000003
vt 0.0234375 0.8656249999999999
vt 0.03437499999999999 0.8656249999999999
vt 0.03437499999999999 0.8562500000000002
vt 0.0234375 0.8562500000000002
vn -1 -1.865196392201156e-20 -1.4901161415892264e-8
vn 1.4901161415892264e-8 2.7793592362066043e-28 -1
vn 1 1.865196392201156e-20 1.4901161415892264e-8
vn -1.4901161415892264e-8 -2.7793592362066043e-28 1
vn -1.8651963922011562e-20 1 -3.544102239471694e-36
vn 1.8651963922011562e-20 -1 3.544102239471694e-36
usemtl none
f 551/1870/490 554/1869/490 552/1868/490 549/1867/490
f 550/1874/491 551/1873/491 549/1872/491 548/1871/491
f 555/1878/492 550/1877/492 548/1876/492 553/1875/492
f 554/1882/493 555/1881/493 553/1880/493 552/1879/493
f 553/1886/494 548/1885/494 549/1884/494 552/1883/494
f 554/1890/495 551/1889/495 550/1888/495 555/1887/495
o cube
v 0.30625000298022736 0.8015624999999994 0.8062500046566092
v 0.26875000298022816 0.8015624999999994 0.8062500040978157
v 0.30625000298022736 0.001562499999999356 0.8062500046566092
v 0.26875000298022816 0.001562499999999356 0.8062500040978157
v 0.2687500023283024 0.8015624999999994 0.8500000040978156
v 0.3062500023283016 0.8015624999999994 0.8500000046566092
v 0.2687500023283024 0.001562499999999356 0.8500000040978156
v 0.3062500023283016 0.001562499999999356 0.8500000046566092
vt 0.0921875 0.9609375
vt 0.103125 0.9609375
vt 0.103125 0.7609375
vt 0.0921875 0.7609375
vt 0.13437500000000013 0.9609375
vt 0.14374999999999985 0.9609375
vt 0.14374999999999985 0.7609375
vt 0.13437500000000013 0.7609375
vt 0.0234375 0.9609375
vt 0.03437499999999999 0.9609375
vt 0.03437499999999999 0.7609375
vt 0.0234375 0.7609375
vt 0.16562500000000002 0.9609375
vt 0.17499999999999974 0.9609375
vt 0.17499999999999974 0.7609375
vt 0.16562500000000002 0.7609375
vt 0.0234375 0.834375
vt 0.03437499999999999 0.834375
vt 0.03437499999999999 0.8250000000000003
vt 0.0234375 0.8250000000000003
vt 0.0234375 0.8656249999999999
vt 0.03437499999999999 0.8656249999999999
vt 0.03437499999999999 0.8562500000000002
vt 0.0234375 0.8562500000000002
vn -1 -1.865196392201156e-20 -1.4901161415892264e-8
vn 1.4901161415892264e-8 2.7793592362066043e-28 -1
vn 1 1.865196392201156e-20 1.4901161415892264e-8
vn -1.4901161415892264e-8 -2.7793592362066043e-28 1
vn -1.8651963922011562e-20 1 -3.544102239471694e-36
vn 1.8651963922011562e-20 -1 3.544102239471694e-36
usemtl none
f 559/1894/496 562/1893/496 560/1892/496 557/1891/496
f 558/1898/497 559/1897/497 557/1896/497 556/1895/497
f 563/1902/498 558/1901/498 556/1900/498 561/1899/498
f 562/1906/499 563/1905/499 561/1904/499 560/1903/499
f 561/1910/500 556/1909/500 557/1908/500 560/1907/500
f 562/1914/501 559/1913/501 558/1912/501 563/1911/501
o cube
v -0.26874999701976937 0.8015624999999994 0.8062499960884407
v -0.30624999701976857 0.8015624999999994 0.8062499955296472
v -0.26874999701976937 0.001562499999999356 0.8062499960884407
v -0.30624999701976857 0.001562499999999356 0.8062499955296472
v -0.30624999767169436 0.8015624999999994 0.849999995529647
v -0.26874999767169516 0.8015624999999994 0.8499999960884406
v -0.30624999767169436 0.001562499999999356 0.849999995529647
v -0.26874999767169516 0.001562499999999356 0.8499999960884406
vt 0.0921875 0.9609375
vt 0.103125 0.9609375
vt 0.103125 0.7609375
vt 0.0921875 0.7609375
vt 0.13437500000000013 0.9609375
vt 0.14374999999999985 0.9609375
vt 0.14374999999999985 0.7609375
vt 0.13437500000000013 0.7609375
vt 0.0234375 0.9609375
vt 0.03437499999999999 0.9609375
vt 0.03437499999999999 0.7609375
vt 0.0234375 0.7609375
vt 0.16562500000000002 0.9609375
vt 0.17499999999999974 0.9609375
vt 0.17499999999999974 0.7609375
vt 0.16562500000000002 0.7609375
vt 0.0234375 0.834375
vt 0.03437499999999999 0.834375
vt 0.03437499999999999 0.8250000000000003
vt 0.0234375 0.8250000000000003
vt 0.0234375 0.8656249999999999
vt 0.03437499999999999 0.8656249999999999
vt 0.03437499999999999 0.8562500000000002
vt 0.0234375 0.8562500000000002
vn -1 -1.865196392201156e-20 -1.4901161415892264e-8
vn 1.4901161415892264e-8 2.7793592362066043e-28 -1
vn 1 1.865196392201156e-20 1.4901161415892264e-8
vn -1.4901161415892264e-8 -2.7793592362066043e-28 1
vn -1.8651963922011562e-20 1 -3.544102239471694e-36
vn 1.8651963922011562e-20 -1 3.544102239471694e-36
usemtl none
f 567/1918/502 570/1917/502 568/1916/502 565/1915/502
f 566/1922/503 567/1921/503 565/1920/503 564/1919/503
f 571/1926/504 566/1925/504 564/1924/504 569/1923/504
f 570/1930/505 571/1929/505 569/1928/505 568/1927/505
f 569/1934/506 564/1933/506 565/1932/506 568/1931/506
f 570/1938/507 567/1937/507 566/1936/507 571/1935/507
o cube
v -0.29374999152496734 0.9015624999999992 0.4374999957159119
v -0.3062499915249662 0.9015624999999992 0.43749999552964736
v -0.29374999152496734 0.8515624999999993 0.4374999957159119
v -0.3062499915249662 0.8515624999999993 0.43749999552964736
v -0.30624999767169525 0.9015624999999992 0.8499999955296478
v -0.2937499976716964 0.9015624999999992 0.8499999957159123
v -0.30624999767169525 0.8515624999999993 0.8499999955296478
v -0.2937499976716964 0.8515624999999993 0.8499999957159123
vt 0 0.9734375
vt 0.103125 0.9734375
vt 0.103125 0.9609375
vt 0 0.9609375
vt 0.28437500000000016 0.9734375
vt 0.28749999999999987 0.9734375
vt 0.28749999999999987 0.9609375
vt 0.28437500000000016 0.9609375
vt 0.0234375 0.9734375
vt 0.1265625 0.9734375
vt 0.1265625 0.9609375
vt 0.0234375 0.9609375
vt 0.021875000000000006 0.9734375
vt 0.024999999999999717 0.9734375
vt 0.024999999999999717 0.9609375
vt 0.021875000000000006 0.9609375
vt 0.0234375 0.978125
vt 0.1265625 0.978125
vt 0.1265625 0.9750000000000003
vt 0.0234375 0.9750000000000003
vt 0.0234375 0.7156249999999998
vt 0.1265625 0.7156249999999998
vt 0.1265625 0.7125000000000001
vt 0.0234375 0.7125000000000001
vn -1 -1.865196392201156e-20 -1.4901161415892264e-8
vn 1.4901161415892264e-8 2.7793592362066043e-28 -1
vn 1 1.865196392201156e-20 1.4901161415892264e-8
vn -1.4901161415892264e-8 -2.7793592362066043e-28 1
vn -1.8651963922011562e-20 1 -3.544102239471694e-36
vn 1.8651963922011562e-20 -1 3.544102239471694e-36
usemtl none
f 575/1942/508 578/1941/508 576/1940/508 573/1939/508
f 574/1946/509 575/1945/509 573/1944/509 572/1943/509
f 579/1950/510 574/1949/510 572/1948/510 577/1947/510
f 578/1954/511 579/1953/511 577/1952/511 576/1951/511
f 577/1958/512 572/1957/512 573/1956/512 576/1955/512
f 578/1962/513 575/1961/513 574/1960/513 579/1959/513
o cube
v 0.30625000847503064 0.9015624999999992 0.4375000046566093
v 0.2937500084750318 0.9015624999999992 0.43750000447034476
v 0.30625000847503064 0.8515624999999993 0.4375000046566093
v 0.2937500084750318 0.8515624999999993 0.43750000447034476
v 0.29375000232830273 0.9015624999999992 0.8500000044703448
v 0.3062500023283016 0.9015624999999992 0.8500000046566093
v 0.29375000232830273 0.8515624999999993 0.8500000044703448
v 0.3062500023283016 0.8515624999999993 0.8500000046566093
vt 0 0.9734375
vt 0.103125 0.9734375
vt 0.103125 0.9609375
vt 0 0.9609375
vt 0.28437500000000016 0.9734375
vt 0.28749999999999987 0.9734375
vt 0.28749999999999987 0.9609375
vt 0.28437500000000016 0.9609375
vt 0.0234375 0.9734375
vt 0.1265625 0.9734375
vt 0.1265625 0.9609375
vt 0.0234375 0.9609375
vt 0.021875000000000006 0.9734375
vt 0.024999999999999717 0.9734375
vt 0.024999999999999717 0.9609375
vt 0.021875000000000006 0.9609375
vt 0.0234375 0.978125
vt 0.1265625 0.978125
vt 0.1265625 0.9750000000000003
vt 0.0234375 0.9750000000000003
vt 0.0234375 0.7156249999999998
vt 0.1265625 0.7156249999999998
vt 0.1265625 0.7125000000000001
vt 0.0234375 0.7125000000000001
vn -1 -1.865196392201156e-20 -1.4901161415892264e-8
vn 1.4901161415892264e-8 2.7793592362066043e-28 -1
vn 1 1.865196392201156e-20 1.4901161415892264e-8
vn -1.4901161415892264e-8 -2.7793592362066043e-28 1
vn -1.8651963922011562e-20 1 -3.544102239471694e-36
vn 1.8651963922011562e-20 -1 3.544102239471694e-36
usemtl none
f 583/1966/514 586/1965/514 584/1964/514 581/1963/514
f 582/1970/515 583/1969/515 581/1968/515 580/1967/515
f 587/1974/516 582/1973/516 580/1972/516 585/1971/516
f 586/1978/517 587/1977/517 585/1976/517 584/1975/517
f 585/1982/518 580/1981/518 581/1980/518 584/1979/518
f 586/1986/519 583/1985/519 582/1984/519 587/1983/519
o cube
v -0.2812499973922986 1.3015624999999993 0.8312499959021759
v -0.30624999739229763 1.3015624999999993 0.8312499955296468
v -0.2812499973922986 0.8390624999999994 0.8312499959021759
v -0.30624999739229763 0.8390624999999994 0.8312499955296468
v -0.30624999767169436 1.3015624999999993 0.849999995529647
v -0.28124999767169534 1.3015624999999993 0.849999995902176
v -0.30624999767169436 0.8390624999999994 0.849999995529647
v -0.28124999767169534 0.8390624999999994 0.849999995902176
vt 0.09843749999999998 0.9296875
vt 0.10312500000000005 0.9296875
vt 0.10312500000000005 0.8140625
vt 0.09843749999999998 0.8140625
vt 0.13750000000000012 0.9296875
vt 0.14374999999999985 0.9296875
vt 0.14374999999999985 0.8140625
vt 0.13750000000000012 0.8140625
vt 0.0234375 0.9296875
vt 0.028125000000000067 0.9296875
vt 0.028125000000000067 0.8140625
vt 0.0234375 0.8140625
vt 0.16562500000000002 0.9296875
vt 0.17187499999999975 0.9296875
vt 0.17187499999999975 0.8140625
vt 0.16562500000000002 0.8140625
vt 0.0234375 0.834375
vt 0.028125000000000067 0.834375
vt 0.028125000000000067 0.8281250000000002
vt 0.0234375 0.8281250000000002
vt 0.0234375 0.8624999999999998
vt 0.028125000000000067 0.8624999999999998
vt 0.028125000000000067 0.8562500000000002
vt 0.0234375 0.8562500000000002
vn -1 -1.865196392201156e-20 -1.4901161415892264e-8
vn 1.4901161415892264e-8 2.7793592362066043e-28 -1
vn 1 1.865196392201156e-20 1.4901161415892264e-8
vn -1.4901161415892264e-8 -2.7793592362066043e-28 1
vn -1.8651963922011562e-20 1 -3.544102239471694e-36
vn 1.8651963922011562e-20 -1 3.544102239471694e-36
usemtl none
f 591/1990/520 594/1989/520 592/1988/520 589/1987/520
f 590/1994/521 591/1993/521 589/1992/521 588/1991/521
f 595/1998/522 590/1997/522 588/1996/522 593/1995/522
f 594/2002/523 595/2001/523 593/2000/523 592/1999/523
f 593/2006/524 588/2005/524 589/2004/524 592/2003/524
f 594/2010/525 591/2009/525 590/2008/525 595/2007/525
o cube
v 0.3062500026076983 1.3015624999999993 0.8312500046566089
v 0.2812500026076993 1.3015624999999993 0.8312500042840799
v 0.3062500026076983 0.8390624999999994 0.8312500046566089
v 0.2812500026076993 0.8390624999999994 0.8312500042840799
v 0.28125000232830255 1.3015624999999993 0.8500000042840802
v 0.3062500023283016 1.3015624999999993 0.8500000046566092
v 0.28125000232830255 0.8390624999999994 0.8500000042840802
v 0.3062500023283016 0.8390624999999994 0.8500000046566092
vt 0.09843749999999998 0.9296875
vt 0.10312500000000005 0.9296875
vt 0.10312500000000005 0.8140625
vt 0.09843749999999998 0.8140625
vt 0.13750000000000012 0.9296875
vt 0.14374999999999985 0.9296875
vt 0.14374999999999985 0.8140625
vt 0.13750000000000012 0.8140625
vt 0.0234375 0.9296875
vt 0.028125000000000067 0.9296875
vt 0.028125000000000067 0.8140625
vt 0.0234375 0.8140625
vt 0.16562500000000002 0.9296875
vt 0.17187499999999975 0.9296875
vt 0.17187499999999975 0.8140625
vt 0.16562500000000002 0.8140625
vt 0.0234375 0.834375
vt 0.028125000000000067 0.834375
vt 0.028125000000000067 0.8281250000000002
vt 0.0234375 0.8281250000000002
vt 0.0234375 0.8624999999999998
vt 0.028125000000000067 0.8624999999999998
vt 0.028125000000000067 0.8562500000000002
vt 0.0234375 0.8562500000000002
vn -1 -1.865196392201156e-20 -1.4901161415892264e-8
vn 1.4901161415892264e-8 2.7793592362066043e-28 -1
vn 1 1.865196392201156e-20 1.4901161415892264e-8
vn -1.4901161415892264e-8 -2.7793592362066043e-28 1
vn -1.8651963922011562e-20 1 -3.544102239471694e-36
vn 1.8651963922011562e-20 -1 3.544102239471694e-36
usemtl none
f 599/2014/526 602/2013/526 600/2012/526 597/2011/526
f 598/2018/527 599/2017/527 597/2016/527 596/2015/527
f 603/2022/528 598/2021/528 596/2020/528 601/2019/528
f 602/2026/529 603/2025/529 601/2024/529 600/2023/529
f 601/2030/530 596/2029/530 597/2028/530 600/2027/530
f 602/2034/531 599/2033/531 598/2032/531 603/2031/531
o cube
v 0.30625000856816287 1.3015624999999993 0.4312500046566088
v 0.28125000856816385 1.3015624999999993 0.43125000428407967
v 0.30625000856816287 1.2765624999999994 0.4312500046566088
v 0.28125000856816385 1.2765624999999994 0.43125000428407967
v 0.28125000223517027 1.3015624999999993 0.8562500042840802
v 0.3062500022351693 1.3015624999999993 0.8562500046566092
v 0.28125000223517027 1.2765624999999994 0.8562500042840802
v 0.3062500022351693 1.2765624999999994 0.8562500046566092
vt 0.009375000000000022 0.9296875
vt 0.11562500000000006 0.9296875
vt 0.11562500000000006 0.9234375
vt 0.009375000000000022 0.9234375
vt 0.13750000000000012 0.9296875
vt 0.14374999999999985 0.9296875
vt 0.14374999999999985 0.9234375
vt 0.13750000000000012 0.9234375
vt 0.021875000000000006 0.9296875
vt 0.12812500000000004 0.9296875
vt 0.12812500000000004 0.9234375
vt 0.021875000000000006 0.9234375
vt 0.16562500000000002 0.9296875
vt 0.17187499999999975 0.9296875
vt 0.17187499999999975 0.9234375
vt 0.16562500000000002 0.9234375
vt 0.021875000000000006 0.834375
vt 0.12812500000000004 0.834375
vt 0.12812500000000004 0.8281250000000002
vt 0.021875000000000006 0.8281250000000002
vt 0.021875000000000006 0.8624999999999998
vt 0.12812500000000004 0.8624999999999998
vt 0.12812500000000004 0.8562500000000002
vt 0.021875000000000006 0.8562500000000002
vn -1 -1.865196392201156e-20 -1.4901161415892264e-8
vn 1.4901161415892264e-8 2.7793592362066043e-28 -1
vn 1 1.865196392201156e-20 1.4901161415892264e-8
vn -1.4901161415892264e-8 -2.7793592362066043e-28 1
vn -1.8651963922011562e-20 1 -3.544102239471694e-36
vn 1.8651963922011562e-20 -1 3.544102239471694e-36
usemtl none
f 607/2038/532 610/2037/532 608/2036/532 605/2035/532
f 606/2042/533 607/2041/533 605/2040/533 604/2039/533
f 611/2046/534 606/2045/534 604/2044/534 609/2043/534
f 610/2050/535 611/2049/535 609/2048/535 608/2047/535
f 609/2054/536 604/2053/536 605/2052/536 608/2051/536
f 610/2058/537 607/2057/537 606/2056/537 611/2055/537
o cube
v -0.2812499914318345 1.3015624999999993 0.4312499959021777
v -0.3062499914318335 1.3015624999999993 0.4312499955296487
v -0.2812499914318345 1.2765624999999994 0.4312499959021777
v -0.3062499914318335 1.2765624999999994 0.4312499955296487
v -0.3062499977648271 1.3015624999999993 0.8562499955296471
v -0.28124999776482806 1.3015624999999993 0.8562499959021761
v -0.3062499977648271 1.2765624999999994 0.8562499955296471
v -0.28124999776482806 1.2765624999999994 0.8562499959021761
vt 0.009375000000000022 0.9296875
vt 0.11562500000000006 0.9296875
vt 0.11562500000000006 0.9234375
vt 0.009375000000000022 0.9234375
vt 0.13750000000000012 0.9296875
vt 0.14374999999999985 0.9296875
vt 0.14374999999999985 0.9234375
vt 0.13750000000000012 0.9234375
vt 0.021875000000000006 0.9296875
vt 0.12812500000000004 0.9296875
vt 0.12812500000000004 0.9234375
vt 0.021875000000000006 0.9234375
vt 0.16562500000000002 0.9296875
vt 0.17187499999999975 0.9296875
vt 0.17187499999999975 0.9234375
vt 0.16562500000000002 0.9234375
vt 0.021875000000000006 0.834375
vt 0.12812500000000004 0.834375
vt 0.12812500000000004 0.8281250000000002
vt 0.021875000000000006 0.8281250000000002
vt 0.021875000000000006 0.8624999999999998
vt 0.12812500000000004 0.8624999999999998
vt 0.12812500000000004 0.8562500000000002
vt 0.021875000000000006 0.8562500000000002
vn -1 -1.865196392201156e-20 -1.4901161415892264e-8
vn 1.4901161415892264e-8 2.7793592362066043e-28 -1
vn 1 1.865196392201156e-20 1.4901161415892264e-8
vn -1.4901161415892264e-8 -2.7793592362066043e-28 1
vn -1.8651963922011562e-20 1 -3.544102239471694e-36
vn 1.8651963922011562e-20 -1 3.544102239471694e-36
usemtl none
f 615/2062/538 618/2061/538 616/2060/538 613/2059/538
f 614/2066/539 615/2065/539 613/2064/539 612/2063/539
f 619/2070/540 614/2069/540 612/2068/540 617/2067/540
f 618/2074/541 619/2073/541 617/2072/541 616/2071/541
f 617/2078/542 612/2077/542 613/2076/542 616/2075/542
f 618/2082/543 615/2081/543 614/2080/543 619/2079/543
o cube
v -0.2812499915249654 1.3015624999999993 0.4374999959021759
v -0.3062499915249644 1.3015624999999993 0.4374999955296469
v -0.2812499915249654 0.8390624999999994 0.4374999959021759
v -0.3062499915249644 0.8390624999999994 0.4374999955296469
v -0.3062499918043612 1.3015624999999993 0.45624999552964696
v -0.28124999180436216 1.3015624999999993 0.45624999590217596
v -0.3062499918043612 0.8390624999999994 0.45624999552964696
v -0.28124999180436216 0.8390624999999994 0.45624999590217596
vt 0.09843749999999998 0.9296875
vt 0.10312500000000005 0.9296875
vt 0.10312500000000005 0.8140625
vt 0.09843749999999998 0.8140625
vt 0.13750000000000012 0.9296875
vt 0.14374999999999985 0.9296875
vt 0.14374999999999985 0.8140625
vt 0.13750000000000012 0.8140625
vt 0.0234375 0.9296875
vt 0.028125000000000067 0.9296875
vt 0.028125000000000067 0.8140625
vt 0.0234375 0.8140625
vt 0.16562500000000002 0.9296875
vt 0.17187499999999975 0.9296875
vt 0.17187499999999975 0.8140625
vt 0.16562500000000002 0.8140625
vt 0.0234375 0.834375
vt 0.028125000000000067 0.834375
vt 0.028125000000000067 0.8281250000000002
vt 0.0234375 0.8281250000000002
vt 0.0234375 0.8624999999999998
vt 0.028125000000000067 0.8624999999999998
vt 0.028125000000000067 0.8562500000000002
vt 0.0234375 0.8562500000000002
vn -1 -1.865196392201156e-20 -1.4901161415892264e-8
vn 1.4901161415892264e-8 2.7793592362066043e-28 -1
vn 1 1.865196392201156e-20 1.4901161415892264e-8
vn -1.4901161415892264e-8 -2.7793592362066043e-28 1
vn -1.8651963922011562e-20 1 -3.544102239471694e-36
vn 1.8651963922011562e-20 -1 3.544102239471694e-36
usemtl none
f 623/2086/544 626/2085/544 624/2084/544 621/2083/544
f 622/2090/545 623/2089/545 621/2088/545 620/2087/545
f 627/2094/546 622/2093/546 620/2092/546 625/2091/546
f 626/2098/547 627/2097/547 625/2096/547 624/2095/547
f 625/2102/548 620/2101/548 621/2100/548 624/2099/548
f 626/2106/549 623/2105/549 622/2104/549 627/2103/549
o cube
v 0.28124998580472926 1.3015624999999993 0.45624999257974597
v 0.3062499858047283 1.3015624999999993 0.45624999193450677
v 0.28124998580472926 0.8390624999999994 0.45624999257974597
v 0.3062499858047283 0.8390624999999994 0.45624999193450677
v 0.30624998532079883 1.3015624999999993 0.4374999919345065
v 0.2812499853207998 1.3015624999999993 0.4374999925797457
v 0.30624998532079883 0.8390624999999994 0.4374999919345065
v 0.2812499853207998 0.8390624999999994 0.4374999925797457
vt 0.10312500000000005 0.9296875
vt 0.09843749999999998 0.9296875
vt 0.09843749999999998 0.8140625
vt 0.10312500000000005 0.8140625
vt 0.17187499999999975 0.9296875
vt 0.16562500000000002 0.9296875
vt 0.16562500000000002 0.8140625
vt 0.17187499999999975 0.8140625
vt 0.028125000000000067 0.9296875
vt 0.0234375 0.9296875
vt 0.0234375 0.8140625
vt 0.028125000000000067 0.8140625
vt 0.14374999999999985 0.9296875
vt 0.13750000000000012 0.9296875
vt 0.13750000000000012 0.8140625
vt 0.14374999999999985 0.8140625
vt 0.028125000000000067 0.834375
vt 0.0234375 0.834375
vt 0.0234375 0.8281250000000002
vt 0.028125000000000067 0.8281250000000002
vt 0.028125000000000067 0.8624999999999998
vt 0.0234375 0.8624999999999998
vt 0.0234375 0.8562500000000002
vt 0.028125000000000067 0.8562500000000002
vn 0.9999999999999997 1.8651963921969845e-20 -2.5809568260370952e-8
vn 2.5809568260370952e-8 4.813991360340571e-28 0.9999999999999997
vn -0.9999999999999997 -1.8651963921969845e-20 2.5809568260370952e-8
vn -2.5809568260370952e-8 -4.813991360340571e-28 -0.9999999999999997
vn -1.865196392196985e-20 1 -9.305100710879953e-37
vn 1.865196392196985e-20 -1 9.305100710879953e-37
usemtl none
f 631/2110/550 634/2109/550 632/2108/550 629/2107/550
f 630/2114/551 631/2113/551 629/2112/551 628/2111/551
f 635/2118/552 630/2117/552 628/2116/552 633/2115/552
f 634/2122/553 635/2121/553 633/2120/553 632/2119/553
f 633/2126/554 628/2125/554 629/2124/554 632/2123/554
f 634/2130/555 631/2129/555 630/2128/555 635/2127/555
o cube
v -0.2812499914318345 1.1015624999999996 0.4312499959021777
v -0.3062499914318335 1.1015624999999996 0.4312499955296487
v -0.2812499914318345 1.0890624999999994 0.4312499959021777
v -0.3062499914318335 1.0890624999999994 0.4312499955296487
v -0.3062499977648271 1.1015624999999996 0.8562499955296471
v -0.28124999776482806 1.1015624999999996 0.8562499959021761
v -0.3062499977648271 1.0890624999999994 0.8562499955296471
v -0.28124999776482806 1.0890624999999994 0.8562499959021761
vt 0.009375000000000022 0.9265625
vt 0.11562500000000009 0.9265625
vt 0.11562500000000009 0.9234375
vt 0.009375000000000022 0.9234375
vt 0.13750000000000012 0.9265625
vt 0.14374999999999985 0.9265625
vt 0.14374999999999985 0.9234375
vt 0.13750000000000012 0.9234375
vt 0.021875000000000006 0.9265625
vt 0.12812500000000007 0.9265625
vt 0.12812500000000007 0.9234375
vt 0.021875000000000006 0.9234375
vt 0.16562500000000002 0.9265625
vt 0.17187499999999975 0.9265625
vt 0.17187499999999975 0.9234375
vt 0.16562500000000002 0.9234375
vt 0.021875000000000006 0.834375
vt 0.12812500000000007 0.834375
vt 0.12812500000000007 0.8281250000000002
vt 0.021875000000000006 0.8281250000000002
vt 0.021875000000000006 0.8624999999999998
vt 0.12812500000000007 0.8624999999999998
vt 0.12812500000000007 0.8562500000000002
vt 0.021875000000000006 0.8562500000000002
vn -1 -1.865196392201156e-20 -1.4901161415892264e-8
vn 1.4901161415892264e-8 2.7793592362066043e-28 -1
vn 1 1.865196392201156e-20 1.4901161415892264e-8
vn -1.4901161415892264e-8 -2.7793592362066043e-28 1
vn -1.8651963922011562e-20 1 -3.544102239471694e-36
vn 1.8651963922011562e-20 -1 3.544102239471694e-36
usemtl none
f 639/2134/556 642/2133/556 640/2132/556 637/2131/556
f 638/2138/557 639/2137/557 637/2136/557 636/2135/557
f 643/2142/558 638/2141/558 636/2140/558 641/2139/558
f 642/2146/559 643/2145/559 641/2144/559 640/2143/559
f 641/2150/560 636/2149/560 637/2148/560 640/2147/560
f 642/2154/561 639/2153/561 638/2152/561 643/2151/561
o cube
v 0.30625000856816287 1.1015624999999996 0.4312500046566088
v 0.28125000856816385 1.1015624999999996 0.43125000428407967
v 0.30625000856816287 1.0890624999999994 0.4312500046566088
v 0.28125000856816385 1.0890624999999994 0.43125000428407967
v 0.28125000223517027 1.1015624999999996 0.8562500042840804
v 0.3062500022351693 1.1015624999999996 0.8562500046566094
v 0.28125000223517027 1.0890624999999994 0.8562500042840804
v 0.3062500022351693 1.0890624999999994 0.8562500046566094
vt 0.009375000000000022 0.9265625
vt 0.11562500000000009 0.9265625
vt 0.11562500000000009 0.9234375
vt 0.009375000000000022 0.9234375
vt 0.13750000000000012 0.9265625
vt 0.14374999999999985 0.9265625
vt 0.14374999999999985 0.9234375
vt 0.13750000000000012 0.9234375
vt 0.021875000000000006 0.9265625
vt 0.12812500000000007 0.9265625
vt 0.12812500000000007 0.9234375
vt 0.021875000000000006 0.9234375
vt 0.16562500000000002 0.9265625
vt 0.17187499999999975 0.9265625
vt 0.17187499999999975 0.9234375
vt 0.16562500000000002 0.9234375
vt 0.021875000000000006 0.834375
vt 0.12812500000000007 0.834375
vt 0.12812500000000007 0.8281250000000002
vt 0.021875000000000006 0.8281250000000002
vt 0.021875000000000006 0.8624999999999998
vt 0.12812500000000007 0.8624999999999998
vt 0.12812500000000007 0.8562500000000002
vt 0.021875000000000006 0.8562500000000002
vn -1 -1.865196392201156e-20 -1.4901161415892264e-8
vn 1.4901161415892264e-8 2.7793592362066043e-28 -1
vn 1 1.865196392201156e-20 1.4901161415892264e-8
vn -1.4901161415892264e-8 -2.7793592362066043e-28 1
vn -1.8651963922011562e-20 1 -3.544102239471694e-36
vn 1.8651963922011562e-20 -1 3.544102239471694e-36
usemtl none
f 647/2158/562 650/2157/562 648/2156/562 645/2155/562
f 646/2162/563 647/2161/563 645/2160/563 644/2159/563
f 651/2166/564 646/2165/564 644/2164/564 649/2163/564
f 650/2170/565 651/2169/565 649/2168/565 648/2167/565
f 649/2174/566 644/2173/566 645/2172/566 648/2171/566
f 650/2178/567 647/2177/567 646/2176/567 651/2175/567
o cube
v 0.43125000772997385 2.5015624999999995 0.4875000065192546
v 0.38125000772997447 2.5015624999999995 0.4875000057741965
v 0.43125000772997385 0.001562499999999467 0.4875000065192546
v 0.38125000772997447 0.001562499999999467 0.4875000057741965
v 0.3812500069849164 2.5015624999999995 0.5375000057741965
v 0.4312500069849158 2.5015624999999995 0.5375000065192547
v 0.3812500069849164 0.001562499999999467 0.5375000057741965
v 0.4312500069849158 0.001562499999999467 0.5375000065192547
vt 0.09062500000000001 0.9875
vt 0.103125 0.9875
vt 0.103125 0.36250000000000004
vt 0.09062500000000001 0.36250000000000004
vt 0.13437500000000013 0.9875
vt 0.14687499999999987 0.9875
vt 0.14687499999999987 0.36250000000000004
vt 0.13437500000000013 0.36250000000000004
vt 0.0234375 0.9875
vt 0.03593749999999998 0.9875
vt 0.03593749999999998 0.36250000000000004
vt 0.0234375 0.36250000000000004
vt 0.1625 0.9875
vt 0.17499999999999974 0.9875
vt 0.17499999999999974 0.36250000000000004
vt 0.1625 0.36250000000000004
vt 0.0234375 0.8375
vt 0.03593749999999998 0.8375
vt 0.03593749999999998 0.8250000000000003
vt 0.0234375 0.8250000000000003
vt 0.0234375 0.8656249999999999
vt 0.03593749999999998 0.8656249999999999
vt 0.03593749999999998 0.8531250000000001
vt 0.0234375 0.8531250000000001
vn -1 -1.865196392201156e-20 -1.4901161415892264e-8
vn 1.4901161415892264e-8 2.7793592362066043e-28 -1
vn 1 1.865196392201156e-20 1.4901161415892264e-8
vn -1.4901161415892264e-8 -2.7793592362066043e-28 1
vn -1.8651963922011562e-20 1 -3.544102239471694e-36
vn 1.8651963922011562e-20 -1 3.544102239471694e-36
usemtl none
f 655/2182/568 658/2181/568 656/2180/568 653/2179/568
f 654/2186/569 655/2185/569 653/2184/569 652/2183/569
f 659/2190/570 654/2189/570 652/2188/570 657/2187/570
f 658/2194/571 659/2193/571 657/2192/571 656/2191/571
f 657/2198/572 652/2197/572 653/2196/572 656/2195/572
f 658/2202/573 655/2201/573 654/2200/573 659/2199/573
o cube
v 0.38125000000000026 2.5015624999999995 -0.23750000000000096
v 0.38125000000000037 2.5015624999999995 0.4874999999999998
v 0.38125000000000026 2.4390624999999995 -0.23750000000000096
v 0.38125000000000037 2.4390624999999995 0.4874999999999998
v 0.4312500000000005 2.5015624999999995 0.4874999999999998
v 0.4312500000000004 2.5015624999999995 -0.23750000000000096
v 0.4312500000000005 2.4390624999999995 0.4874999999999998
v 0.4312500000000004 2.4390624999999995 -0.23750000000000096
vt 0.09062500000000001 0.9875
vt 0.10312500000000005 0.9875
vt 0.10312500000000005 0.971875
vt 0.09062500000000001 0.971875
vt 0 0.9875
vt 0.1812500000000002 0.9875
vt 0.1812500000000002 0.971875
vt 0 0.971875
vt 0.0234375 0.9875
vt 0.03593750000000004 0.9875
vt 0.03593750000000004 0.971875
vt 0.0234375 0.971875
vt 0.18437499999999968 0.9875
vt 0.36562499999999987 0.9875
vt 0.36562499999999987 0.971875
vt 0.18437499999999968 0.971875
vt 0.0234375 0.8156250000000003
vt 0.03593750000000004 0.8156250000000003
vt 0.03593750000000004 0.6343750000000001
vt 0.0234375 0.6343750000000001
vt 0.0234375 1
vt 0.03593750000000004 1
vt 0.03593750000000004 0.8187499999999999
vt 0.0234375 0.8187499999999999
vn 1.2246467991473532e-16 0 1
vn -1 0 1.2246467991473532e-16
vn -1.2246467991473532e-16 0 -1
vn 1 0 -1.2246467991473532e-16
vn 0 1 0
vn 0 -1 0
usemtl none
f 663/2206/574 666/2205/574 664/2204/574 661/2203/574
f 662/2210/575 663/2209/575 661/2208/575 660/2207/575
f 667/2214/576 662/2213/576 660/2212/576 665/2211/576
f 666/2218/577 667/2217/577 665/2216/577 664/2215/577
f 665/2222/578 660/2221/578 661/2220/578 664/2219/578
f 666/2226/579 663/2225/579 662/2224/579 667/2223/579
o cube
v 0.38750000000000023 2.407812499999998 -0.16250000000000095
v 0.38750000000000034 2.407812499999998 0.41249999999999987
v 0.38750000000000023 2.3578124999999983 -0.16250000000000095
v 0.38750000000000034 2.3578124999999983 0.41249999999999987
v 0.42656250000000057 2.407812499999998 0.41249999999999987
v 0.42656250000000046 2.407812499999998 -0.16250000000000095
v 0.42656250000000057 2.3578124999999983 0.41249999999999987
v 0.42656250000000046 2.3578124999999983 -0.16250000000000095
vt 0.0921875 0.984375
vt 0.10195312500000005 0.984375
vt 0.10195312500000005 0.971875
vt 0.0921875 0.971875
vt 0.015625 0.984375
vt 0.1593750000000002 0.984375
vt 0.1593750000000002 0.971875
vt 0.015625 0.971875
vt 0.024609375000000003 0.984375
vt 0.034375000000000044 0.984375
vt 0.034375000000000044 0.971875
vt 0.024609375000000003 0.971875
vt 0.20624999999999966 0.984375
vt 0.34999999999999987 0.984375
vt 0.34999999999999987 0.971875
vt 0.20624999999999966 0.971875
vt 0.024609375000000003 0.7937500000000004
vt 0.034375000000000044 0.7937500000000004
vt 0.034375000000000044 0.6500000000000001
vt 0.024609375000000003 0.6500000000000001
vt 0.024609375000000003 0.984375
vt 0.034375000000000044 0.984375
vt 0.034375000000000044 0.8406249999999997
vt 0.024609375000000003 0.8406249999999997
vn 1.2246467991473532e-16 0 1
vn -1 0 1.2246467991473532e-16
vn -1.2246467991473532e-16 0 -1
vn 1 0 -1.2246467991473532e-16
vn 0 1 0
vn 0 -1 0
usemtl none
f 671/2230/580 674/2229/580 672/2228/580 669/2227/580
f 670/2234/581 671/2233/581 669/2232/581 668/2231/581
f 675/2238/582 670/2237/582 668/2236/582 673/2235/582
f 674/2242/583 675/2241/583 673/2240/583 672/2239/583
f 673/2246/584 668/2245/584 669/2244/584 672/2243/584
f 674/2250/585 671/2249/585 670/2248/585 675/2247/585
o cube
v 0.3875000000000003 2.4287805496216293 -0.178328446664764
v 0.3875000000000003 2.39830930144048 -0.13481099431191124
v 0.3875000000000003 2.38782294740718 -0.20700726848231624
v 0.3875000000000003 2.357351699226031 -0.16348981612946348
v 0.4265625000000005 2.39830930144048 -0.13481099431191126
v 0.4265625000000005 2.4287805496216293 -0.178328446664764
v 0.4265625000000005 2.3573516992260304 -0.1634898161294635
v 0.4265625000000005 2.38782294740718 -0.20700726848231624
vt 0.0921875 0.984375
vt 0.10195312500000005 0.984375
vt 0.10195312500000005 0.971875
vt 0.0921875 0.971875
vt 0.0027343749999999903 0.984375
vt 0.016015625000000006 0.984375
vt 0.016015625000000006 0.971875
vt 0.0027343749999999903 0.971875
vt 0.024609375000000003 0.984375
vt 0.034375000000000044 0.984375
vt 0.034375000000000044 0.971875
vt 0.024609375000000003 0.971875
vt 0.3496093749999999 0.984375
vt 0.3628906249999999 0.984375
vt 0.3628906249999999 0.971875
vt 0.3496093749999999 0.971875
vt 0.024609375000000003 0.6503906250000001
vt 0.034375000000000044 0.6503906250000001
vt 0.034375000000000044 0.6371093750000001
vt 0.024609375000000003 0.6371093750000001
vt 0.024609375000000003 0.997265625
vt 0.034375000000000044 0.997265625
vt 0.034375000000000044 0.983984375
vt 0.024609375000000003 0.983984375
vn 3.007433822098706e-17 -0.5735764363510467 0.8191520442889914
vn -1 1.2246467991473535e-16 1.224646799147355e-16
vn -3.007433822098706e-17 0.5735764363510467 -0.8191520442889914
vn 1 -1.2246467991473535e-16 -1.224646799147355e-16
vn 1.7056004758971803e-16 0.8191520442889915 0.5735764363510467
vn -1.7056004758971803e-16 -0.8191520442889915 -0.5735764363510467
usemtl none
f 679/2254/586 682/2253/586 680/2252/586 677/2251/586
f 678/2258/587 679/2257/587 677/2256/587 676/2255/587
f 683/2262/588 678/2261/588 676/2260/588 681/2259/588
f 682/2266/589 683/2265/589 681/2264/589 680/2263/589
f 681/2270/590 676/2269/590 677/2268/590 680/2267/590
f 682/2274/591 679/2273/591 678/2272/591 683/2271/591
o cube
v 0.3875000000000003 2.4397767753415436 -0.16952362237983737
v 0.3875000000000003 2.3882142753415434 -0.1695236223798374
v 0.3875000000000003 2.4397767753415436 -0.207023622379837
v 0.3875000000000003 2.3882142753415434 -0.20702362237983704
v 0.4265625000000005 2.3882142753415434 -0.16952362237983742
v 0.4265625000000005 2.4397767753415436 -0.1695236223798374
v 0.4265625000000005 2.3882142753415434 -0.20702362237983707
v 0.4265625000000005 2.4397767753415436 -0.20702362237983704
vt 0.0921875 0.984375
vt 0.10195312500000005 0.984375
vt 0.10195312500000005 0.975
vt 0.0921875 0.975
vt 0.0078125 0.984375
vt 0.02070312500000001 0.984375
vt 0.02070312500000001 0.975
vt 0.0078125 0.975
vt 0.024609375000000003 0.984375
vt 0.034375000000000044 0.984375
vt 0.034375000000000044 0.975
vt 0.024609375000000003 0.975
vt 0.3511718749999999 0.984375
vt 0.3640624999999999 0.984375
vt 0.3640624999999999 0.975
vt 0.3511718749999999 0.975
vt 0.024609375000000003 0.6488281250000001
vt 0.034375000000000044 0.6488281250000001
vt 0.034375000000000044 0.6359375
vt 0.024609375000000003 0.6359375
vt 0.024609375000000003 0.9921875
vt 0.034375000000000044 0.9921875
vt 0.034375000000000044 0.979296875
vt 0.024609375000000003 0.979296875
vn -1.2246467991473537e-16 -1 -4.440892098500626e-16
vn -1 1.2246467991473535e-16 1.2246467991473557e-16
vn 1.2246467991473537e-16 1 4.440892098500626e-16
vn 1 -1.2246467991473535e-16 -1.2246467991473557e-16
vn 1.2246467991473554e-16 -4.440892098500626e-16 1
vn -1.2246467991473554e-16 4.440892098500626e-16 -1
usemtl none
f 687/2278/592 690/2277/592 688/2276/592 685/2275/592
f 686/2282/593 687/2281/593 685/2280/593 684/2279/593
f 691/2286/594 686/2285/594 684/2284/594 689/2283/594
f 690/2290/595 691/2289/595 689/2288/595 688/2287/595
f 689/2294/596 684/2293/596 685/2292/596 688/2291/596
f 690/2298/597 687/2297/597 686/2296/597 691/2295/597
o cube
v 0.3936140404830732 2.407812499999998 0.3909715952962265
v 0.3438109225177098 2.407812499999998 0.46480775410190994
v 0.3936140404830732 2.3578124999999983 0.3909715952962265
v 0.3438109225177098 2.3578124999999983 0.46480775410190994
v 0.3761952026956413 2.407812499999998 0.48665122689373613
v 0.42599832066100474 2.407812499999998 0.4128150680880527
v 0.3761952026956413 2.3578124999999983 0.48665122689373613
v 0.42599832066100474 2.3578124999999983 0.4128150680880527
vt 0.0921875 0.984375
vt 0.10195312500000005 0.984375
vt 0.10195312500000005 0.971875
vt 0.0921875 0.971875
vt 0.1582031250000002 0.984375
vt 0.1804687500000002 0.984375
vt 0.1804687500000002 0.971875
vt 0.1582031250000002 0.971875
vt 0.024609375000000003 0.984375
vt 0.034375000000000044 0.984375
vt 0.034375000000000044 0.971875
vt 0.024609375000000003 0.971875
vt 0.1851562499999997 0.984375
vt 0.2074218749999997 0.984375
vt 0.2074218749999997 0.971875
vt 0.1851562499999997 0.971875
vt 0.024609375000000003 0.8148437500000003
vt 0.034375000000000044 0.8148437500000003
vt 0.034375000000000044 0.7925781250000004
vt 0.024609375000000003 0.7925781250000004
vt 0.024609375000000003 0.8417968749999998
vt 0.034375000000000044 0.8417968749999998
vt 0.034375000000000044 0.8195312499999998
vt 0.024609375000000003 0.8195312499999998
vn -0.5591929034707469 0 0.8290375725550416
vn -0.8290375725550416 0 -0.5591929034707469
vn 0.5591929034707469 0 -0.8290375725550416
vn 0.8290375725550416 0 0.5591929034707469
vn 0 1 0
vn 0 -1 0
usemtl none
f 695/2302/598 698/2301/598 696/2300/598 693/2299/598
f 694/2306/599 695/2305/599 693/2304/599 692/2303/599
f 699/2310/600 694/2309/600 692/2308/600 697/2307/600
f 698/2314/601 699/2313/601 697/2312/601 696/2311/601
f 697/2318/602 692/2317/602 693/2316/602 696/2315/602
f 698/2322/603 695/2321/603 694/2320/603 699/2319/603
o cube
v 0.34375000000000033 2.407812499999998 0.4640624999999997
v 0.34375000000000033 2.407812499999998 0.5374999999999998
v 0.34375000000000033 2.3578124999999983 0.4640624999999997
v 0.34375000000000033 2.3578124999999983 0.5374999999999998
v 0.37656250000000047 2.407812499999998 0.5374999999999998
v 0.37656250000000047 2.407812499999998 0.4640624999999997
v 0.37656250000000047 2.3578124999999983 0.5374999999999998
v 0.37656250000000047 2.3578124999999983 0.4640624999999997
vt 0.0921875 0.984375
vt 0.10039062500000005 0.984375
vt 0.10039062500000005 0.971875
vt 0.0921875 0.971875
vt 0.1566406250000002 0.984375
vt 0.1750000000000002 0.984375
vt 0.1750000000000002 0.971875
vt 0.1566406250000002 0.971875
vt 0.026171874999999997 0.984375
vt 0.034375000000000044 0.984375
vt 0.034375000000000044 0.971875
vt 0.026171874999999997 0.971875
vt 0.19062499999999966 0.984375
vt 0.20898437499999967 0.984375
vt 0.20898437499999967 0.971875
vt 0.19062499999999966 0.971875
vt 0.026171874999999997 0.8093750000000004
vt 0.034375000000000044 0.8093750000000004
vt 0.034375000000000044 0.7910156250000003
vt 0.026171874999999997 0.7910156250000003
vt 0.026171874999999997 0.8433593749999998
vt 0.034375000000000044 0.8433593749999998
vt 0.034375000000000044 0.8249999999999997
vt 0.026171874999999997 0.8249999999999997
vn 1.2246467991473532e-16 0 1
vn -1 0 1.2246467991473532e-16
vn -1.2246467991473532e-16 0 -1
vn 1 0 -1.2246467991473532e-16
vn 0 1 0
vn 0 -1 0
usemtl none
f 703/2326/604 706/2325/604 704/2324/604 701/2323/604
f 702/2330/605 703/2329/605 701/2328/605 700/2327/605
f 707/2334/606 702/2333/606 700/2332/606 705/2331/606
f 706/2338/607 707/2337/607 705/2336/607 704/2335/607
f 705/2342/608 700/2341/608 701/2340/608 704/2339/608
f 706/2346/609 703/2345/609 702/2344/609 707/2343/609
o cube
v 0.34375000000000033 2.4084462368609687 0.5362841021983556
v 0.34375000000000033 2.3565180826175816 0.5882122564417427
v 0.34375000000000033 2.3730908978016414 0.5009287631390283
v 0.34375000000000033 2.3211627435582542 0.5528569173824155
v 0.37656250000000047 2.3565180826175816 0.5882122564417427
v 0.37656250000000047 2.4084462368609687 0.5362841021983555
v 0.37656250000000047 2.3211627435582542 0.5528569173824155
v 0.37656250000000047 2.3730908978016414 0.5009287631390283
vt 0.0921875 0.984375
vt 0.10039062500000005 0.984375
vt 0.10039062500000005 0.971875
vt 0.0921875 0.971875
vt 0.1566406250000002 0.984375
vt 0.1750000000000002 0.984375
vt 0.1750000000000002 0.971875
vt 0.1566406250000002 0.971875
vt 0.026171874999999997 0.984375
vt 0.034375000000000044 0.984375
vt 0.034375000000000044 0.971875
vt 0.026171874999999997 0.971875
vt 0.19062499999999966 0.984375
vt 0.20898437499999967 0.984375
vt 0.20898437499999967 0.971875
vt 0.19062499999999966 0.971875
vt 0.026171874999999997 0.8093750000000004
vt 0.034375000000000044 0.8093750000000004
vt 0.034375000000000044 0.7910156250000003
vt 0.026171874999999997 0.7910156250000003
vt 0.026171874999999997 0.8433593749999998
vt 0.034375000000000044 0.8433593749999998
vt 0.034375000000000044 0.8249999999999997
vt 0.026171874999999997 0.8249999999999997
vn 1.1093356479670479e-31 -0.7071067811865477 0.7071067811865475
vn -1 1.224646799147353e-16 1.224646799147355e-16
vn -1.1093356479670479e-31 0.7071067811865477 -0.7071067811865475
vn 1 -1.224646799147353e-16 -1.224646799147355e-16
vn 1.7319121124709878e-16 0.7071067811865475 0.7071067811865477
vn -1.7319121124709878e-16 -0.7071067811865475 -0.7071067811865477
usemtl none
f 711/2350/610 714/2349/610 712/2348/610 709/2347/610
f 710/2354/611 711/2353/611 709/2352/611 708/2351/611
f 715/2358/612 710/2357/612 708/2356/612 713/2355/612
f 714/2362/613 715/2361/613 713/2360/613 712/2359/613
f 713/2366/614 708/2365/614 709/2364/614 712/2363/614
f 714/2370/615 711/2369/615 710/2368/615 715/2367/615
o cube
v 0.34375000000000033 2.356249999999997 0.5874999999999994
v 0.34375000000000006 0.0015624999999972466 0.5874999999999984
v 0.34375000000000033 2.356249999999997 0.5437500000000001
v 0.34375000000000006 0.0015624999999972466 0.5437499999999991
v 0.3765625000000002 0.0015624999999972466 0.5874999999999984
v 0.37656250000000047 2.356249999999997 0.5874999999999994
v 0.3765625000000002 0.0015624999999972466 0.5437499999999991
v 0.37656250000000047 2.356249999999997 0.5437500000000001
vt 0.0921875 0.984375
vt 0.10039062500000005 0.984375
vt 0.10039062500000005 0.9734375000000001
vt 0.0921875 0.9734375000000001
vt 0.1566406250000002 0.984375
vt 0.7453125000000002 0.984375
vt 0.7453125000000002 0.9734375000000001
vt 0.1566406250000002 0.9734375000000001
vt 0.026171874999999997 0.984375
vt 0.034375000000000044 0.984375
vt 0.034375000000000044 0.9734375000000001
vt 0.026171874999999997 0.9734375000000001
vt 0.0234375 0.984375
vt 0.612109375 0.984375
vt 0.612109375 0.9734375000000001
vt 0.0234375 0.9734375000000001
vt 0.026171874999999997 0.9765625
vt 0.034375000000000044 0.9765625
vt 0.034375000000000044 0.38789062500000004
vt 0.026171874999999997 0.38789062500000004
vt 0.026171874999999997 0.8433593749999998
vt 0.034375000000000044 0.8433593749999998
vt 0.034375000000000044 0.25468749999999984
vt 0.026171874999999997 0.25468749999999984
vn -1.2246467991473537e-16 -1 -4.440892098500626e-16
vn -1 1.2246467991473532e-16 1.2246467991473552e-16
vn 1.2246467991473537e-16 1 4.440892098500626e-16
vn 1 -1.2246467991473532e-16 -1.2246467991473552e-16
vn 1.2246467991473547e-16 -4.440892098500626e-16 1
vn -1.2246467991473547e-16 4.440892098500626e-16 -1
usemtl none
f 719/2374/616 722/2373/616 720/2372/616 717/2371/616
f 718/2378/617 719/2377/617 717/2376/617 716/2375/617
f 723/2382/618 718/2381/618 716/2380/618 721/2379/618
f 722/2386/619 723/2385/619 721/2384/619 720/2383/619
f 721/2390/620 716/2389/620 717/2388/620 720/2387/620
f 722/2394/621 719/2393/621 718/2392/621 723/2391/621