# Made in Blockbench 5.1.6
mtllib tanks.mtl

o cylinder
v 0.7875 0.1875 0.9624999999999998
v 0.7875 2.125 0.9624999999999998
v 0.971715 0.1875 1.65
v 0.971715 1.9375 1.65
v 1.290785 0.1875 1.465785
v 1.290785 1.9375 1.465785
v 1.475 0.1875 1.1467149999999997
v 1.475 1.9375 1.1467149999999997
v 1.475 0.1875 0.7782849999999998
v 1.475 1.9375 0.7782849999999998
v 1.290785 0.1875 0.4592149999999998
v 1.290785 1.9375 0.4592149999999998
v 0.971715 0.1875 0.2749999999999998
v 0.971715 1.9375 0.2749999999999998
v 0.603285 0.1875 0.2749999999999998
v 0.603285 1.9375 0.2749999999999998
v 0.284215 0.1875 0.4592149999999998
v 0.284215 1.9375 0.4592149999999998
v 0.09999999999999998 0.1875 0.7782849999999998
v 0.09999999999999998 1.9375 0.7782849999999998
v 0.09999999999999998 0.1875 1.1467149999999997
v 0.09999999999999998 1.9375 1.1467149999999997
v 0.284215 0.1875 1.465785
v 0.284215 1.9375 1.465785
v 0.603285 0.1875 1.65
v 0.603285 1.9375 1.65
v 0.949256875 1.99160875 1.5661856249999997
v 1.226385 1.9927425 1.4013849999999999
v 1.393185625 1.991063125 1.1247931249999998
v 1.393739375 1.990911875 0.8000587499999998
v 1.236158125 1.98910125 0.5138418749999998
v 0.9531387499999999 1.9876575 0.3443268749999998
v 0.620218125 1.985985625 0.33819624999999975
v 0.33052499999999996 1.986003125 0.5055249999999998
v 0.18019874999999996 1.9906225 0.7997743749999998
v 0.18202312499999995 1.99112 1.1247368749999997
v 0.344531875 1.99122125 1.4054681249999998
v 0.625184375 1.99104 1.5682693749999999
vt 0.129409375 0.9352953125
vt 0.11207203125 1
vt 0 0.9352953125
vt 0 0.875
vt 0.0669875 0.875
vt 0.0669875 1
vt 0 1
vt 0.12940953125 0.93529546875
vt 0.112071875 1
vt 0 0.93529546875
vt 0 0.875
vt 0.0669875 0.875
vt 0.0669875 1
vt 0 1
vt 0.125 0.9330125
vt 0.125 1
vt 0 0.96650625
vt 0 0.875
vt 0.0669875 0.875
vt 0.0669875 1
vt 0 1
vt 0 0.870590625
vt 0.0647046875 0.88792796875
vt 0 1
vt 0 0.875
vt 0.0669875 0.875
vt 0.0669875 1
vt 0 1
vt 0 0.87059046875
vt 0.06470453125 0.887928125
vt 0 1
vt 0 0.875
vt 0.0669875 0.875
vt 0.0669875 1
vt 0 1
vt 0 0.875
vt 0.0669875 0.875
vt 0.03349375 1
vt 0 0.875
vt 0.0669875 0.875
vt 0.0669875 1
vt 0 1
vt 0 1
vt 0.01733734375 0.9352953125
vt 0.129409375 1
vt 0 0.875
vt 0.0669875 0.875
vt 0.0669875 1
vt 0 1
vt 0 1
vt 0.01733765625 0.93529546875
vt 0.12940953125 1
vt 0 0.875
vt 0.0669875 0.875
vt 0.0669875 1
vt 0 1
vt 0 1
vt 0 0.9330125
vt 0.125 0.96650625
vt 0 0.875
vt 0.0669875 0.875
vt 0.0669875 1
vt 0 1
vt 0.0647046875 1
vt 0 0.98266265625
vt 0.0647046875 0.870590625
vt 0 0.875
vt 0.0669875 0.875
vt 0.0669875 1
vt 0 1
vt 0.06470453125 1
vt 0 0.98266234375
vt 0.06470453125 0.87059046875
vt 0 0.875
vt 0.0669875 0.875
vt 0.0669875 1
vt 0 1
vt 0.0669875 1
vt 0 1
vt 0.03349375 0.875
vt 0 0.875
vt 0.0669875 0.875
vt 0.0669875 1
vt 0 1
vt 0 0.88636703125
vt 0 0.87059046875
vt 0.06470453125 0.887928125
vt 0.05642515625 0.90226875
vt 0.05642515625 0.90226875
vt 0 1
vt 0 0.88636703125
vt 0 0.870590625
vt 0.0647046875 0.88792796875
vt 0.0570046875 0.90126484375
vt 0 0.8871496875
vt 0.0570046875 0.90126484375
vt 0 1
vt 0 0.8871496875
vt 0.125 0.9330125
vt 0.125 1
vt 0.1102253125 0.99604109375
vt 0.1101246875 0.93699828125
vt 0.1102253125 0.99604109375
vt 0 0.96650625
vt 0.1101246875 0.93699828125
vt 0.12940953125 0.93529546875
vt 0.112071875 1
vt 0.0999075 0.992976875
vt 0.11411375 0.93529546875
vt 0.0999075 0.992976875
vt 0 0.93529546875
vt 0.11411375 0.93529546875
vt 0.129409375 0.9352953125
vt 0.11207203125 1
vt 0.10077078125 0.9934753125
vt 0.115363125 0.9352953125
vt 0.10077078125 0.9934753125
vt 0 0.9352953125
vt 0.115363125 0.9352953125
vt 0.0669875 1
vt 0 1
vt 0.00307875 0.98850984375
vt 0.06361 0.98739515625
vt 0.00307875 0.98850984375
vt 0.03349375 0.875
vt 0.06361 0.98739515625
vt 0.06470453125 0.988104375
vt 0.06470453125 1
vt 0 0.98266234375
vt 0.00595375 0.97235
vt 0.00595375 0.97235
vt 0.06470453125 0.87059046875
vt 0.06470453125 0.988104375
vt 0.0647046875 0.98809234375
vt 0.0647046875 1
vt 0 0.98266265625
vt 0.00754796875 0.9695890625
vt 0.00754796875 0.9695890625
vt 0.0647046875 0.870590625
vt 0.0647046875 0.98809234375
vt 0.0145815625 0.9960928125
vt 0 1
vt 0 0.9330125
vt 0.01491328125 0.93700859375
vt 0.01491328125 0.93700859375
vt 0.125 0.96650625
vt 0.0145815625 0.9960928125
vt 0.015439375 1
vt 0 1
vt 0.01733765625 0.93529546875
vt 0.0307690625 0.9430499999999999
vt 0.0307690625 0.9430499999999999
vt 0.12940953125 1
vt 0.015439375 1
vt 0 1
vt 0.01733734375 0.9352953125
vt 0.030660625 0.9429875
vt 0.01550921875 1
vt 0.030660625 0.9429875
vt 0.129409375 1
vt 0.01550921875 1
vt 0.00398171875 0.88986015625
vt 0 0.875
vt 0.0669875 0.875
vt 0.06290421875 0.89023890625
vt 0.06290421875 0.89023890625
vt 0.03349375 1
vt 0.00398171875 0.88986015625
vn 0 -1 0
vn 0.4999996938558401 0 0.8660255805367797
vn 0 -1 0
vn 0.8660255805367797 0 0.4999996938558401
vn 0 -1 0
vn 1 0 0
vn 0 -1 0
vn 0.8660255805367797 0 -0.4999996938558401
vn 0 -1 0
vn 0.4999996938558401 0 -0.8660255805367797
vn 0 -1 0
vn 0 0 -1
vn 0 -1 0
vn -0.4999996938558401 0 -0.8660255805367797
vn 0 -1 0
vn -0.8660255805367797 0 -0.4999996938558401
vn 0 -1 0
vn -1 0 0
vn 0 -1 0
vn -0.8660255805367797 0 0.4999996938558401
vn 0 -1 0
vn -0.4999996938558401 0 0.8660255805367797
vn 0 -1 0
vn 0 0 1
vn 0.2711868078998605 0.8401371915653718 0.4697097130885567
vn 0.10722886391941124 0.976483730158621 0.1870334073850392
vn 0.47436103323978956 0.836645446207148 0.2738722466489104
vn 0.18725828400418165 0.976465888979901 0.10699861088117366
vn 0.5492643251520265 0.835648670863114 0
vn 0.215938654762217 0.9764069284313333 -0.00008654925383395754
vn 0.49256366879484303 0.8225011701863749 -0.2843815346069578
vn 0.18674384571298602 0.9763440242806349 -0.10899120303868406
vn 0.2930830256904235 0.8101906809234041 -0.5076351057570958
vn 0.1076533017576191 0.9762416148893265 -0.18805072714287346
vn 0 0.7933931331987608 -0.6087095663722177
vn -0.0009039071694808999 0.9761451535306039 -0.21711707024216842
vn -0.3043549715033596 0.7933925582866644 -0.5271587045440216
vn -0.1086647756745675 0.9760947276360163 -0.18823137147873914
vn -0.5269399169951242 0.793586321469868 -0.30422865455623166
vn -0.1863903061339157 0.9762364388562231 -0.110548944945779
vn -0.5522268561518727 0.8336938882735193 0
vn -0.21597218713459201 0.9763994749475567 -0.0002823232830950623
vn -0.4738666883845132 0.8370188793560498 0.27358683674664847
vn -0.1869910878230795 0.9764187211984224 0.10789260386133573
vn -0.27398587675727026 0.8364966166354223 0.47455784652141364
vn -0.1078586670125148 0.9764161212319618 0.18702423946808214
vn 0 0.836497023043832 0.5479714686357376
vn -0.0003258109798731576 0.9764286068633697 0.21584037978576762
usemtl none
f 5/1/1 3/2/1 1/3/1
f 3/4/2 5/5/2 6/6/2 4/7/2
f 7/8/3 5/9/3 1/10/3
f 5/11/4 7/12/4 8/13/4 6/14/4
f 9/15/5 7/16/5 1/17/5
f 7/18/6 9/19/6 10/20/6 8/21/6
f 11/22/7 9/23/7 1/24/7
f 9/25/8 11/26/8 12/27/8 10/28/8
f 13/29/9 11/30/9 1/31/9
f 11/32/10 13/33/10 14/34/10 12/35/10
f 15/36/11 13/37/11 1/38/11
f 13/39/12 15/40/12 16/41/12 14/42/12
f 17/43/13 15/44/13 1/45/13
f 15/46/14 17/47/14 18/48/14 16/49/14
f 19/50/15 17/51/15 1/52/15
f 17/53/16 19/54/16 20/55/16 18/56/16
f 21/57/17 19/58/17 1/59/17
f 19/60/18 21/61/18 22/62/18 20/63/18
f 23/64/19 21/65/19 1/66/19
f 21/67/20 23/68/20 24/69/20 22/70/20
f 25/71/21 23/72/21 1/73/21
f 23/74/22 25/75/22 26/76/22 24/77/22
f 3/78/23 25/79/23 1/80/23
f 25/81/24 3/82/24 4/83/24 26/84/24
f 27/85/25 4/86/25 6/87/25 28/88/25
f 28/89/26 2/90/26 27/91/26
f 6/92/27 8/93/27 29/94/27 28/95/27
f 29/96/28 2/97/28 28/98/28
f 8/99/29 10/100/29 30/101/29 29/102/29
f 30/103/30 2/104/30 29/105/30
f 10/106/31 12/107/31 31/108/31 30/109/31
f 31/110/32 2/111/32 30/112/32
f 12/113/33 14/114/33 32/115/33 31/116/33
f 32/117/34 2/118/34 31/119/34
f 14/120/35 16/121/35 33/122/35 32/123/35
f 33/124/36 2/125/36 32/126/36
f 33/127/37 16/128/37 18/129/37 34/130/37
f 34/131/38 2/132/38 33/133/38
f 34/134/39 18/135/39 20/136/39 35/137/39
f 35/138/40 2/139/40 34/140/40
f 35/141/41 20/142/41 22/143/41 36/144/41
f 36/145/42 2/146/42 35/147/42
f 36/148/43 22/149/43 24/150/43 37/151/43
f 37/152/44 2/153/44 36/154/44
f 24/155/45 26/156/45 38/157/45 37/158/45
f 38/159/46 2/160/46 37/161/46
f 38/162/47 26/163/47 4/164/47 27/165/47
f 27/166/48 2/167/48 38/168/48
o cylinder
v 0.7875 0.13125 0.9624999999999998
v 0.7875 0.19375 0.9624999999999998
v 0.97841375 0.13125 1.65
v 0.97841375 0.187701875 1.65
v 1.30908625 0.13125 1.465785
v 1.30908625 0.187701875 1.465785
v 1.5 0.13125 1.1467149999999997
v 1.5 0.187701875 1.1467149999999997
v 1.5 0.13125 0.7782849999999998
v 1.5 0.187701875 0.7782849999999998
v 1.30908625 0.13125 0.4592149999999998
v 1.30908625 0.187701875 0.4592149999999998
v 0.97841375 0.13125 0.2749999999999998
v 0.97841375 0.187701875 0.2749999999999998
v 0.59658625 0.13125 0.2749999999999998
v 0.59658625 0.187701875 0.2749999999999998
v 0.26591374999999995 0.13125 0.4592149999999998
v 0.26591374999999995 0.187701875 0.4592149999999998
v 0.07499999999999996 0.13125 0.7782849999999998
v 0.07499999999999996 0.187701875 0.7782849999999998
v 0.07499999999999996 0.13125 1.1467149999999997
v 0.07499999999999996 0.187701875 1.1467149999999997
v 0.26591374999999995 0.13125 1.465785
v 0.26591374999999995 0.187701875 1.465785
v 0.59658625 0.13125 1.65
v 0.59658625 0.187701875 1.65
v 0.955139375 0.189446875 1.5661856249999997
v 1.242345 0.18948374999999998 1.4013849999999999
v 1.4152106249999998 0.18942937499999998 1.1247931249999998
v 1.4157843749999999 0.189424375 0.8000587499999998
v 1.2524725 0.18936624999999999 0.5138418749999998
v 0.9591624999999999 0.18931937499999998 0.3443268749999998
v 0.614135625 0.18926562500000002 0.33819624999999975
v 0.31390749999999995 0.18926625 0.5055249999999998
v 0.158115 0.18941500000000003 0.7997743749999998
v 0.16000562499999993 0.18943125000000002 1.1247368749999997
v 0.32842374999999996 0.18943437500000002 1.4054681249999998
v 0.6192825 0.18942875 1.5682693749999999
vt 0.129409375 0.9352953125
vt 0.11207203125 1
vt 0 0.9352953125
vt 0 0.875
vt 0.0669875 0.875
vt 0.0669875 1
vt 0 1
vt 0.12940953125 0.93529546875
vt 0.112071875 1
vt 0 0.93529546875
vt 0 0.875
vt 0.0669875 0.875
vt 0.0669875 1
vt 0 1
vt 0.125 0.9330125
vt 0.125 1
vt 0 0.96650625
vt 0 0.875
vt 0.0669875 0.875
vt 0.0669875 1
vt 0 1
vt 0 0.870590625
vt 0.0647046875 0.88792796875
vt 0 1
vt 0 0.875
vt 0.0669875 0.875
vt 0.0669875 1
vt 0 1
vt 0 0.87059046875
vt 0.06470453125 0.887928125
vt 0 1
vt 0 0.875
vt 0.0669875 0.875
vt 0.0669875 1
vt 0 1
vt 0 0.875
vt 0.0669875 0.875
vt 0.03349375 1
vt 0 0.875
vt 0.0669875 0.875
vt 0.0669875 1
vt 0 1
vt 0 1
vt 0.01733734375 0.9352953125
vt 0.129409375 1
vt 0 0.875
vt 0.0669875 0.875
vt 0.0669875 1
vt 0 1
vt 0 1
vt 0.01733765625 0.93529546875
vt 0.12940953125 1
vt 0 0.875
vt 0.0669875 0.875
vt 0.0669875 1
vt 0 1
vt 0 1
vt 0 0.9330125
vt 0.125 0.96650625
vt 0 0.875
vt 0.0669875 0.875
vt 0.0669875 1
vt 0 1
vt 0.0647046875 1
vt 0 0.98266265625
vt 0.0647046875 0.870590625
vt 0 0.875
vt 0.0669875 0.875
vt 0.0669875 1
vt 0 1
vt 0.06470453125 1
vt 0 0.98266234375
vt 0.06470453125 0.87059046875
vt 0 0.875
vt 0.0669875 0.875
vt 0.0669875 1
vt 0 1
vt 0.0669875 1
vt 0 1
vt 0.03349375 0.875
vt 0 0.875
vt 0.0669875 0.875
vt 0.0669875 1
vt 0 1
vt 0 0.88636703125
vt 0 0.87059046875
vt 0.06470453125 0.887928125
vt 0.05642515625 0.90226875
vt 0.05642515625 0.90226875
vt 0 1
vt 0 0.88636703125
vt 0 0.870590625
vt 0.0647046875 0.88792796875
vt 0.0570046875 0.90126484375
vt 0 0.8871496875
vt 0.0570046875 0.90126484375
vt 0 1
vt 0 0.8871496875
vt 0.125 0.9330125
vt 0.125 1
vt 0.1102253125 0.99604109375
vt 0.1101246875 0.93699828125
vt 0.1102253125 0.99604109375
vt 0 0.96650625
vt 0.1101246875 0.93699828125
vt 0.12940953125 0.93529546875
vt 0.112071875 1
vt 0.0999075 0.992976875
vt 0.11411375 0.93529546875
vt 0.0999075 0.992976875
vt 0 0.93529546875
vt 0.11411375 0.93529546875
vt 0.129409375 0.9352953125
vt 0.11207203125 1
vt 0.10077078125 0.9934753125
vt 0.115363125 0.9352953125
vt 0.10077078125 0.9934753125
vt 0 0.9352953125
vt 0.115363125 0.9352953125
vt 0.0669875 1
vt 0 1
vt 0.00307875 0.98850984375
vt 0.06361 0.98739515625
vt 0.00307875 0.98850984375
vt 0.03349375 0.875
vt 0.06361 0.98739515625
vt 0.06470453125 0.988104375
vt 0.06470453125 1
vt 0 0.98266234375
vt 0.00595375 0.97235
vt 0.00595375 0.97235
vt 0.06470453125 0.87059046875
vt 0.06470453125 0.988104375
vt 0.0647046875 0.98809234375
vt 0.0647046875 1
vt 0 0.98266265625
vt 0.00754796875 0.9695890625
vt 0.00754796875 0.9695890625
vt 0.0647046875 0.870590625
vt 0.0647046875 0.98809234375
vt 0.0145815625 0.9960928125
vt 0 1
vt 0 0.9330125
vt 0.01491328125 0.93700859375
vt 0.01491328125 0.93700859375
vt 0.125 0.96650625
vt 0.0145815625 0.9960928125
vt 0.015439375 1
vt 0 1
vt 0.01733765625 0.93529546875
vt 0.0307690625 0.9430499999999999
vt 0.0307690625 0.9430499999999999
vt 0.12940953125 1
vt 0.015439375 1
vt 0 1
vt 0.01733734375 0.9352953125
vt 0.030660625 0.9429875
vt 0.01550921875 1
vt 0.030660625 0.9429875
vt 0.129409375 1
vt 0.01550921875 1
vt 0.00398171875 0.88986015625
vt 0 0.875
vt 0.0669875 0.875
vt 0.06290421875 0.89023890625
vt 0.06290421875 0.89023890625
vt 0.03349375 1
vt 0.00398171875 0.88986015625
vn 0 -1 0
vn 0.4866682449972657 0 0.87358686992839
vn 0 -1 0
vn 0.858119066952064 0 0.5134507444081851
vn 0 -1 0
vn 1 0 0
vn 0 -1 0
vn 0.858119066952064 0 -0.5134507444081851
vn 0 -1 0
vn 0.4866682449972657 0 -0.87358686992839
vn 0 -1 0
vn 0 0 -1
vn 0 -1 0
vn -0.4866682449972657 0 -0.87358686992839
vn 0 -1 0
vn -0.858119066952064 0 -0.5134507444081851
vn 0 -1 0
vn -1 0 0
vn 0 -1 0
vn -0.858119066952064 0 0.5134507444081851
vn 0 -1 0
vn -0.4866682449972657 0 0.87358686992839
vn 0 -1 0
vn 0 0 1
vn 0.010042519943794091 0.9997870705999076 0.01802668173663519
vn 0.0034171590498609954 0.9999750712438001 0.006178989802932123
vn 0.017640709405718605 0.9997886740238613 0.010555219811658917
vn 0.005969248102990234 0.9999759388078671 0.0035341027730145637
vn 0.02044917216488506 0.9997908938161876 0
vn 0.006883820921710276 0.9999763062188309 -0.0000032343027350888177
vn 0.018633741117038385 0.9997642095454169 -0.011149394782282844
vn 0.005953818138047196 0.9999757948256194 -0.0036002517203353413
vn 0.011253434540287023 0.9997326179624193 -0.020200316657292078
vn 0.0034315986967860435 0.9999748037565257 -0.006214175929448152
vn 0 0.9996939991340487 -0.024736776171780762
vn -0.00002829236086732632 0.9999742592401357 -0.007174960395994625
vn -0.011934444403486382 0.9996992721123918 -0.021422753668332385
vn -0.003464920461902488 0.9999746486740445 -0.006220637862330984
vn -0.02065862591510229 0.999710171757275 -0.012360973276395024
vn -0.005943241846627509 0.9999756693433968 -0.003652204482016577
vn -0.020607125296460766 0.9997876506473842 0
vn -0.00688494075311444 0.9999762984650489 -0.000009948143981831808
vn -0.01761490497878561 0.9997892918824098 0.010539779877122986
vn -0.005960686033324834 0.9999758807697509 0.003564842320970173
vn -0.010191492540888629 0.9997807057780301 0.018294092865548384
vn -0.0034388555262210778 0.9999750007065425 0.006178368281362938
vn 0 0.9997768603295126 0.021124146128596775
vn -0.000009724778497995893 0.9999745768406637 0.0071306085129274315
usemtl none
f 43/169/49 41/170/49 39/171/49
f 41/172/50 43/173/50 44/174/50 42/175/50
f 45/176/51 43/177/51 39/178/51
f 43/179/52 45/180/52 46/181/52 44/182/52
f 47/183/53 45/184/53 39/185/53
f 45/186/54 47/187/54 48/188/54 46/189/54
f 49/190/55 47/191/55 39/192/55
f 47/193/56 49/194/56 50/195/56 48/196/56
f 51/197/57 49/198/57 39/199/57
f 49/200/58 51/201/58 52/202/58 50/203/58
f 53/204/59 51/205/59 39/206/59
f 51/207/60 53/208/60 54/209/60 52/210/60
f 55/211/61 53/212/61 39/213/61
f 53/214/62 55/215/62 56/216/62 54/217/62
f 57/218/63 55/219/63 39/220/63
f 55/221/64 57/222/64 58/223/64 56/224/64
f 59/225/65 57/226/65 39/227/65
f 57/228/66 59/229/66 60/230/66 58/231/66
f 61/232/67 59/233/67 39/234/67
f 59/235/68 61/236/68 62/237/68 60/238/68
f 63/239/69 61/240/69 39/241/69
f 61/242/70 63/243/70 64/244/70 62/245/70
f 41/246/71 63/247/71 39/248/71
f 63/249/72 41/250/72 42/251/72 64/252/72
f 65/253/73 42/254/73 44/255/73 66/256/73
f 66/257/74 40/258/74 65/259/74
f 44/260/75 46/261/75 67/262/75 66/263/75
f 67/264/76 40/265/76 66/266/76
f 46/267/77 48/268/77 68/269/77 67/270/77
f 68/271/78 40/272/78 67/273/78
f 48/274/79 50/275/79 69/276/79 68/277/79
f 69/278/80 40/279/80 68/280/80
f 50/281/81 52/282/81 70/283/81 69/284/81
f 70/285/82 40/286/82 69/287/82
f 52/288/83 54/289/83 71/290/83 70/291/83
f 71/292/84 40/293/84 70/294/84
f 71/295/85 54/296/85 56/297/85 72/298/85
f 72/299/86 40/300/86 71/301/86
f 72/302/87 56/303/87 58/304/87 73/305/87
f 73/306/88 40/307/88 72/308/88
f 73/309/89 58/310/89 60/311/89 74/312/89
f 74/313/90 40/314/90 73/315/90
f 74/316/91 60/317/91 62/318/91 75/319/91
f 75/320/92 40/321/92 74/322/92
f 62/323/93 64/324/93 76/325/93 75/326/93
f 76/327/94 40/328/94 75/329/94
f 76/330/95 64/331/95 42/332/95 65/333/95
f 65/334/96 40/335/96 76/336/96
o mesh
v 1.0125 2.09375 1.1874999999999998
v 1.0125 2.09375 0.7374999999999998
v 1.0125 2.0437499999999997 1.1874999999999998
v 1.0125 2.0437499999999997 0.7374999999999998
v 0.5625 2.09375 1.1874999999999998
v 0.5625 2.09375 0.7374999999999998
v 0.5625 2.0437499999999997 1.1874999999999998
v 0.5625 2.0437499999999997 0.7374999999999998
vt 0.25 1
vt 0 1
vt 0 0.875
vt 0.25 0.875
vt 0.25 0.875
vt 0.25 1
vt 0 1
vt 0 0.875
vt 0 0.75
vt 0.25 0.75
vt 0.25 1
vt 0 1
vt 0.25 0.75
vt 0.25 1
vt 0 1
vt 0 0.75
vt 0.25 0.875
vt 0.25 1
vt 0 1
vt 0 0.875
vt 0.25 1
vt 0 1
vt 0 0.875
vt 0.25 0.875
vn 1 0 0
vn -1 0 0
vn 0 1 0
vn 0 -1 0
vn 0 0 1
vn 0 0 -1
usemtl none
f 78/337/97 77/338/97 79/339/97 80/340/97
f 83/341/98 81/342/98 82/343/98 84/344/98
f 81/345/99 77/346/99 78/347/99 82/348/99
f 80/349/100 79/350/100 83/351/100 84/352/100
f 79/353/101 77/354/101 81/355/101 83/356/101
f 82/357/102 78/358/102 80/359/102 84/360/102
o mesh
v 0.959375 2.2312499999999997 1.1406249999999998
v 0.959375 2.2312499999999997 0.7843749999999998
v 0.959375 2.09375 1.1406249999999998
v 0.959375 2.09375 0.7843749999999998
v 0.615625 2.2312499999999997 1.1406249999999998
v 0.615625 2.2312499999999997 0.7843749999999998
v 0.615625 2.09375 1.1406249999999998
v 0.615625 2.09375 0.7843749999999998
vt 0.25 1
vt 0 1
vt 0 0.875
vt 0.25 0.875
vt 0.25 0.875
vt 0.25 1
vt 0 1
vt 0 0.875
vt 0 0.75
vt 0.25 0.75
vt 0.25 1
vt 0 1
vt 0.25 0.75
vt 0.25 1
vt 0 1
vt 0 0.75
vt 0.25 0.875
vt 0.25 1
vt 0 1
vt 0 0.875
vt 0.25 1
vt 0 1
vt 0 0.875
vt 0.25 0.875
vn 1 0 0
vn -1 0 0
vn 0 1 0
vn 0 -1 0
vn 0 0 1
vn 0 0 -1
usemtl none
f 86/361/103 85/362/103 87/363/103 88/364/103
f 91/365/104 89/366/104 90/367/104 92/368/104
f 89/369/105 85/370/105 86/371/105 90/372/105
f 88/373/106 87/374/106 91/375/106 92/376/106
f 87/377/107 85/378/107 89/379/107 91/380/107
f 90/381/108 86/382/108 88/383/108 92/384/108
o mesh
v 0.971875 2.25 1.1593749999999998
v 0.971875 2.25 0.7656249999999998
v 0.971875 2.225 1.1593749999999998
v 0.971875 2.225 0.7656249999999998
v 0.6031249999999999 2.25 1.1593749999999998
v 0.6031249999999999 2.25 0.7656249999999998
v 0.6031249999999999 2.225 1.1593749999999998
v 0.6031249999999999 2.225 0.7656249999999998
v 0.9422706249999999 2.25 1.1239524999999997
v 0.94466625 2.25 0.8002681249999998
v 0.6341162499999999 2.25 0.7980212499999998
v 0.632279375 2.25 1.1235037499999998
v 0.944659375 2.225 1.1217656249999999
v 0.943496875 2.225 0.7985137499999998
v 0.63274125 2.225 0.7979537499999998
v 0.6329556249999999 2.225 1.1217287499999997
vt 0.25 1
vt 0 1
vt 0 0.875
vt 0.25 0.875
vt 0.25 0.875
vt 0.25 1
vt 0 1
vt 0 0.875
vt 0.25 0.75
vt 0.25 1
vt 0 1
vt 0 0.75
vt 0.25 0.875
vt 0.25 1
vt 0 1
vt 0 0.875
vt 0.25 1
vt 0 1
vt 0 0.875
vt 0.25 0.875
vt 0 0.75
vt 0.25 0.75
vt 0.22992921875 0.772490625
vt 0.01976578125 0.772775625
vt 0.22992921875 0.772490625
vt 0.25 0.75
vt 0.25 1
vt 0.23155328125 0.978004375
vt 0.25 1
vt 0 1
vt 0.02101125 0.9794309375
vt 0.23155328125 0.978004375
vt 0 1
vt 0 0.75
vt 0.01976578125 0.772775625
vt 0.02101125 0.9794309375
vt 0.2230740625 0.7818153125
vt 0.22992921875 0.772490625
vt 0.23155328125 0.978004375
vt 0.22228609375 0.971181875
vt 0.22228609375 0.971181875
vt 0.23155328125 0.978004375
vt 0.02101125 0.9794309375
vt 0.02855359375 0.9715371875
vt 0.02101125 0.9794309375
vt 0.01976578125 0.772775625
vt 0.02869875 0.7818390625
vt 0.02855359375 0.9715371875
vt 0.02869875 0.7818390625
vt 0.01976578125 0.772775625
vt 0.22992921875 0.772490625
vt 0.2230740625 0.7818153125
vt 0.02869875 0.7818390625
vt 0.2230740625 0.7818153125
vt 0.22228609375 0.971181875
vt 0.02855359375 0.9715371875
vn 1 0 0
vn -1 0 0
vn 0 -1 0
vn 0 0 1
vn 0 0 -1
vn 0 1 0
vn 0 1 0
vn 0 1 0
vn 0 1 0
vn -0.99549992055672 -0.09447551835856478 -0.00736780852391687
vn -0.007217380169468961 -0.0696650802491536 0.9975443278458199
vn 0.9996291887384191 0.02663942647090527 0.005641451893923241
vn 0.0014439810117076201 0.0708605081420354 -0.9974851895164611
vn 0 1 0
usemtl none
f 94/385/109 93/386/109 95/387/109 96/388/109
f 99/389/110 97/390/110 98/391/110 100/392/110
f 96/393/111 95/394/111 99/395/111 100/396/111
f 95/397/112 93/398/112 97/399/112 99/400/112
f 98/401/113 94/402/113 96/403/113 100/404/113
f 97/405/114 93/406/114 101/407/114 104/408/114
f 101/409/115 93/410/115 94/411/115 102/412/115
f 94/413/116 98/414/116 103/415/116 102/416/116
f 98/417/117 97/418/117 104/419/117 103/420/117
f 105/421/118 101/422/118 102/423/118 106/424/118
f 106/425/119 102/426/119 103/427/119 107/428/119
f 103/429/120 104/430/120 108/431/120 107/432/120
f 108/433/121 104/434/121 101/435/121 105/436/121
f 108/437/122 105/438/122 106/439/122 107/440/122
o cube
v 1.225 0.13125 1.325
v 1.225 0.13125 1.2
v 1.225 0.012500000000000011 1.325
v 1.225 0.012500000000000011 1.2
v 1.1 0.13125 1.2
v 1.1 0.13125 1.325
v 1.1 0.012500000000000011 1.2
v 1.1 0.012500000000000011 1.325
vt 0 0.9703125
vt 0.03125 0.9703125
vt 0.03125 0.940625
vt 0 0.940625
vt 0.0625 0.9703125
vt 0.09375 0.9703125
vt 0.09375 0.940625
vt 0.0625 0.940625
vt 0.359375 0.9703125
vt 0.390625 0.9703125
vt 0.390625 0.940625
vt 0.359375 0.940625
vt 0.265625 0.9703125
vt 0.296875 0.9703125
vt 0.296875 0.940625
vt 0.265625 0.940625
vt 0.359375 0.734375
vt 0.390625 0.734375
vt 0.390625 0.703125
vt 0.359375 0.703125
vt 0.359375 0.9375
vt 0.390625 0.9375
vt 0.390625 0.90625
vt 0.359375 0.90625
vn 0 0 -1
vn 1 0 0
vn 0 0 1
vn -1 0 0
vn 0 1 0
vn 0 -1 0
usemtl none
f 112/444/123 115/443/123 113/442/123 110/441/123
f 111/448/124 112/447/124 110/446/124 109/445/124
f 116/452/125 111/451/125 109/450/125 114/449/125
f 115/456/126 116/455/126 114/454/126 113/453/126
f 114/460/127 109/459/127 110/458/127 113/457/127
f 115/464/128 112/463/128 111/462/128 116/461/128
o cube
v 1.44375 0.13125 0.86875
v 1.44375 0.13125 0.74375
v 1.44375 0.012500000000000011 0.86875
v 1.44375 0.012500000000000011 0.74375
v 1.31875 0.13125 0.74375
v 1.31875 0.13125 0.86875
v 1.31875 0.012500000000000011 0.74375
v 1.31875 0.012500000000000011 0.86875
vt 0 0.9703125
vt 0.03125 0.9703125
vt 0.03125 0.940625
vt 0 0.940625
vt 0.0625 0.9703125
vt 0.09375 0.9703125
vt 0.09375 0.940625
vt 0.0625 0.940625
vt 0.359375 0.9703125
vt 0.390625 0.9703125
vt 0.390625 0.940625
vt 0.359375 0.940625
vt 0.265625 0.9703125
vt 0.296875 0.9703125
vt 0.296875 0.940625
vt 0.265625 0.940625
vt 0.359375 0.734375
vt 0.390625 0.734375
vt 0.390625 0.703125
vt 0.359375 0.703125
vt 0.359375 0.9375
vt 0.390625 0.9375
vt 0.390625 0.90625
vt 0.359375 0.90625
vn 0 0 -1
vn 1 0 0
vn 0 0 1
vn -1 0 0
vn 0 1 0
vn 0 -1 0
usemtl none
f 120/468/129 123/467/129 121/466/129 118/465/129
f 119/472/130 120/471/130 118/470/130 117/469/130
f 124/476/131 119/475/131 117/474/131 122/473/131
f 123/480/132 124/479/132 122/478/132 121/477/132
f 122/484/133 117/483/133 118/482/133 121/481/133
f 123/488/134 120/487/134 119/486/134 124/485/134
o cube
v 0.25625 0.13125 1.025
v 0.25625 0.13125 0.8999999999999999
v 0.25625 0.012500000000000011 1.025
v 0.25625 0.012500000000000011 0.8999999999999999
v 0.13124999999999998 0.13125 0.8999999999999999
v 0.13124999999999998 0.13125 1.025
v 0.13124999999999998 0.012500000000000011 0.8999999999999999
v 0.13124999999999998 0.012500000000000011 1.025
vt 0 0.9703125
vt 0.03125 0.9703125
vt 0.03125 0.940625
vt 0 0.940625
vt 0.0625 0.9703125
vt 0.09375 0.9703125
vt 0.09375 0.940625
vt 0.0625 0.940625
vt 0.359375 0.9703125
vt 0.390625 0.9703125
vt 0.390625 0.940625
vt 0.359375 0.940625
vt 0.265625 0.9703125
vt 0.296875 0.9703125
vt 0.296875 0.940625
vt 0.265625 0.940625
vt 0.359375 0.734375
vt 0.390625 0.734375
vt 0.390625 0.703125
vt 0.359375 0.703125
vt 0.359375 0.9375
vt 0.390625 0.9375
vt 0.390625 0.90625
vt 0.359375 0.90625
vn 0 0 -1
vn 1 0 0
vn 0 0 1
vn -1 0 0
vn 0 1 0
vn 0 -1 0
usemtl none
f 128/492/135 131/491/135 129/490/135 126/489/135
f 127/496/136 128/495/136 126/494/136 125/493/136
f 132/500/137 127/499/137 125/498/137 130/497/137
f 131/504/138 132/503/138 130/502/138 129/501/138
f 130/508/139 125/507/139 126/506/139 129/505/139
f 131/512/140 128/511/140 127/510/140 132/509/140
o cube
v 0.85 0.13125 1.6125000000000012
v 0.85 0.13125 1.4875000000000012
v 0.85 0.012500000000000011 1.6125000000000012
v 0.85 0.012500000000000011 1.4875000000000012
v 0.725 0.13125 1.4875000000000012
v 0.725 0.13125 1.6125000000000012
v 0.725 0.012500000000000011 1.4875000000000012
v 0.725 0.012500000000000011 1.6125000000000012
vt 0 0.9703125
vt 0.03125 0.9703125
vt 0.03125 0.940625
vt 0 0.940625
vt 0.0625 0.9703125
vt 0.09375 0.9703125
vt 0.09375 0.940625
vt 0.0625 0.940625
vt 0.359375 0.9703125
vt 0.390625 0.9703125
vt 0.390625 0.940625
vt 0.359375 0.940625
vt 0.265625 0.9703125
vt 0.296875 0.9703125
vt 0.296875 0.940625
vt 0.265625 0.940625
vt 0.359375 0.734375
vt 0.390625 0.734375
vt 0.390625 0.703125
vt 0.359375 0.703125
vt 0.359375 0.9375
vt 0.390625 0.9375
vt 0.390625 0.90625
vt 0.359375 0.90625
vn 0 0 -1
vn 1 0 0
vn 0 0 1
vn -1 0 0
vn 0 1 0
vn 0 -1 0
usemtl none
f 136/516/141 139/515/141 137/514/141 134/513/141
f 135/520/142 136/519/142 134/518/142 133/517/142
f 140/524/143 135/523/143 133/522/143 138/521/143
f 139/528/144 140/527/144 138/526/144 137/525/144
f 138/532/145 133/531/145 134/530/145 137/529/145
f 139/536/146 136/535/146 135/534/146 140/533/146
o cube
v 0.85 0.13125 0.4312499999999998
v 0.85 0.13125 0.3062499999999998
v 0.85 0.012500000000000011 0.4312499999999998
v 0.85 0.012500000000000011 0.3062499999999998
v 0.725 0.13125 0.3062499999999998
v 0.725 0.13125 0.4312499999999998
v 0.725 0.012500000000000011 0.3062499999999998
v 0.725 0.012500000000000011 0.4312499999999998
vt 0 0.9703125
vt 0.03125 0.9703125
vt 0.03125 0.940625
vt 0 0.940625
vt 0.0625 0.9703125
vt 0.09375 0.9703125
vt 0.09375 0.940625
vt 0.0625 0.940625
vt 0.359375 0.9703125
vt 0.390625 0.9703125
vt 0.390625 0.940625
vt 0.359375 0.940625
vt 0.265625 0.9703125
vt 0.296875 0.9703125
vt 0.296875 0.940625
vt 0.265625 0.940625
vt 0.359375 0.734375
vt 0.390625 0.734375
vt 0.390625 0.703125
vt 0.359375 0.703125
vt 0.359375 0.9375
vt 0.390625 0.9375
vt 0.390625 0.90625
vt 0.359375 0.90625
vn 0 0 -1
vn 1 0 0
vn 0 0 1
vn -1 0 0
vn 0 1 0
vn 0 -1 0
usemtl none
f 144/540/147 147/539/147 145/538/147 142/537/147
f 143/544/148 144/543/148 142/542/148 141/541/148
f 148/548/149 143/547/149 141/546/149 146/545/149
f 147/552/150 148/551/150 146/550/150 145/549/150
f 146/556/151 141/555/151 142/554/151 145/553/151
f 147/560/152 144/559/152 143/558/152 148/557/152
o cube
v 0.85625 0.012499999999999997 0.4374999999999998
v 0.85625 0.012499999999999997 0.2999999999999998
v 0.85625 0 0.4374999999999998
v 0.85625 0 0.2999999999999998
v 0.71875 0.012499999999999997 0.2999999999999998
v 0.71875 0.012499999999999997 0.4374999999999998
v 0.71875 0 0.2999999999999998
v 0.71875 0 0.4374999999999998
vt 0 0.940625
vt 0.034375 0.940625
vt 0.034375 0.9375
vt 0 0.9375
vt 0.0609375 0.940625
vt 0.0953125 0.940625
vt 0.0953125 0.9375
vt 0.0609375 0.9375
vt 0.3578125 0.940625
vt 0.3921875 0.940625
vt 0.3921875 0.9375
vt 0.3578125 0.9375
vt 0.2640625 0.940625
vt 0.2984375 0.940625
vt 0.2984375 0.9375
vt 0.2640625 0.9375
vt 0.3578125 0.7359375
vt 0.3921875 0.7359375
vt 0.3921875 0.7015625
vt 0.3578125 0.7015625
vt 0.3578125 0.9390625
vt 0.3921875 0.9390625
vt 0.3921875 0.9046875
vt 0.3578125 0.9046875
vn 0 0 -1
vn 1 0 0
vn 0 0 1
vn -1 0 0
vn 0 1 0
vn 0 -1 0
usemtl none
f 152/564/153 155/563/153 153/562/153 150/561/153
f 151/568/154 152/567/154 150/566/154 149/565/154
f 156/572/155 151/571/155 149/570/155 154/569/155
f 155/576/156 156/575/156 154/574/156 153/573/156
f 154/580/157 149/579/157 150/578/157 153/577/157
f 155/584/158 152/583/158 151/582/158 156/581/158
o cube
v 0.4312500000000001 0.012499999999999997 0.6375
v 0.4312500000000001 0.012499999999999997 0.4999999999999998
v 0.4312500000000001 0 0.6375
v 0.4312500000000001 0 0.4999999999999998
v 0.2937500000000001 0.012499999999999997 0.4999999999999998
v 0.2937500000000001 0.012499999999999997 0.6375
v 0.2937500000000001 0 0.4999999999999998
v 0.2937500000000001 0 0.6375
vt 0 0.940625
vt 0.034375 0.940625
vt 0.034375 0.9375
vt 0 0.9375
vt 0.0609375 0.940625
vt 0.0953125 0.940625
vt 0.0953125 0.9375
vt 0.0609375 0.9375
vt 0.3578125 0.940625
vt 0.3921875 0.940625
vt 0.3921875 0.9375
vt 0.3578125 0.9375
vt 0.2640625 0.940625
vt 0.2984375 0.940625
vt 0.2984375 0.9375
vt 0.2640625 0.9375
vt 0.3578125 0.7359375
vt 0.3921875 0.7359375
vt 0.3921875 0.7015625
vt 0.3578125 0.7015625
vt 0.3578125 0.9390625
vt 0.3921875 0.9390625
vt 0.3921875 0.9046875
vt 0.3578125 0.9046875
vn 0 0 -1
vn 1 0 0
vn 0 0 1
vn -1 0 0
vn 0 1 0
vn 0 -1 0
usemtl none
f 160/588/159 163/587/159 161/586/159 158/585/159
f 159/592/160 160/591/160 158/590/160 157/589/160
f 164/596/161 159/595/161 157/594/161 162/593/161
f 163/600/162 164/599/162 162/598/162 161/597/162
f 162/604/163 157/603/163 158/602/163 161/601/163
f 163/608/164 160/607/164 159/606/164 164/605/164
o cube
v 0.26250000000000007 0.012499999999999997 1.03125
v 0.26250000000000007 0.012499999999999997 0.8937499999999998
v 0.26250000000000007 0 1.03125
v 0.26250000000000007 0 0.8937499999999998
v 0.125 0.012499999999999997 0.8937499999999998
v 0.125 0.012499999999999997 1.03125
v 0.125 0 0.8937499999999998
v 0.125 0 1.03125
vt 0 0.940625
vt 0.034375 0.940625
vt 0.034375 0.9375
vt 0 0.9375
vt 0.0609375 0.940625
vt 0.0953125 0.940625
vt 0.0953125 0.9375
vt 0.0609375 0.9375
vt 0.3578125 0.940625
vt 0.3921875 0.940625
vt 0.3921875 0.9375
vt 0.3578125 0.9375
vt 0.2640625 0.940625
vt 0.2984375 0.940625
vt 0.2984375 0.9375
vt 0.2640625 0.9375
vt 0.3578125 0.7359375
vt 0.3921875 0.7359375
vt 0.3921875 0.7015625
vt 0.3578125 0.7015625
vt 0.3578125 0.9390625
vt 0.3921875 0.9390625
vt 0.3921875 0.9046875
vt 0.3578125 0.9046875
vn 0 0 -1
vn 1 0 0
vn 0 0 1
vn -1 0 0
vn 0 1 0
vn 0 -1 0
usemtl none
f 168/612/165 171/611/165 169/610/165 166/609/165
f 167/616/166 168/615/166 166/614/166 165/613/166
f 172/620/167 167/619/167 165/618/167 170/617/167
f 171/624/168 172/623/168 170/622/168 169/621/168
f 170/628/169 165/627/169 166/626/169 169/625/169
f 171/632/170 168/631/170 167/630/170 172/629/170
o cube
v 0.4312500000000001 0.012499999999999997 1.475000000000001
v 0.4312500000000001 0.012499999999999997 1.3375000000000008
v 0.4312500000000001 0 1.475000000000001
v 0.4312500000000001 0 1.3375000000000008
v 0.2937500000000001 0.012499999999999997 1.3375000000000008
v 0.2937500000000001 0.012499999999999997 1.475000000000001
v 0.2937500000000001 0 1.3375000000000008
v 0.2937500000000001 0 1.475000000000001
vt 0 0.940625
vt 0.034375 0.940625
vt 0.034375 0.9375
vt 0 0.9375
vt 0.0609375 0.940625
vt 0.0953125 0.940625
vt 0.0953125 0.9375
vt 0.0609375 0.9375
vt 0.3578125 0.940625
vt 0.3921875 0.940625
vt 0.3921875 0.9375
vt 0.3578125 0.9375
vt 0.2640625 0.940625
vt 0.2984375 0.940625
vt 0.2984375 0.9375
vt 0.2640625 0.9375
vt 0.3578125 0.7359375
vt 0.3921875 0.7359375
vt 0.3921875 0.7015625
vt 0.3578125 0.7015625
vt 0.3578125 0.9390625
vt 0.3921875 0.9390625
vt 0.3921875 0.9046875
vt 0.3578125 0.9046875
vn 0 0 -1
vn 1 0 0
vn 0 0 1
vn -1 0 0
vn 0 1 0
vn 0 -1 0
usemtl none
f 176/636/171 179/635/171 177/634/171 174/633/171
f 175/640/172 176/639/172 174/638/172 173/637/172
f 180/644/173 175/643/173 173/642/173 178/641/173
f 179/648/174 180/647/174 178/646/174 177/645/174
f 178/652/175 173/651/175 174/650/175 177/649/175
f 179/656/176 176/655/176 175/654/176 180/653/176
o cube
v 0.85625 0.012499999999999997 1.6187500000000008
v 0.85625 0.012499999999999997 1.481250000000001
v 0.85625 0 1.6187500000000008
v 0.85625 0 1.481250000000001
v 0.71875 0.012499999999999997 1.481250000000001
v 0.71875 0.012499999999999997 1.6187500000000008
v 0.71875 0 1.481250000000001
v 0.71875 0 1.6187500000000008
vt 0 0.940625
vt 0.034375 0.940625
vt 0.034375 0.9375
vt 0 0.9375
vt 0.0609375 0.940625
vt 0.0953125 0.940625
vt 0.0953125 0.9375
vt 0.0609375 0.9375
vt 0.3578125 0.940625
vt 0.3921875 0.940625
vt 0.3921875 0.9375
vt 0.3578125 0.9375
vt 0.2640625 0.940625
vt 0.2984375 0.940625
vt 0.2984375 0.9375
vt 0.2640625 0.9375
vt 0.3578125 0.7359375
vt 0.3921875 0.7359375
vt 0.3921875 0.7015625
vt 0.3578125 0.7015625
vt 0.3578125 0.9390625
vt 0.3921875 0.9390625
vt 0.3921875 0.9046875
vt 0.3578125 0.9046875
vn 0 0 -1
vn 1 0 0
vn 0 0 1
vn -1 0 0
vn 0 1 0
vn 0 -1 0
usemtl none
f 184/660/177 187/659/177 185/658/177 182/657/177
f 183/664/178 184/663/178 182/662/178 181/661/178
f 188/668/179 183/667/179 181/666/179 186/665/179
f 187/672/180 188/671/180 186/670/180 185/669/180
f 186/676/181 181/675/181 182/674/181 185/673/181
f 187/680/182 184/679/182 183/678/182 188/677/182
o cube
v 1.2312500000000002 0.012499999999999997 1.3312500000000003
v 1.2312500000000002 0.012499999999999997 1.19375
v 1.2312500000000002 0 1.3312500000000003
v 1.2312500000000002 0 1.19375
v 1.09375 0.012499999999999997 1.19375
v 1.09375 0.012499999999999997 1.3312500000000003
v 1.09375 0 1.19375
v 1.09375 0 1.3312500000000003
vt 0 0.940625
vt 0.034375 0.940625
vt 0.034375 0.9375
vt 0 0.9375
vt 0.0609375 0.940625
vt 0.0953125 0.940625
vt 0.0953125 0.9375
vt 0.0609375 0.9375
vt 0.3578125 0.940625
vt 0.3921875 0.940625
vt 0.3921875 0.9375
vt 0.3578125 0.9375
vt 0.2640625 0.940625
vt 0.2984375 0.940625
vt 0.2984375 0.9375
vt 0.2640625 0.9375
vt 0.3578125 0.7359375
vt 0.3921875 0.7359375
vt 0.3921875 0.7015625
vt 0.3578125 0.7015625
vt 0.3578125 0.9390625
vt 0.3921875 0.9390625
vt 0.3921875 0.9046875
vt 0.3578125 0.9046875
vn 0 0 -1
vn 1 0 0
vn 0 0 1
vn -1 0 0
vn 0 1 0
vn 0 -1 0
usemtl none
f 192/684/183 195/683/183 193/682/183 190/681/183
f 191/688/184 192/687/184 190/686/184 189/685/184
f 196/692/185 191/691/185 189/690/185 194/689/185
f 195/696/186 196/695/186 194/694/186 193/693/186
f 194/700/187 189/699/187 190/698/187 193/697/187
f 195/704/188 192/703/188 191/702/188 196/701/188
o cube
v 1.4500000000000002 0.012499999999999997 0.875
v 1.4500000000000002 0.012499999999999997 0.7375
v 1.4500000000000002 0 0.875
v 1.4500000000000002 0 0.7375
v 1.3125 0.012499999999999997 0.7375
v 1.3125 0.012499999999999997 0.875
v 1.3125 0 0.7375
v 1.3125 0 0.875
vt 0 0.940625
vt 0.034375 0.940625
vt 0.034375 0.9375
vt 0 0.9375
vt 0.0609375 0.940625
vt 0.0953125 0.940625
vt 0.0953125 0.9375
vt 0.0609375 0.9375
vt 0.3578125 0.940625
vt 0.3921875 0.940625
vt 0.3921875 0.9375
vt 0.3578125 0.9375
vt 0.2640625 0.940625
vt 0.2984375 0.940625
vt 0.2984375 0.9375
vt 0.2640625 0.9375
vt 0.3578125 0.7359375
vt 0.3921875 0.7359375
vt 0.3921875 0.7015625
vt 0.3578125 0.7015625
vt 0.3578125 0.9390625
vt 0.3921875 0.9390625
vt 0.3921875 0.9046875
vt 0.3578125 0.9046875
vn 0 0 -1
vn 1 0 0
vn 0 0 1
vn -1 0 0
vn 0 1 0
vn 0 -1 0
usemtl none
f 200/708/189 203/707/189 201/706/189 198/705/189
f 199/712/190 200/711/190 198/710/190 197/709/190
f 204/716/191 199/715/191 197/714/191 202/713/191
f 203/720/192 204/719/192 202/718/192 201/717/192
f 202/724/193 197/723/193 198/722/193 201/721/193
f 203/728/194 200/727/194 199/726/194 204/725/194
o cube
v 1.2312500000000002 0.012499999999999997 0.5374999999999996
v 1.2312500000000002 0.012499999999999997 0.3999999999999996
v 1.2312500000000002 0 0.5374999999999996
v 1.2312500000000002 0 0.3999999999999996
v 1.09375 0.012499999999999997 0.3999999999999996
v 1.09375 0.012499999999999997 0.5374999999999996
v 1.09375 0 0.3999999999999996
v 1.09375 0 0.5374999999999996
vt 0 0.940625
vt 0.034375 0.940625
vt 0.034375 0.9375
vt 0 0.9375
vt 0.0609375 0.940625
vt 0.0953125 0.940625
vt 0.0953125 0.9375
vt 0.0609375 0.9375
vt 0.3578125 0.940625
vt 0.3921875 0.940625
vt 0.3921875 0.9375
vt 0.3578125 0.9375
vt 0.2640625 0.940625
vt 0.2984375 0.940625
vt 0.2984375 0.9375
vt 0.2640625 0.9375
vt 0.3578125 0.7359375
vt 0.3921875 0.7359375
vt 0.3921875 0.7015625
vt 0.3578125 0.7015625
vt 0.3578125 0.9390625
vt 0.3921875 0.9390625
vt 0.3921875 0.9046875
vt 0.3578125 0.9046875
vn 0 0 -1
vn 1 0 0
vn 0 0 1
vn -1 0 0
vn 0 1 0
vn 0 -1 0
usemtl none
f 208/732/195 211/731/195 209/730/195 206/729/195
f 207/736/196 208/735/196 206/734/196 205/733/196
f 212/740/197 207/739/197 205/738/197 210/737/197
f 211/744/198 212/743/198 210/742/198 209/741/198
f 210/748/199 205/747/199 206/746/199 209/745/199
f 211/752/200 208/751/200 207/750/200 212/749/200
o cube
v 1.225 0.13125 0.5312499999999996
v 1.225 0.13125 0.40624999999999956
v 1.225 0.012500000000000011 0.5312499999999996
v 1.225 0.012500000000000011 0.40624999999999956
v 1.1 0.13125 0.40624999999999956
v 1.1 0.13125 0.5312499999999996
v 1.1 0.012500000000000011 0.40624999999999956
v 1.1 0.012500000000000011 0.5312499999999996
vt 0 0.9703125
vt 0.03125 0.9703125
vt 0.03125 0.940625
vt 0 0.940625
vt 0.0625 0.9703125
vt 0.09375 0.9703125
vt 0.09375 0.940625
vt 0.0625 0.940625
vt 0.359375 0.9703125
vt 0.390625 0.9703125
vt 0.390625 0.940625
vt 0.359375 0.940625
vt 0.265625 0.9703125
vt 0.296875 0.9703125
vt 0.296875 0.940625
vt 0.265625 0.940625
vt 0.359375 0.734375
vt 0.390625 0.734375
vt 0.390625 0.703125
vt 0.359375 0.703125
vt 0.359375 0.9375
vt 0.390625 0.9375
vt 0.390625 0.90625
vt 0.359375 0.90625
vn 0 0 -1
vn 1 0 0
vn 0 0 1
vn -1 0 0
vn 0 1 0
vn 0 -1 0
usemtl none
f 216/756/201 219/755/201 217/754/201 214/753/201
f 215/760/202 216/759/202 214/758/202 213/757/202
f 220/764/203 215/763/203 213/762/203 218/761/203
f 219/768/204 220/767/204 218/766/204 217/765/204
f 218/772/205 213/771/205 214/770/205 217/769/205
f 219/776/206 216/775/206 215/774/206 220/773/206
o cube
v 0.425 0.13125 0.6312499999999998
v 0.425 0.13125 0.5062499999999998
v 0.425 0.012500000000000011 0.6312499999999998
v 0.425 0.012500000000000011 0.5062499999999998
v 0.3 0.13125 0.5062499999999998
v 0.3 0.13125 0.6312499999999998
v 0.3 0.012500000000000011 0.5062499999999998
v 0.3 0.012500000000000011 0.6312499999999998
vt 0 0.9703125
vt 0.03125 0.9703125
vt 0.03125 0.940625
vt 0 0.940625
vt 0.0625 0.9703125
vt 0.09375 0.9703125
vt 0.09375 0.940625
vt 0.0625 0.940625
vt 0.359375 0.9703125
vt 0.390625 0.9703125
vt 0.390625 0.940625
vt 0.359375 0.940625
vt 0.265625 0.9703125
vt 0.296875 0.9703125
vt 0.296875 0.940625
vt 0.265625 0.940625
vt 0.359375 0.734375
vt 0.390625 0.734375
vt 0.390625 0.703125
vt 0.359375 0.703125
vt 0.359375 0.9375
vt 0.390625 0.9375
vt 0.390625 0.90625
vt 0.359375 0.90625
vn 0 0 -1
vn 1 0 0
vn 0 0 1
vn -1 0 0
vn 0 1 0
vn 0 -1 0
usemtl none
f 224/780/207 227/779/207 225/778/207 222/777/207
f 223/784/208 224/783/208 222/782/208 221/781/208
f 228/788/209 223/787/209 221/786/209 226/785/209
f 227/792/210 228/791/210 226/790/210 225/789/210
f 226/796/211 221/795/211 222/794/211 225/793/211
f 227/800/212 224/799/212 223/798/212 228/797/212
o cube
v 0.425 0.13125 1.4687500000000009
v 0.425 0.13125 1.3437500000000009
v 0.425 0.012500000000000011 1.4687500000000009
v 0.425 0.012500000000000011 1.3437500000000009
v 0.3 0.13125 1.3437500000000009
v 0.3 0.13125 1.4687500000000009
v 0.3 0.012500000000000011 1.3437500000000009
v 0.3 0.012500000000000011 1.4687500000000009
vt 0 0.9703125
vt 0.03125 0.9703125
vt 0.03125 0.940625
vt 0 0.940625
vt 0.065625 0.9703125
vt 0.096875 0.9703125
vt 0.096875 0.940625
vt 0.065625 0.940625
vt 0.3609375 0.9703125
vt 0.3921875 0.9703125
vt 0.3921875 0.940625
vt 0.3609375 0.940625
vt 0.2625 0.9703125
vt 0.29375 0.9703125
vt 0.29375 0.940625
vt 0.2625 0.940625
vt 0.3609375 0.7375
vt 0.3921875 0.7375
vt 0.3921875 0.70625
vt 0.3609375 0.70625
vt 0.3609375 0.934375
vt 0.3921875 0.934375
vt 0.3921875 0.903125
vt 0.3609375 0.903125
vn 0 0 -1
vn 1 0 0
vn 0 0 1
vn -1 0 0
vn 0 1 0
vn 0 -1 0
usemtl none
f 232/804/213 235/803/213 233/802/213 230/801/213
f 231/808/214 232/807/214 230/806/214 229/805/214
f 236/812/215 231/811/215 229/810/215 234/809/215
f 235/816/216 236/815/216 234/814/216 233/813/216
f 234/820/217 229/819/217 230/818/217 233/817/217
f 235/824/218 232/823/218 231/822/218 236/821/218
o beveled_cuboid
v 0.835416875 0.6395831249999999 0.22499999999999973
v 0.835416875 0.547916875 0.22499999999999973
v 0.739583125 0.6395831249999999 0.22499999999999973
v 0.739583125 0.547916875 0.22499999999999973
v 0.835416875 0.6395831249999999 0.27499999999999974
v 0.835416875 0.547916875 0.27499999999999974
v 0.739583125 0.6395831249999999 0.27499999999999974
v 0.739583125 0.547916875 0.27499999999999974
v 0.64375 0.6395831249999999 0.2746618749999997
v 0.64375 0.6395831249999999 0.22587124999999975
v 0.64375 0.547916875 0.2746618749999997
v 0.64375 0.547916875 0.22587124999999975
v 0.9312499999999999 0.6395831249999999 0.2746618749999997
v 0.9312499999999999 0.6395831249999999 0.22587124999999975
v 0.9312499999999999 0.547916875 0.2746618749999997
v 0.9312499999999999 0.547916875 0.22587124999999975
v 0.835416875 0.45624999999999993 0.2746618749999997
v 0.835416875 0.45624999999999993 0.22587124999999972
v 0.739583125 0.45624999999999993 0.2746618749999997
v 0.739583125 0.45624999999999993 0.22587124999999972
v 0.835416875 0.73125 0.2746618749999997
v 0.835416875 0.73125 0.22587124999999977
v 0.739583125 0.73125 0.2746618749999997
v 0.739583125 0.73125 0.22587124999999977
vt 0.015625 0.984375
vt 0.015625 1
vt 0 1
vt 0 0.984375
vt 0 0.984375
vt 0.015625 0.984375
vt 0.015625 1
vt 0 1
vt 0.015625 1
vt 0 1
vt 0 0.977903125
vt 0.015625 0.977903125
vt 0.015625 0.977903125
vt 0.015625 1
vt 0 1
vt 0 0.977903125
vt 0.015625 0.977903125
vt 0.015625 1
vt 0 1
vt 0 0.977903125
vt 0.015625 1
vt 0 1
vt 0 0.977903125
vt 0.015625 0.977903125
vt 0 1
vt 0 0.977903125
vt 0.015625 0.977903125
vt 0.015625 1
vt 0 0.977903125
vt 0.015625 0.977903125
vt 0.015625 1
vt 0 1
vt 0 0.977903125
vt 0.015625 0.977903125
vt 0.015625 1
vt 0 1
vt 0 1
vt 0 0.977903125
vt 0.015625 0.977903125
vt 0.015625 1
vt 0.0110484375 0.9808625
vt 0.022096875 1
vt 0 1
vt 0.0110484375 0.9808625
vt 0.022096875 1
vt 0 1
vt 0.0110484375 0.9808625
vt 0.022096875 1
vt 0 1
vt 0.0110484375 0.9808625
vt 0.022096875 1
vt 0 1
vt 0.0110484375 1
vt 0 0.9808640625
vt 0.022096875 0.9808640625
vt 0.0110484375 1
vt 0 0.9808640625
vt 0.022096875 0.9808640625
vt 0.0110484375 1
vt 0 0.9808640625
vt 0.022096875 0.9808640625
vt 0.0110484375 1
vt 0 0.9808640625
vt 0.022096875 0.9808640625
vt 0.015625 1
vt 0 1
vt 0 0.96875
vt 0.015625 0.96875
vt 0.015625 0.96875
vt 0.015625 1
vt 0 1
vt 0 0.96875
vt 0.015625 0.96875
vt 0.015625 1
vt 0 1
vt 0 0.96875
vt 0.015625 1
vt 0 1
vt 0 0.96875
vt 0.015625 0.96875
vt 0 0.96875
vt 0.022096875 0.96875
vt 0.022096875 1
vt 0 1
vt 0 1
vt 0 0.96875
vt 0.022096875 0.96875
vt 0.022096875 1
vt 0 1
vt 0 0.96875
vt 0.022096875 0.96875
vt 0.022096875 1
vt 0 0.96875
vt 0.022096875 0.96875
vt 0.022096875 1
vt 0 1
vn 0 2.220446049250313e-16 -1
vn 0 -2.220446049250313e-16 1
vn 0.00909094842601096 2.2203542925914667e-16 -0.9999586764745411
vn -0.00909094842601096 2.2203542925914667e-16 -0.9999586764745411
vn 0 0.009504094582230721 -0.9999548350731509
vn 0 -0.009504094582230277 -0.9999548350731509
vn 0.0035282465787784484 -2.2204322285694222e-16 0.999993775718669
vn -0.0035282465787784484 -2.2204322285694222e-16 0.999993775718669
vn 0 0.003688602886954458 0.9999931970812314
vn 0 -0.003688602886954902 0.9999931970812314
vn 0.003528222576702368 0.0036885799283647414 0.9999869729269284
vn -0.003528222576702368 0.0036885799283647414 0.9999869729269284
vn 0.003528222576702368 -0.0036885799283651855 0.9999869729269284
vn -0.003528222576702368 -0.0036885799283651855 0.9999869729269284
vn 0.00909053786792153 0.009503701875009677 -0.9999135171463296
vn -0.00909053786792153 0.009503701875009677 -0.9999135171463296
vn 0.00909053786792153 -0.009503701875009233 -0.9999135171463296
vn -0.00909053786792153 -0.009503701875009233 -0.9999135171463296
vn 1 0 0
vn -1 0 0
vn 0 1 2.220446049250313e-16
vn 0 -1 -2.220446049250313e-16
vn 0.6912242510439012 -0.7226403218536853 -1.6045838476889902e-16
vn 0.6912242510439012 0.7226403218536853 1.6045838476889902e-16
vn -0.6912242510439012 -0.7226403218536853 -1.6045838476889902e-16
vn -0.6912242510439012 0.7226403218536853 1.6045838476889902e-16
usemtl none
f 237/825/219 238/826/219 240/827/219 239/828/219
f 244/829/220 242/830/220 241/831/220 243/832/220
f 238/833/221 237/834/221 250/835/221 252/836/221
f 246/837/222 239/838/222 240/839/222 248/840/222
f 258/841/223 237/842/223 239/843/223 260/844/223
f 240/845/224 238/846/224 254/847/224 256/848/224
f 249/849/225 241/850/225 242/851/225 251/852/225
f 244/853/226 243/854/226 245/855/226 247/856/226
f 243/857/227 241/858/227 257/859/227 259/860/227
f 253/861/228 242/862/228 244/863/228 255/864/228
f 241/865/229 249/866/229 257/867/229
f 243/868/230 259/869/230 245/870/230
f 242/871/231 253/872/231 251/873/231
f 244/874/232 247/875/232 255/876/232
f 237/877/233 258/878/233 250/879/233
f 239/880/234 246/881/234 260/882/234
f 238/883/235 252/884/235 254/885/235
f 240/886/236 256/887/236 248/888/236
f 252/889/237 250/890/237 249/891/237 251/892/237
f 245/893/238 246/894/238 248/895/238 247/896/238
f 257/897/239 258/898/239 260/899/239 259/900/239
f 256/901/240 254/902/240 253/903/240 255/904/240
f 251/905/241 253/906/241 254/907/241 252/908/241
f 258/909/242 257/910/242 249/911/242 250/912/242
f 256/913/243 255/914/243 247/915/243 248/916/243
f 245/917/244 259/918/244 260/919/244 246/920/244
o cube
v 0.9765625 1.625 0.2749999999999999
v 0.9765625 1.625 0.25625
v 0.9765625 1.4 0.2749999999999999
v 0.9765625 1.4 0.25625
v 0.5953124999999999 1.625 0.25625
v 0.5953124999999999 1.625 0.2749999999999999
v 0.5953124999999999 1.4 0.25625
v 0.5953124999999999 1.4 0.2749999999999999
vt 0 1
vt 0.0953125 1
vt 0.0953125 0.94375
vt 0 0.94375
vt 0 1
vt 0.0046875 1
vt 0.0046875 0.94375
vt 0 0.94375
vt 0 1
vt 0.0953125 1
vt 0.0953125 0.94375
vt 0 0.94375
vt 0.0265625 1
vt 0.03125 1
vt 0.03125 0.94375
vt 0.0265625 0.94375
vt 0 0.9734375
vt 0.0953125 0.9734375
vt 0.0953125 0.96875
vt 0 0.96875
vt 0 1
vt 0.0953125 1
vt 0.0953125 0.9953125
vt 0 0.9953125
vn 0 0 -1
vn 1 0 0
vn 0 0 1
vn -1 0 0
vn 0 1 0
vn 0 -1 0
usemtl none
f 264/924/245 267/923/245 265/922/245 262/921/245
f 263/928/246 264/927/246 262/926/246 261/925/246
f 268/932/247 263/931/247 261/930/247 266/929/247
f 267/936/248 268/935/248 266/934/248 265/933/248
f 266/940/249 261/939/249 262/938/249 265/937/249
f 267/944/250 264/943/250 263/942/250 268/941/250
o cube
v 1.1659243660912797 1.625 0.3853631145001235
v 1.1751573078432198 1.625 0.36904394520125045
v 1.1659243660912797 1.4 0.3853631145001235
v 1.1751573078432198 1.4 0.36904394520125045
v 0.9738875531571177 1.625 0.2551709969273236
v 0.9646546114051777 1.625 0.27149016622619665
v 0.9738875531571177 1.4 0.2551709969273236
v 0.9646546114051777 1.4 0.27149016622619665
vt 0.0375 1
vt 0.0953125 1
vt 0.0953125 0.94375
vt 0.0375 0.94375
vt 0 1
vt 0.0046875 1
vt 0.0046875 0.94375
vt 0 0.94375
vt 0 1
vt 0.0578125 1
vt 0.0578125 0.94375
vt 0 0.94375
vt 0.0265625 1
vt 0.03125 1
vt 0.03125 0.94375
vt 0.0265625 0.94375
vt 0 0.9734375
vt 0.0578125 0.9734375
vt 0.0578125 0.96875
vt 0 0.96875
vt 0 1
vt 0.0578125 1
vt 0.0578125 0.9953125
vt 0 0.9953125
vn 0.4924235601034671 0 -0.8703556959398997
vn 0.8703556959398997 0 0.4924235601034671
vn -0.4924235601034671 0 0.8703556959398997
vn -0.8703556959398997 0 -0.4924235601034671
vn 0 1 0
vn 0 -1 0
usemtl none
f 272/948/251 275/947/251 273/946/251 270/945/251
f 271/952/252 272/951/252 270/950/252 269/949/252
f 276/956/253 271/955/253 269/954/253 274/953/253
f 275/960/254 276/959/254 274/958/254 273/957/254
f 274/964/255 269/963/255 270/962/255 273/961/255
f 275/968/256 272/967/256 271/966/256 276/965/256
o cube
v 0.6103453885948223 1.625 0.27149016622619676
v 0.6011124468428823 1.625 0.2551709969273237
v 0.6103453885948223 1.4 0.27149016622619676
v 0.6011124468428823 1.4 0.2551709969273237
v 0.3998426921567805 1.625 0.3690439452012505
v 0.4090756339087204 1.625 0.38536311450012356
v 0.3998426921567805 1.4 0.3690439452012505
v 0.4090756339087204 1.4 0.38536311450012356
vt 0.0953125 1
vt 0.0375 1
vt 0.0375 0.94375
vt 0.0953125 0.94375
vt 0.03125 1
vt 0.0265625 1
vt 0.0265625 0.94375
vt 0.03125 0.94375
vt 0.0578125 1
vt 0 1
vt 0 0.94375
vt 0.0578125 0.94375
vt 0.0046875 1
vt 0 1
vt 0 0.94375
vt 0.0046875 0.94375
vt 0.0578125 0.9734375
vt 0 0.9734375
vt 0 0.96875
vt 0.0578125 0.96875
vt 0.0578125 1
vt 0 1
vt 0 0.9953125
vt 0.0578125 0.9953125
vn -0.4924235601034671 0 -0.8703556959398997
vn 0.8703556959398997 0 -0.4924235601034671
vn 0.4924235601034671 0 0.8703556959398997
vn -0.8703556959398997 0 0.4924235601034671
vn 0 1 0
vn 0 -1 0
usemtl none
f 280/972/257 283/971/257 281/970/257 278/969/257
f 279/976/258 280/975/258 278/974/258 277/973/258
f 284/980/259 279/979/259 277/978/259 282/977/259
f 283/984/260 284/983/260 282/982/260 281/981/260
f 282/988/261 277/987/261 278/986/261 281/985/261
f 283/992/262 280/991/262 279/990/262 284/989/262
o cylinder
v 0.7875 0.1875 -0.80625
v 0.7875 2.125 -0.80625
v 0.971715 0.1875 -0.11875000000000002
v 0.971715 1.9375 -0.11875000000000002
v 1.290785 0.1875 -0.30296500000000004
v 1.290785 1.9375 -0.30296500000000004
v 1.475 0.1875 -0.622035
v 1.475 1.9375 -0.622035
v 1.475 0.1875 -0.990465
v 1.475 1.9375 -0.990465
v 1.290785 0.1875 -1.309535
v 1.290785 1.9375 -1.309535
v 0.971715 0.1875 -1.49375
v 0.971715 1.9375 -1.49375
v 0.603285 0.1875 -1.49375
v 0.603285 1.9375 -1.49375
v 0.284215 0.1875 -1.309535
v 0.284215 1.9375 -1.309535
v 0.09999999999999998 0.1875 -0.990465
v 0.09999999999999998 1.9375 -0.990465
v 0.09999999999999998 0.1875 -0.622035
v 0.09999999999999998 1.9375 -0.622035
v 0.284215 0.1875 -0.30296500000000004
v 0.284215 1.9375 -0.30296500000000004
v 0.603285 0.1875 -0.11875000000000002
v 0.603285 1.9375 -0.11875000000000002
v 0.949256875 1.99160875 -0.20256437500000002
v 1.226385 1.9927425 -0.367365
v 1.393185625 1.991063125 -0.643956875
v 1.393739375 1.990911875 -0.96869125
v 1.236158125 1.98910125 -1.254908125
v 0.9531387499999999 1.9876575 -1.4244231250000001
v 0.620218125 1.985985625 -1.43055375
v 0.33052499999999996 1.986003125 -1.263225
v 0.18019874999999996 1.9906225 -0.968975625
v 0.18202312499999995 1.99112 -0.6440131250000001
v 0.344531875 1.99122125 -0.36328187500000003
v 0.625184375 1.99104 -0.20048062499999997
vt 0.129409375 0.9352953125
vt 0.11207203125 1
vt 0 0.9352953125
vt 0 0.875
vt 0.0669875 0.875
vt 0.0669875 1
vt 0 1
vt 0.12940953125 0.93529546875
vt 0.112071875 1
vt 0 0.93529546875
vt 0 0.875
vt 0.0669875 0.875
vt 0.0669875 1
vt 0 1
vt 0.125 0.9330125
vt 0.125 1
vt 0 0.96650625
vt 0 0.875
vt 0.0669875 0.875
vt 0.0669875 1
vt 0 1
vt 0 0.870590625
vt 0.0647046875 0.88792796875
vt 0 1
vt 0 0.875
vt 0.0669875 0.875
vt 0.0669875 1
vt 0 1
vt 0 0.87059046875
vt 0.06470453125 0.887928125
vt 0 1
vt 0 0.875
vt 0.0669875 0.875
vt 0.0669875 1
vt 0 1
vt 0 0.875
vt 0.0669875 0.875
vt 0.03349375 1
vt 0 0.875
vt 0.0669875 0.875
vt 0.0669875 1
vt 0 1
vt 0 1
vt 0.01733734375 0.9352953125
vt 0.129409375 1
vt 0 0.875
vt 0.0669875 0.875
vt 0.0669875 1
vt 0 1
vt 0 1
vt 0.01733765625 0.93529546875
vt 0.12940953125 1
vt 0 0.875
vt 0.0669875 0.875
vt 0.0669875 1
vt 0 1
vt 0 1
vt 0 0.9330125
vt 0.125 0.96650625
vt 0 0.875
vt 0.0669875 0.875
vt 0.0669875 1
vt 0 1
vt 0.0647046875 1
vt 0 0.98266265625
vt 0.0647046875 0.870590625
vt 0 0.875
vt 0.0669875 0.875
vt 0.0669875 1
vt 0 1
vt 0.06470453125 1
vt 0 0.98266234375
vt 0.06470453125 0.87059046875
vt 0 0.875
vt 0.0669875 0.875
vt 0.0669875 1
vt 0 1
vt 0.0669875 1
vt 0 1
vt 0.03349375 0.875
vt 0 0.875
vt 0.0669875 0.875
vt 0.0669875 1
vt 0 1
vt 0 0.88636703125
vt 0 0.87059046875
vt 0.06470453125 0.887928125
vt 0.05642515625 0.90226875
vt 0.05642515625 0.90226875
vt 0 1
vt 0 0.88636703125
vt 0 0.870590625
vt 0.0647046875 0.88792796875
vt 0.0570046875 0.90126484375
vt 0 0.8871496875
vt 0.0570046875 0.90126484375
vt 0 1
vt 0 0.8871496875
vt 0.125 0.9330125
vt 0.125 1
vt 0.1102253125 0.99604109375
vt 0.1101246875 0.93699828125
vt 0.1102253125 0.99604109375
vt 0 0.96650625
vt 0.1101246875 0.93699828125
vt 0.12940953125 0.93529546875
vt 0.112071875 1
vt 0.0999075 0.992976875
vt 0.11411375 0.93529546875
vt 0.0999075 0.992976875
vt 0 0.93529546875
vt 0.11411375 0.93529546875
vt 0.129409375 0.9352953125
vt 0.11207203125 1
vt 0.10077078125 0.9934753125
vt 0.115363125 0.9352953125
vt 0.10077078125 0.9934753125
vt 0 0.9352953125
vt 0.115363125 0.9352953125
vt 0.0669875 1
vt 0 1
vt 0.00307875 0.98850984375
vt 0.06361 0.98739515625
vt 0.00307875 0.98850984375
vt 0.03349375 0.875
vt 0.06361 0.98739515625
vt 0.06470453125 0.988104375
vt 0.06470453125 1
vt 0 0.98266234375
vt 0.00595375 0.97235
vt 0.00595375 0.97235
vt 0.06470453125 0.87059046875
vt 0.06470453125 0.988104375
vt 0.0647046875 0.98809234375
vt 0.0647046875 1
vt 0 0.98266265625
vt 0.00754796875 0.9695890625
vt 0.00754796875 0.9695890625
vt 0.0647046875 0.870590625
vt 0.0647046875 0.98809234375
vt 0.0145815625 0.9960928125
vt 0 1
vt 0 0.9330125
vt 0.01491328125 0.93700859375
vt 0.01491328125 0.93700859375
vt 0.125 0.96650625
vt 0.0145815625 0.9960928125
vt 0.015439375 1
vt 0 1
vt 0.01733765625 0.93529546875
vt 0.0307690625 0.9430499999999999
vt 0.0307690625 0.9430499999999999
vt 0.12940953125 1
vt 0.015439375 1
vt 0 1
vt 0.01733734375 0.9352953125
vt 0.030660625 0.9429875
vt 0.01550921875 1
vt 0.030660625 0.9429875
vt 0.129409375 1
vt 0.01550921875 1
vt 0.00398171875 0.88986015625
vt 0 0.875
vt 0.0669875 0.875
vt 0.06290421875 0.89023890625
vt 0.06290421875 0.89023890625
vt 0.03349375 1
vt 0.00398171875 0.88986015625
vn 0 -1 0
vn 0.4999996938558401 0 0.8660255805367797
vn 0 -1 0
vn 0.8660255805367797 0 0.4999996938558401
vn 0 -1 0
vn 1 0 0
vn 0 -1 0
vn 0.8660255805367797 0 -0.4999996938558401
vn 0 -1 0
vn 0.4999996938558401 0 -0.8660255805367797
vn 0 -1 0
vn 0 0 -1
vn 0 -1 0
vn -0.4999996938558401 0 -0.8660255805367797
vn 0 -1 0
vn -0.8660255805367797 0 -0.4999996938558401
vn 0 -1 0
vn -1 0 0
vn 0 -1 0
vn -0.8660255805367797 0 0.4999996938558401
vn 0 -1 0
vn -0.4999996938558401 0 0.8660255805367797
vn 0 -1 0
vn 0 0 1
vn 0.2711868078998605 0.8401371915653718 0.4697097130885567
vn 0.10722886391941124 0.976483730158621 0.1870334073850392
vn 0.47436103323978956 0.836645446207148 0.2738722466489104
vn 0.18725828400418165 0.976465888979901 0.10699861088117366
vn 0.5492643251520265 0.835648670863114 0
vn 0.215938654762217 0.9764069284313333 -0.00008654925383395754
vn 0.49256366879484303 0.8225011701863749 -0.2843815346069578
vn 0.18674384571298602 0.9763440242806349 -0.10899120303868406
vn 0.2930830256904235 0.8101906809234041 -0.5076351057570958
vn 0.1076533017576191 0.9762416148893265 -0.18805072714287346
vn 0 0.7933931331987608 -0.6087095663722177
vn -0.0009039071694808999 0.9761451535306039 -0.21711707024216842
vn -0.3043549715033596 0.7933925582866644 -0.5271587045440216
vn -0.1086647756745675 0.9760947276360163 -0.18823137147873914
vn -0.5269399169951242 0.793586321469868 -0.30422865455623166
vn -0.1863903061339157 0.9762364388562231 -0.110548944945779
vn -0.5522268561518727 0.8336938882735193 0
vn -0.21597218713459201 0.9763994749475567 -0.0002823232830950623
vn -0.4738666883845132 0.8370188793560498 0.27358683674664847
vn -0.1869910878230795 0.9764187211984224 0.10789260386133573
vn -0.27398587675727026 0.8364966166354223 0.47455784652141364
vn -0.1078586670125148 0.9764161212319618 0.18702423946808214
vn 0 0.836497023043832 0.5479714686357376
vn -0.0003258109798731576 0.9764286068633697 0.21584037978576762
usemtl none
f 289/993/263 287/994/263 285/995/263
f 287/996/264 289/997/264 290/998/264 288/999/264
f 291/1000/265 289/1001/265 285/1002/265
f 289/1003/266 291/1004/266 292/1005/266 290/1006/266
f 293/1007/267 291/1008/267 285/1009/267
f 291/1010/268 293/1011/268 294/1012/268 292/1013/268
f 295/1014/269 293/1015/269 285/1016/269
f 293/1017/270 295/1018/270 296/1019/270 294/1020/270
f 297/1021/271 295/1022/271 285/1023/271
f 295/1024/272 297/1025/272 298/1026/272 296/1027/272
f 299/1028/273 297/1029/273 285/1030/273
f 297/1031/274 299/1032/274 300/1033/274 298/1034/274
f 301/1035/275 299/1036/275 285/1037/275
f 299/1038/276 301/1039/276 302/1040/276 300/1041/276
f 303/1042/277 301/1043/277 285/1044/277
f 301/1045/278 303/1046/278 304/1047/278 302/1048/278
f 305/1049/279 303/1050/279 285/1051/279
f 303/1052/280 305/1053/280 306/1054/280 304/1055/280
f 307/1056/281 305/1057/281 285/1058/281
f 305/1059/282 307/1060/282 308/1061/282 306/1062/282
f 309/1063/283 307/1064/283 285/1065/283
f 307/1066/284 309/1067/284 310/1068/284 308/1069/284
f 287/1070/285 309/1071/285 285/1072/285
f 309/1073/286 287/1074/286 288/1075/286 310/1076/286
f 311/1077/287 288/1078/287 290/1079/287 312/1080/287
f 312/1081/288 286/1082/288 311/1083/288
f 290/1084/289 292/1085/289 313/1086/289 312/1087/289
f 313/1088/290 286/1089/290 312/1090/290
f 292/1091/291 294/1092/291 314/1093/291 313/1094/291
f 314/1095/292 286/1096/292 313/1097/292
f 294/1098/293 296/1099/293 315/1100/293 314/1101/293
f 315/1102/294 286/1103/294 314/1104/294
f 296/1105/295 298/1106/295 316/1107/295 315/1108/295
f 316/1109/296 286/1110/296 315/1111/296
f 298/1112/297 300/1113/297 317/1114/297 316/1115/297
f 317/1116/298 286/1117/298 316/1118/298
f 317/1119/299 300/1120/299 302/1121/299 318/1122/299
f 318/1123/300 286/1124/300 317/1125/300
f 318/1126/301 302/1127/301 304/1128/301 319/1129/301
f 319/1130/302 286/1131/302 318/1132/302
f 319/1133/303 304/1134/303 306/1135/303 320/1136/303
f 320/1137/304 286/1138/304 319/1139/304
f 320/1140/305 306/1141/305 308/1142/305 321/1143/305
f 321/1144/306 286/1145/306 320/1146/306
f 308/1147/307 310/1148/307 322/1149/307 321/1150/307
f 322/1151/308 286/1152/308 321/1153/308
f 322/1154/309 310/1155/309 288/1156/309 311/1157/309
f 311/1158/310 286/1159/310 322/1160/310
o cylinder
v 0.7875 0.13125 -0.80625
v 0.7875 0.19375 -0.80625
v 0.97841375 0.13125 -0.11875000000000002
v 0.97841375 0.187701875 -0.11875000000000002
v 1.30908625 0.13125 -0.30296500000000004
v 1.30908625 0.187701875 -0.30296500000000004
v 1.5 0.13125 -0.622035
v 1.5 0.187701875 -0.622035
v 1.5 0.13125 -0.990465
v 1.5 0.187701875 -0.990465
v 1.30908625 0.13125 -1.309535
v 1.30908625 0.187701875 -1.309535
v 0.97841375 0.13125 -1.49375
v 0.97841375 0.187701875 -1.49375
v 0.59658625 0.13125 -1.49375
v 0.59658625 0.187701875 -1.49375
v 0.26591374999999995 0.13125 -1.309535
v 0.26591374999999995 0.187701875 -1.309535
v 0.07499999999999996 0.13125 -0.990465
v 0.07499999999999996 0.187701875 -0.990465
v 0.07499999999999996 0.13125 -0.622035
v 0.07499999999999996 0.187701875 -0.622035
v 0.26591374999999995 0.13125 -0.30296500000000004
v 0.26591374999999995 0.187701875 -0.30296500000000004
v 0.59658625 0.13125 -0.11875000000000002
v 0.59658625 0.187701875 -0.11875000000000002
v 0.955139375 0.189446875 -0.20256437500000002
v 1.242345 0.18948374999999998 -0.367365
v 1.4152106249999998 0.18942937499999998 -0.643956875
v 1.4157843749999999 0.189424375 -0.96869125
v 1.2524725 0.18936624999999999 -1.254908125
v 0.9591624999999999 0.18931937499999998 -1.4244231250000001
v 0.614135625 0.18926562500000002 -1.43055375
v 0.31390749999999995 0.18926625 -1.263225
v 0.158115 0.18941500000000003 -0.968975625
v 0.16000562499999993 0.18943125000000002 -0.6440131250000001
v 0.32842374999999996 0.18943437500000002 -0.36328187500000003
v 0.6192825 0.18942875 -0.20048062499999997
vt 0.129409375 0.9352953125
vt 0.11207203125 1
vt 0 0.9352953125
vt 0 0.875
vt 0.0669875 0.875
vt 0.0669875 1
vt 0 1
vt 0.12940953125 0.93529546875
vt 0.112071875 1
vt 0 0.93529546875
vt 0 0.875
vt 0.0669875 0.875
vt 0.0669875 1
vt 0 1
vt 0.125 0.9330125
vt 0.125 1
vt 0 0.96650625
vt 0 0.875
vt 0.0669875 0.875
vt 0.0669875 1
vt 0 1
vt 0 0.870590625
vt 0.0647046875 0.88792796875
vt 0 1
vt 0 0.875
vt 0.0669875 0.875
vt 0.0669875 1
vt 0 1
vt 0 0.87059046875
vt 0.06470453125 0.887928125
vt 0 1
vt 0 0.875
vt 0.0669875 0.875
vt 0.0669875 1
vt 0 1
vt 0 0.875
vt 0.0669875 0.875
vt 0.03349375 1
vt 0 0.875
vt 0.0669875 0.875
vt 0.0669875 1
vt 0 1
vt 0 1
vt 0.01733734375 0.9352953125
vt 0.129409375 1
vt 0 0.875
vt 0.0669875 0.875
vt 0.0669875 1
vt 0 1
vt 0 1
vt 0.01733765625 0.93529546875
vt 0.12940953125 1
vt 0 0.875
vt 0.0669875 0.875
vt 0.0669875 1
vt 0 1
vt 0 1
vt 0 0.9330125
vt 0.125 0.96650625
vt 0 0.875
vt 0.0669875 0.875
vt 0.0669875 1
vt 0 1
vt 0.0647046875 1
vt 0 0.98266265625
vt 0.0647046875 0.870590625
vt 0 0.875
vt 0.0669875 0.875
vt 0.0669875 1
vt 0 1
vt 0.06470453125 1
vt 0 0.98266234375
vt 0.06470453125 0.87059046875
vt 0 0.875
vt 0.0669875 0.875
vt 0.0669875 1
vt 0 1
vt 0.0669875 1
vt 0 1
vt 0.03349375 0.875
vt 0 0.875
vt 0.0669875 0.875
vt 0.0669875 1
vt 0 1
vt 0 0.88636703125
vt 0 0.87059046875
vt 0.06470453125 0.887928125
vt 0.05642515625 0.90226875
vt 0.05642515625 0.90226875
vt 0 1
vt 0 0.88636703125
vt 0 0.870590625
vt 0.0647046875 0.88792796875
vt 0.0570046875 0.90126484375
vt 0 0.8871496875
vt 0.0570046875 0.90126484375
vt 0 1
vt 0 0.8871496875
vt 0.125 0.9330125
vt 0.125 1
vt 0.1102253125 0.99604109375
vt 0.1101246875 0.93699828125
vt 0.1102253125 0.99604109375
vt 0 0.96650625
vt 0.1101246875 0.93699828125
vt 0.12940953125 0.93529546875
vt 0.112071875 1
vt 0.0999075 0.992976875
vt 0.11411375 0.93529546875
vt 0.0999075 0.992976875
vt 0 0.93529546875
vt 0.11411375 0.93529546875
vt 0.129409375 0.9352953125
vt 0.11207203125 1
vt 0.10077078125 0.9934753125
vt 0.115363125 0.9352953125
vt 0.10077078125 0.9934753125
vt 0 0.9352953125
vt 0.115363125 0.9352953125
vt 0.0669875 1
vt 0 1
vt 0.00307875 0.98850984375
vt 0.06361 0.98739515625
vt 0.00307875 0.98850984375
vt 0.03349375 0.875
vt 0.06361 0.98739515625
vt 0.06470453125 0.988104375
vt 0.06470453125 1
vt 0 0.98266234375
vt 0.00595375 0.97235
vt 0.00595375 0.97235
vt 0.06470453125 0.87059046875
vt 0.06470453125 0.988104375
vt 0.0647046875 0.98809234375
vt 0.0647046875 1
vt 0 0.98266265625
vt 0.00754796875 0.9695890625
vt 0.00754796875 0.9695890625
vt 0.0647046875 0.870590625
vt 0.0647046875 0.98809234375
vt 0.0145815625 0.9960928125
vt 0 1
vt 0 0.9330125
vt 0.01491328125 0.93700859375
vt 0.01491328125 0.93700859375
vt 0.125 0.96650625
vt 0.0145815625 0.9960928125
vt 0.015439375 1
vt 0 1
vt 0.01733765625 0.93529546875
vt 0.0307690625 0.9430499999999999
vt 0.0307690625 0.9430499999999999
vt 0.12940953125 1
vt 0.015439375 1
vt 0 1
vt 0.01733734375 0.9352953125
vt 0.030660625 0.9429875
vt 0.01550921875 1
vt 0.030660625 0.9429875
vt 0.129409375 1
vt 0.01550921875 1
vt 0.00398171875 0.88986015625
vt 0 0.875
vt 0.0669875 0.875
vt 0.06290421875 0.89023890625
vt 0.06290421875 0.89023890625
vt 0.03349375 1
vt 0.00398171875 0.88986015625
vn 0 -1 0
vn 0.4866682449972657 0 0.87358686992839
vn 0 -1 0
vn 0.858119066952064 0 0.5134507444081851
vn 0 -1 0
vn 1 0 0
vn 0 -1 0
vn 0.858119066952064 0 -0.5134507444081851
vn 0 -1 0
vn 0.4866682449972657 0 -0.87358686992839
vn 0 -1 0
vn 0 0 -1
vn 0 -1 0
vn -0.4866682449972657 0 -0.87358686992839
vn 0 -1 0
vn -0.858119066952064 0 -0.5134507444081851
vn 0 -1 0
vn -1 0 0
vn 0 -1 0
vn -0.858119066952064 0 0.5134507444081851
vn 0 -1 0
vn -0.4866682449972657 0 0.87358686992839
vn 0 -1 0
vn 0 0 1
vn 0.010042519943794091 0.9997870705999076 0.01802668173663519
vn 0.0034171590498609954 0.9999750712438001 0.006178989802932123
vn 0.017640709405718605 0.9997886740238613 0.010555219811658917
vn 0.005969248102990234 0.9999759388078671 0.0035341027730145637
vn 0.02044917216488506 0.9997908938161876 0
vn 0.006883820921710276 0.9999763062188309 -0.0000032343027350888177
vn 0.018633741117038385 0.9997642095454169 -0.011149394782282844
vn 0.005953818138047196 0.9999757948256194 -0.0036002517203353413
vn 0.011253434540287023 0.9997326179624193 -0.020200316657292078
vn 0.0034315986967860435 0.9999748037565257 -0.006214175929448152
vn 0 0.9996939991340487 -0.024736776171780762
vn -0.00002829236086732632 0.9999742592401357 -0.007174960395994625
vn -0.011934444403486382 0.9996992721123918 -0.021422753668332385
vn -0.003464920461902488 0.9999746486740445 -0.006220637862330984
vn -0.02065862591510229 0.999710171757275 -0.012360973276395024
vn -0.005943241846627509 0.9999756693433968 -0.003652204482016577
vn -0.020607125296460766 0.9997876506473842 0
vn -0.00688494075311444 0.9999762984650489 -0.000009948143981831808
vn -0.01761490497878561 0.9997892918824098 0.010539779877122986
vn -0.005960686033324834 0.9999758807697509 0.003564842320970173
vn -0.010191492540888629 0.9997807057780301 0.018294092865548384
vn -0.0034388555262210778 0.9999750007065425 0.006178368281362938
vn 0 0.9997768603295126 0.021124146128596775
vn -0.000009724778497995893 0.9999745768406637 0.0071306085129274315
usemtl none
f 327/1161/311 325/1162/311 323/1163/311
f 325/1164/312 327/1165/312 328/1166/312 326/1167/312
f 329/1168/313 327/1169/313 323/1170/313
f 327/1171/314 329/1172/314 330/1173/314 328/1174/314
f 331/1175/315 329/1176/315 323/1177/315
f 329/1178/316 331/1179/316 332/1180/316 330/1181/316
f 333/1182/317 331/1183/317 323/1184/317
f 331/1185/318 333/1186/318 334/1187/318 332/1188/318
f 335/1189/319 333/1190/319 323/1191/319
f 333/1192/320 335/1193/320 336/1194/320 334/1195/320
f 337/1196/321 335/1197/321 323/1198/321
f 335/1199/322 337/1200/322 338/1201/322 336/1202/322
f 339/1203/323 337/1204/323 323/1205/323
f 337/1206/324 339/1207/324 340/1208/324 338/1209/324
f 341/1210/325 339/1211/325 323/1212/325
f 339/1213/326 341/1214/326 342/1215/326 340/1216/326
f 343/1217/327 341/1218/327 323/1219/327
f 341/1220/328 343/1221/328 344/1222/328 342/1223/328
f 345/1224/329 343/1225/329 323/1226/329
f 343/1227/330 345/1228/330 346/1229/330 344/1230/330
f 347/1231/331 345/1232/331 323/1233/331
f 345/1234/332 347/1235/332 348/1236/332 346/1237/332
f 325/1238/333 347/1239/333 323/1240/333
f 347/1241/334 325/1242/334 326/1243/334 348/1244/334
f 349/1245/335 326/1246/335 328/1247/335 350/1248/335
f 350/1249/336 324/1250/336 349/1251/336
f 328/1252/337 330/1253/337 351/1254/337 350/1255/337
f 351/1256/338 324/1257/338 350/1258/338
f 330/1259/339 332/1260/339 352/1261/339 351/1262/339
f 352/1263/340 324/1264/340 351/1265/340
f 332/1266/341 334/1267/341 353/1268/341 352/1269/341
f 353/1270/342 324/1271/342 352/1272/342
f 334/1273/343 336/1274/343 354/1275/343 353/1276/343
f 354/1277/344 324/1278/344 353/1279/344
f 336/1280/345 338/1281/345 355/1282/345 354/1283/345
f 355/1284/346 324/1285/346 354/1286/346
f 355/1287/347 338/1288/347 340/1289/347 356/1290/347
f 356/1291/348 324/1292/348 355/1293/348
f 356/1294/349 340/1295/349 342/1296/349 357/1297/349
f 357/1298/350 324/1299/350 356/1300/350
f 357/1301/351 342/1302/351 344/1303/351 358/1304/351
f 358/1305/352 324/1306/352 357/1307/352
f 358/1308/353 344/1309/353 346/1310/353 359/1311/353
f 359/1312/354 324/1313/354 358/1314/354
f 346/1315/355 348/1316/355 360/1317/355 359/1318/355
f 360/1319/356 324/1320/356 359/1321/356
f 360/1322/357 348/1323/357 326/1324/357 349/1325/357
f 349/1326/358 324/1327/358 360/1328/358
o mesh
v 1.0125 2.09375 -0.58125
v 1.0125 2.09375 -1.03125
v 1.0125 2.0437499999999997 -0.58125
v 1.0125 2.0437499999999997 -1.03125
v 0.5625 2.09375 -0.58125
v 0.5625 2.09375 -1.03125
v 0.5625 2.0437499999999997 -0.58125
v 0.5625 2.0437499999999997 -1.03125
vt 0.25 1
vt 0 1
vt 0 0.875
vt 0.25 0.875
vt 0.25 0.875
vt 0.25 1
vt 0 1
vt 0 0.875
vt 0 0.75
vt 0.25 0.75
vt 0.25 1
vt 0 1
vt 0.25 0.75
vt 0.25 1
vt 0 1
vt 0 0.75
vt 0.25 0.875
vt 0.25 1
vt 0 1
vt 0 0.875
vt 0.25 1
vt 0 1
vt 0 0.875
vt 0.25 0.875
vn 1 0 0
vn -1 0 0
vn 0 1 0
vn 0 -1 0
vn 0 0 1
vn 0 0 -1
usemtl none
f 362/1329/359 361/1330/359 363/1331/359 364/1332/359
f 367/1333/360 365/1334/360 366/1335/360 368/1336/360
f 365/1337/361 361/1338/361 362/1339/361 366/1340/361
f 364/1341/362 363/1342/362 367/1343/362 368/1344/362
f 363/1345/363 361/1346/363 365/1347/363 367/1348/363
f 366/1349/364 362/1350/364 364/1351/364 368/1352/364
o mesh
v 0.959375 2.2312499999999997 -0.628125
v 0.959375 2.2312499999999997 -0.984375
v 0.959375 2.09375 -0.628125
v 0.959375 2.09375 -0.984375
v 0.615625 2.2312499999999997 -0.628125
v 0.615625 2.2312499999999997 -0.984375
v 0.615625 2.09375 -0.628125
v 0.615625 2.09375 -0.984375
vt 0.25 1
vt 0 1
vt 0 0.875
vt 0.25 0.875
vt 0.25 0.875
vt 0.25 1
vt 0 1
vt 0 0.875
vt 0 0.75
vt 0.25 0.75
vt 0.25 1
vt 0 1
vt 0.25 0.75
vt 0.25 1
vt 0 1
vt 0 0.75
vt 0.25 0.875
vt 0.25 1
vt 0 1
vt 0 0.875
vt 0.25 1
vt 0 1
vt 0 0.875
vt 0.25 0.875
vn 1 0 0
vn -1 0 0
vn 0 1 0
vn 0 -1 0
vn 0 0 1
vn 0 0 -1
usemtl none
f 370/1353/365 369/1354/365 371/1355/365 372/1356/365
f 375/1357/366 373/1358/366 374/1359/366 376/1360/366
f 373/1361/367 369/1362/367 370/1363/367 374/1364/367
f 372/1365/368 371/1366/368 375/1367/368 376/1368/368
f 371/1369/369 369/1370/369 373/1371/369 375/1372/369
f 374/1373/370 370/1374/370 372/1375/370 376/1376/370
o mesh
v 0.971875 2.25 -0.609375
v 0.971875 2.25 -1.003125
v 0.971875 2.225 -0.609375
v 0.971875 2.225 -1.003125
v 0.6031249999999999 2.25 -0.609375
v 0.6031249999999999 2.25 -1.003125
v 0.6031249999999999 2.225 -0.609375
v 0.6031249999999999 2.225 -1.003125
v 0.9422706249999999 2.25 -0.6447975
v 0.94466625 2.25 -0.968481875
v 0.6341162499999999 2.25 -0.97072875
v 0.632279375 2.25 -0.64524625
v 0.944659375 2.225 -0.6469843750000001
v 0.943496875 2.225 -0.97023625
v 0.63274125 2.225 -0.97079625
v 0.6329556249999999 2.225 -0.64702125
vt 0.25 1
vt 0 1
vt 0 0.875
vt 0.25 0.875
vt 0.25 0.875
vt 0.25 1
vt 0 1
vt 0 0.875
vt 0.25 0.75
vt 0.25 1
vt 0 1
vt 0 0.75
vt 0.25 0.875
vt 0.25 1
vt 0 1
vt 0 0.875
vt 0.25 1
vt 0 1
vt 0 0.875
vt 0.25 0.875
vt 0 0.75
vt 0.25 0.75
vt 0.22992921875 0.772490625
vt 0.01976578125 0.772775625
vt 0.22992921875 0.772490625
vt 0.25 0.75
vt 0.25 1
vt 0.23155328125 0.978004375
vt 0.25 1
vt 0 1
vt 0.02101125 0.9794309375
vt 0.23155328125 0.978004375
vt 0 1
vt 0 0.75
vt 0.01976578125 0.772775625
vt 0.02101125 0.9794309375
vt 0.2230740625 0.7818153125
vt 0.22992921875 0.772490625
vt 0.23155328125 0.978004375
vt 0.22228609375 0.971181875
vt 0.22228609375 0.971181875
vt 0.23155328125 0.978004375
vt 0.02101125 0.9794309375
vt 0.02855359375 0.9715371875
vt 0.02101125 0.9794309375
vt 0.01976578125 0.772775625
vt 0.02869875 0.7818390625
vt 0.02855359375 0.9715371875
vt 0.02869875 0.7818390625
vt 0.01976578125 0.772775625
vt 0.22992921875 0.772490625
vt 0.2230740625 0.7818153125
vt 0.02869875 0.7818390625
vt 0.2230740625 0.7818153125
vt 0.22228609375 0.971181875
vt 0.02855359375 0.9715371875
vn 1 0 0
vn -1 0 0
vn 0 -1 0
vn 0 0 1
vn 0 0 -1
vn 0 1 0
vn 0 1 0
vn 0 1 0
vn 0 1 0
vn -0.99549992055672 -0.09447551835856478 -0.00736780852391687
vn -0.007217380169468961 -0.0696650802491536 0.9975443278458199
vn 0.9996291887384191 0.02663942647090527 0.005641451893923241
vn 0.0014439810117076201 0.0708605081420354 -0.9974851895164611
vn 0 1 0
usemtl none
f 378/1377/371 377/1378/371 379/1379/371 380/1380/371
f 383/1381/372 381/1382/372 382/1383/372 384/1384/372
f 380/1385/373 379/1386/373 383/1387/373 384/1388/373
f 379/1389/374 377/1390/374 381/1391/374 383/1392/374
f 382/1393/375 378/1394/375 380/1395/375 384/1396/375
f 381/1397/376 377/1398/376 385/1399/376 388/1400/376
f 385/1401/377 377/1402/377 378/1403/377 386/1404/377
f 378/1405/378 382/1406/378 387/1407/378 386/1408/378
f 382/1409/379 381/1410/379 388/1411/379 387/1412/379
f 389/1413/380 385/1414/380 386/1415/380 390/1416/380
f 390/1417/381 386/1418/381 387/1419/381 391/1420/381
f 387/1421/382 388/1422/382 392/1423/382 391/1424/382
f 392/1425/383 388/1426/383 385/1427/383 389/1428/383
f 392/1429/384 389/1430/384 390/1431/384 391/1432/384
o cube
v 1.225 0.13125 -0.2875
v 1.225 0.13125 -0.4125
v 1.225 0.012500000000000011 -0.2875
v 1.225 0.012500000000000011 -0.4125
v 1.1 0.13125 -0.4125
v 1.1 0.13125 -0.2875
v 1.1 0.012500000000000011 -0.4125
v 1.1 0.012500000000000011 -0.2875
vt 0 0.9703125
vt 0.03125 0.9703125
vt 0.03125 0.940625
vt 0 0.940625
vt 0.0625 0.9703125
vt 0.09375 0.9703125
vt 0.09375 0.940625
vt 0.0625 0.940625
vt 0.359375 0.9703125
vt 0.390625 0.9703125
vt 0.390625 0.940625
vt 0.359375 0.940625
vt 0.265625 0.9703125
vt 0.296875 0.9703125
vt 0.296875 0.940625
vt 0.265625 0.940625
vt 0.359375 0.734375
vt 0.390625 0.734375
vt 0.390625 0.703125
vt 0.359375 0.703125
vt 0.359375 0.9375
vt 0.390625 0.9375
vt 0.390625 0.90625
vt 0.359375 0.90625
vn 0 0 -1
vn 1 0 0
vn 0 0 1
vn -1 0 0
vn 0 1 0
vn 0 -1 0
usemtl none
f 396/1436/385 399/1435/385 397/1434/385 394/1433/385
f 395/1440/386 396/1439/386 394/1438/386 393/1437/386
f 400/1444/387 395/1443/387 393/1442/387 398/1441/387
f 399/1448/388 400/1447/388 398/1446/388 397/1445/388
f 398/1452/389 393/1451/389 394/1450/389 397/1449/389
f 399/1456/390 396/1455/390 395/1454/390 400/1453/390
o cube
v 1.44375 0.13125 -0.74375
v 1.44375 0.13125 -0.86875
v 1.44375 0.012500000000000011 -0.74375
v 1.44375 0.012500000000000011 -0.86875
v 1.31875 0.13125 -0.86875
v 1.31875 0.13125 -0.74375
v 1.31875 0.012500000000000011 -0.86875
v 1.31875 0.012500000000000011 -0.74375
vt 0 0.9703125
vt 0.03125 0.9703125
vt 0.03125 0.940625
vt 0 0.940625
vt 0.0625 0.9703125
vt 0.09375 0.9703125
vt 0.09375 0.940625
vt 0.0625 0.940625
vt 0.359375 0.9703125
vt 0.390625 0.9703125
vt 0.390625 0.940625
vt 0.359375 0.940625
vt 0.265625 0.9703125
vt 0.296875 0.9703125
vt 0.296875 0.940625
vt 0.265625 0.940625
vt 0.359375 0.734375
vt 0.390625 0.734375
vt 0.390625 0.703125
vt 0.359375 0.703125
vt 0.359375 0.9375
vt 0.390625 0.9375
vt 0.390625 0.90625
vt 0.359375 0.90625
vn 0 0 -1
vn 1 0 0
vn 0 0 1
vn -1 0 0
vn 0 1 0
vn 0 -1 0
usemtl none
f 404/1460/391 407/1459/391 405/1458/391 402/1457/391
f 403/1464/392 404/1463/392 402/1462/392 401/1461/392
f 408/1468/393 403/1467/393 401/1466/393 406/1465/393
f 407/1472/394 408/1471/394 406/1470/394 405/1469/394
f 406/1476/395 401/1475/395 402/1474/395 405/1473/395
f 407/1480/396 404/1479/396 403/1478/396 408/1477/396
o cube
v 0.25625 0.13125 -0.74375
v 0.25625 0.13125 -0.86875
v 0.25625 0.012500000000000011 -0.74375
v 0.25625 0.012500000000000011 -0.86875
v 0.13124999999999998 0.13125 -0.86875
v 0.13124999999999998 0.13125 -0.74375
v 0.13124999999999998 0.012500000000000011 -0.86875
v 0.13124999999999998 0.012500000000000011 -0.74375
vt 0 0.9703125
vt 0.03125 0.9703125
vt 0.03125 0.940625
vt 0 0.940625
vt 0.0625 0.9703125
vt 0.09375 0.9703125
vt 0.09375 0.940625
vt 0.0625 0.940625
vt 0.359375 0.9703125
vt 0.390625 0.9703125
vt 0.390625 0.940625
vt 0.359375 0.940625
vt 0.265625 0.9703125
vt 0.296875 0.9703125
vt 0.296875 0.940625
vt 0.265625 0.940625
vt 0.359375 0.734375
vt 0.390625 0.734375
vt 0.390625 0.703125
vt 0.359375 0.703125
vt 0.359375 0.9375
vt 0.390625 0.9375
vt 0.390625 0.90625
vt 0.359375 0.90625
vn 0 0 -1
vn 1 0 0
vn 0 0 1
vn -1 0 0
vn 0 1 0
vn 0 -1 0
usemtl none
f 412/1484/397 415/1483/397 413/1482/397 410/1481/397
f 411/1488/398 412/1487/398 410/1486/398 409/1485/398
f 416/1492/399 411/1491/399 409/1490/399 414/1489/399
f 415/1496/400 416/1495/400 414/1494/400 413/1493/400
f 414/1500/401 409/1499/401 410/1498/401 413/1497/401
f 415/1504/402 412/1503/402 411/1502/402 416/1501/402
o cube
v 0.85 0.13125 -0.15625
v 0.85 0.13125 -0.28125
v 0.85 0.012500000000000011 -0.15625
v 0.85 0.012500000000000011 -0.28125
v 0.725 0.13125 -0.28125
v 0.725 0.13125 -0.15625
v 0.725 0.012500000000000011 -0.28125
v 0.725 0.012500000000000011 -0.15625
vt 0 0.9703125
vt 0.03125 0.9703125
vt 0.03125 0.940625
vt 0 0.940625
vt 0.0625 0.9703125
vt 0.09375 0.9703125
vt 0.09375 0.940625
vt 0.0625 0.940625
vt 0.359375 0.9703125
vt 0.390625 0.9703125
vt 0.390625 0.940625
vt 0.359375 0.940625
vt 0.265625 0.9703125
vt 0.296875 0.9703125
vt 0.296875 0.940625
vt 0.265625 0.940625
vt 0.359375 0.734375
vt 0.390625 0.734375
vt 0.390625 0.703125
vt 0.359375 0.703125
vt 0.359375 0.9375
vt 0.390625 0.9375
vt 0.390625 0.90625
vt 0.359375 0.90625
vn 0 0 -1
vn 1 0 0
vn 0 0 1
vn -1 0 0
vn 0 1 0
vn 0 -1 0
usemtl none
f 420/1508/403 423/1507/403 421/1506/403 418/1505/403
f 419/1512/404 420/1511/404 418/1510/404 417/1509/404
f 424/1516/405 419/1515/405 417/1514/405 422/1513/405
f 423/1520/406 424/1519/406 422/1518/406 421/1517/406
f 422/1524/407 417/1523/407 418/1522/407 421/1521/407
f 423/1528/408 420/1527/408 419/1526/408 424/1525/408
o cube
v 0.85 0.13125 -1.3375
v 0.85 0.13125 -1.4625
v 0.85 0.012500000000000011 -1.3375
v 0.85 0.012500000000000011 -1.4625
v 0.725 0.13125 -1.4625
v 0.725 0.13125 -1.3375
v 0.725 0.012500000000000011 -1.4625
v 0.725 0.012500000000000011 -1.3375
vt 0 0.9703125
vt 0.03125 0.9703125
vt 0.03125 0.940625
vt 0 0.940625
vt 0.0625 0.9703125
vt 0.09375 0.9703125
vt 0.09375 0.940625
vt 0.0625 0.940625
vt 0.359375 0.9703125
vt 0.390625 0.9703125
vt 0.390625 0.940625
vt 0.359375 0.940625
vt 0.265625 0.9703125
vt 0.296875 0.9703125
vt 0.296875 0.940625
vt 0.265625 0.940625
vt 0.359375 0.734375
vt 0.390625 0.734375
vt 0.390625 0.703125
vt 0.359375 0.703125
vt 0.359375 0.9375
vt 0.390625 0.9375
vt 0.390625 0.90625
vt 0.359375 0.90625
vn 0 0 -1
vn 1 0 0
vn 0 0 1
vn -1 0 0
vn 0 1 0
vn 0 -1 0
usemtl none
f 428/1532/409 431/1531/409 429/1530/409 426/1529/409
f 427/1536/410 428/1535/410 426/1534/410 425/1533/410
f 432/1540/411 427/1539/411 425/1538/411 430/1537/411
f 431/1544/412 432/1543/412 430/1542/412 429/1541/412
f 430/1548/413 425/1547/413 426/1546/413 429/1545/413
f 431/1552/414 428/1551/414 427/1550/414 432/1549/414
o cube
v 0.85625 0.012499999999999997 -1.3312499999999998
v 0.85625 0.012499999999999997 -1.46875
v 0.85625 0 -1.3312499999999998
v 0.85625 0 -1.46875
v 0.71875 0.012499999999999997 -1.46875
v 0.71875 0.012499999999999997 -1.3312499999999998
v 0.71875 0 -1.46875
v 0.71875 0 -1.3312499999999998
vt 0 0.940625
vt 0.034375 0.940625
vt 0.034375 0.9375
vt 0 0.9375
vt 0.0609375 0.940625
vt 0.0953125 0.940625
vt 0.0953125 0.9375
vt 0.0609375 0.9375
vt 0.3578125 0.940625
vt 0.3921875 0.940625
vt 0.3921875 0.9375
vt 0.3578125 0.9375
vt 0.2640625 0.940625
vt 0.2984375 0.940625
vt 0.2984375 0.9375
vt 0.2640625 0.9375
vt 0.3578125 0.7359375
vt 0.3921875 0.7359375
vt 0.3921875 0.7015625
vt 0.3578125 0.7015625
vt 0.3578125 0.9390625
vt 0.3921875 0.9390625
vt 0.3921875 0.9046875
vt 0.3578125 0.9046875
vn 0 0 -1
vn 1 0 0
vn 0 0 1
vn -1 0 0
vn 0 1 0
vn 0 -1 0
usemtl none
f 436/1556/415 439/1555/415 437/1554/415 434/1553/415
f 435/1560/416 436/1559/416 434/1558/416 433/1557/416
f 440/1564/417 435/1563/417 433/1562/417 438/1561/417
f 439/1568/418 440/1567/418 438/1566/418 437/1565/418
f 438/1572/419 433/1571/419 434/1570/419 437/1569/419
f 439/1576/420 436/1575/420 435/1574/420 440/1573/420
o cube
v 0.4312500000000001 0.012499999999999997 -1.13125
v 0.4312500000000001 0.012499999999999997 -1.2687500000000003
v 0.4312500000000001 0 -1.13125
v 0.4312500000000001 0 -1.2687500000000003
v 0.2937500000000001 0.012499999999999997 -1.2687500000000003
v 0.2937500000000001 0.012499999999999997 -1.13125
v 0.2937500000000001 0 -1.2687500000000003
v 0.2937500000000001 0 -1.13125
vt 0 0.940625
vt 0.034375 0.940625
vt 0.034375 0.9375
vt 0 0.9375
vt 0.0609375 0.940625
vt 0.0953125 0.940625
vt 0.0953125 0.9375
vt 0.0609375 0.9375
vt 0.3578125 0.940625
vt 0.3921875 0.940625
vt 0.3921875 0.9375
vt 0.3578125 0.9375
vt 0.2640625 0.940625
vt 0.2984375 0.940625
vt 0.2984375 0.9375
vt 0.2640625 0.9375
vt 0.3578125 0.7359375
vt 0.3921875 0.7359375
vt 0.3921875 0.7015625
vt 0.3578125 0.7015625
vt 0.3578125 0.9390625
vt 0.3921875 0.9390625
vt 0.3921875 0.9046875
vt 0.3578125 0.9046875
vn 0 0 -1
vn 1 0 0
vn 0 0 1
vn -1 0 0
vn 0 1 0
vn 0 -1 0
usemtl none
f 444/1580/421 447/1579/421 445/1578/421 442/1577/421
f 443/1584/422 444/1583/422 442/1582/422 441/1581/422
f 448/1588/423 443/1587/423 441/1586/423 446/1585/423
f 447/1592/424 448/1591/424 446/1590/424 445/1589/424
f 446/1596/425 441/1595/425 442/1594/425 445/1593/425
f 447/1600/426 444/1599/426 443/1598/426 448/1597/426
o cube
v 0.26250000000000007 0.012499999999999997 -0.7375
v 0.26250000000000007 0.012499999999999997 -0.875
v 0.26250000000000007 0 -0.7375
v 0.26250000000000007 0 -0.875
v 0.125 0.012499999999999997 -0.875
v 0.125 0.012499999999999997 -0.7375
v 0.125 0 -0.875
v 0.125 0 -0.7375
vt 0 0.940625
vt 0.034375 0.940625
vt 0.034375 0.9375
vt 0 0.9375
vt 0.0609375 0.940625
vt 0.0953125 0.940625
vt 0.0953125 0.9375
vt 0.0609375 0.9375
vt 0.3578125 0.940625
vt 0.3921875 0.940625
vt 0.3921875 0.9375
vt 0.3578125 0.9375
vt 0.2640625 0.940625
vt 0.2984375 0.940625
vt 0.2984375 0.9375
vt 0.2640625 0.9375
vt 0.3578125 0.7359375
vt 0.3921875 0.7359375
vt 0.3921875 0.7015625
vt 0.3578125 0.7015625
vt 0.3578125 0.9390625
vt 0.3921875 0.9390625
vt 0.3921875 0.9046875
vt 0.3578125 0.9046875
vn 0 0 -1
vn 1 0 0
vn 0 0 1
vn -1 0 0
vn 0 1 0
vn 0 -1 0
usemtl none
f 452/1604/427 455/1603/427 453/1602/427 450/1601/427
f 451/1608/428 452/1607/428 450/1606/428 449/1605/428
f 456/1612/429 451/1611/429 449/1610/429 454/1609/429
f 455/1616/430 456/1615/430 454/1614/430 453/1613/430
f 454/1620/431 449/1619/431 450/1618/431 453/1617/431
f 455/1624/432 452/1623/432 451/1622/432 456/1621/432
o cube
v 0.4312500000000001 0.012499999999999997 -0.29375000000000007
v 0.4312500000000001 0.012499999999999997 -0.43125
v 0.4312500000000001 0 -0.29375000000000007
v 0.4312500000000001 0 -0.43125
v 0.2937500000000001 0.012499999999999997 -0.43125
v 0.2937500000000001 0.012499999999999997 -0.29375000000000007
v 0.2937500000000001 0 -0.43125
v 0.2937500000000001 0 -0.29375000000000007
vt 0 0.940625
vt 0.034375 0.940625
vt 0.034375 0.9375
vt 0 0.9375
vt 0.0609375 0.940625
vt 0.0953125 0.940625
vt 0.0953125 0.9375
vt 0.0609375 0.9375
vt 0.3578125 0.940625
vt 0.3921875 0.940625
vt 0.3921875 0.9375
vt 0.3578125 0.9375
vt 0.2640625 0.940625
vt 0.2984375 0.940625
vt 0.2984375 0.9375
vt 0.2640625 0.9375
vt 0.3578125 0.7359375
vt 0.3921875 0.7359375
vt 0.3921875 0.7015625
vt 0.3578125 0.7015625
vt 0.3578125 0.9390625
vt 0.3921875 0.9390625
vt 0.3921875 0.9046875
vt 0.3578125 0.9046875
vn 0 0 -1
vn 1 0 0
vn 0 0 1
vn -1 0 0
vn 0 1 0
vn 0 -1 0
usemtl none
f 460/1628/433 463/1627/433 461/1626/433 458/1625/433
f 459/1632/434 460/1631/434 458/1630/434 457/1629/434
f 464/1636/435 459/1635/435 457/1634/435 462/1633/435
f 463/1640/436 464/1639/436 462/1638/436 461/1637/436
f 462/1644/437 457/1643/437 458/1642/437 461/1641/437
f 463/1648/438 460/1647/438 459/1646/438 464/1645/438
o cube
v 0.85625 0.012499999999999997 -0.15000000000000002
v 0.85625 0.012499999999999997 -0.2875
v 0.85625 0 -0.15000000000000002
v 0.85625 0 -0.2875
v 0.71875 0.012499999999999997 -0.2875
v 0.71875 0.012499999999999997 -0.15000000000000002
v 0.71875 0 -0.2875
v 0.71875 0 -0.15000000000000002
vt 0 0.940625
vt 0.034375 0.940625
vt 0.034375 0.9375
vt 0 0.9375
vt 0.0609375 0.940625
vt 0.0953125 0.940625
vt 0.0953125 0.9375
vt 0.0609375 0.9375
vt 0.3578125 0.940625
vt 0.3921875 0.940625
vt 0.3921875 0.9375
vt 0.3578125 0.9375
vt 0.2640625 0.940625
vt 0.2984375 0.940625
vt 0.2984375 0.9375
vt 0.2640625 0.9375
vt 0.3578125 0.7359375
vt 0.3921875 0.7359375
vt 0.3921875 0.7015625
vt 0.3578125 0.7015625
vt 0.3578125 0.9390625
vt 0.3921875 0.9390625
vt 0.3921875 0.9046875
vt 0.3578125 0.9046875
vn 0 0 -1
vn 1 0 0
vn 0 0 1
vn -1 0 0
vn 0 1 0
vn 0 -1 0
usemtl none
f 468/1652/439 471/1651/439 469/1650/439 466/1649/439
f 467/1656/440 468/1655/440 466/1654/440 465/1653/440
f 472/1660/441 467/1659/441 465/1658/441 470/1657/441
f 471/1664/442 472/1663/442 470/1662/442 469/1661/442
f 470/1668/443 465/1667/443 466/1666/443 469/1665/443
f 471/1672/444 468/1671/444 467/1670/444 472/1669/444
o cube
v 1.2312500000000002 0.012499999999999997 -0.28125
v 1.2312500000000002 0.012499999999999997 -0.41874999999999996
v 1.2312500000000002 0 -0.28125
v 1.2312500000000002 0 -0.41874999999999996
v 1.09375 0.012499999999999997 -0.41874999999999996
v 1.09375 0.012499999999999997 -0.28125
v 1.09375 0 -0.41874999999999996
v 1.09375 0 -0.28125
vt 0 0.940625
vt 0.034375 0.940625
vt 0.034375 0.9375
vt 0 0.9375
vt 0.0609375 0.940625
vt 0.0953125 0.940625
vt 0.0953125 0.9375
vt 0.0609375 0.9375
vt 0.3578125 0.940625
vt 0.3921875 0.940625
vt 0.3921875 0.9375
vt 0.3578125 0.9375
vt 0.2640625 0.940625
vt 0.2984375 0.940625
vt 0.2984375 0.9375
vt 0.2640625 0.9375
vt 0.3578125 0.7359375
vt 0.3921875 0.7359375
vt 0.3921875 0.7015625
vt 0.3578125 0.7015625
vt 0.3578125 0.9390625
vt 0.3921875 0.9390625
vt 0.3921875 0.9046875
vt 0.3578125 0.9046875
vn 0 0 -1
vn 1 0 0
vn 0 0 1
vn -1 0 0
vn 0 1 0
vn 0 -1 0
usemtl none
f 476/1676/445 479/1675/445 477/1674/445 474/1673/445
f 475/1680/446 476/1679/446 474/1678/446 473/1677/446
f 480/1684/447 475/1683/447 473/1682/447 478/1681/447
f 479/1688/448 480/1687/448 478/1686/448 477/1685/448
f 478/1692/449 473/1691/449 474/1690/449 477/1689/449
f 479/1696/450 476/1695/450 475/1694/450 480/1693/450
o cube
v 1.4500000000000002 0.012499999999999997 -0.7375
v 1.4500000000000002 0.012499999999999997 -0.875
v 1.4500000000000002 0 -0.7375
v 1.4500000000000002 0 -0.875
v 1.3125 0.012499999999999997 -0.875
v 1.3125 0.012499999999999997 -0.7375
v 1.3125 0 -0.875
v 1.3125 0 -0.7375
vt 0 0.940625
vt 0.034375 0.940625
vt 0.034375 0.9375
vt 0 0.9375
vt 0.0609375 0.940625
vt 0.0953125 0.940625
vt 0.0953125 0.9375
vt 0.0609375 0.9375
vt 0.3578125 0.940625
vt 0.3921875 0.940625
vt 0.3921875 0.9375
vt 0.3578125 0.9375
vt 0.2640625 0.940625
vt 0.2984375 0.940625
vt 0.2984375 0.9375
vt 0.2640625 0.9375
vt 0.3578125 0.7359375
vt 0.3921875 0.7359375
vt 0.3921875 0.7015625
vt 0.3578125 0.7015625
vt 0.3578125 0.9390625
vt 0.3921875 0.9390625
vt 0.3921875 0.9046875
vt 0.3578125 0.9046875
vn 0 0 -1
vn 1 0 0
vn 0 0 1
vn -1 0 0
vn 0 1 0
vn 0 -1 0
usemtl none
f 484/1700/451 487/1699/451 485/1698/451 482/1697/451
f 483/1704/452 484/1703/452 482/1702/452 481/1701/452
f 488/1708/453 483/1707/453 481/1706/453 486/1705/453
f 487/1712/454 488/1711/454 486/1710/454 485/1709/454
f 486/1716/455 481/1715/455 482/1714/455 485/1713/455
f 487/1720/456 484/1719/456 483/1718/456 488/1717/456
o cube
v 1.2312500000000002 0.012499999999999997 -1.19375
v 1.2312500000000002 0.012499999999999997 -1.3312500000000003
v 1.2312500000000002 0 -1.19375
v 1.2312500000000002 0 -1.3312500000000003
v 1.09375 0.012499999999999997 -1.3312500000000003
v 1.09375 0.012499999999999997 -1.19375
v 1.09375 0 -1.3312500000000003
v 1.09375 0 -1.19375
vt 0 0.940625
vt 0.034375 0.940625
vt 0.034375 0.9375
vt 0 0.9375
vt 0.0609375 0.940625
vt 0.0953125 0.940625
vt 0.0953125 0.9375
vt 0.0609375 0.9375
vt 0.3578125 0.940625
vt 0.3921875 0.940625
vt 0.3921875 0.9375
vt 0.3578125 0.9375
vt 0.2640625 0.940625
vt 0.2984375 0.940625
vt 0.2984375 0.9375
vt 0.2640625 0.9375
vt 0.3578125 0.7359375
vt 0.3921875 0.7359375
vt 0.3921875 0.7015625
vt 0.3578125 0.7015625
vt 0.3578125 0.9390625
vt 0.3921875 0.9390625
vt 0.3921875 0.9046875
vt 0.3578125 0.9046875
vn 0 0 -1
vn 1 0 0
vn 0 0 1
vn -1 0 0
vn 0 1 0
vn 0 -1 0
usemtl none
f 492/1724/457 495/1723/457 493/1722/457 490/1721/457
f 491/1728/458 492/1727/458 490/1726/458 489/1725/458
f 496/1732/459 491/1731/459 489/1730/459 494/1729/459
f 495/1736/460 496/1735/460 494/1734/460 493/1733/460
f 494/1740/461 489/1739/461 490/1738/461 493/1737/461
f 495/1744/462 492/1743/462 491/1742/462 496/1741/462
o cube
v 1.225 0.13125 -1.2
v 1.225 0.13125 -1.325
v 1.225 0.012500000000000011 -1.2
v 1.225 0.012500000000000011 -1.325
v 1.1 0.13125 -1.325
v 1.1 0.13125 -1.2
v 1.1 0.012500000000000011 -1.325
v 1.1 0.012500000000000011 -1.2
vt 0 0.9703125
vt 0.03125 0.9703125
vt 0.03125 0.940625
vt 0 0.940625
vt 0.0625 0.9703125
vt 0.09375 0.9703125
vt 0.09375 0.940625
vt 0.0625 0.940625
vt 0.359375 0.9703125
vt 0.390625 0.9703125
vt 0.390625 0.940625
vt 0.359375 0.940625
vt 0.265625 0.9703125
vt 0.296875 0.9703125
vt 0.296875 0.940625
vt 0.265625 0.940625
vt 0.359375 0.734375
vt 0.390625 0.734375
vt 0.390625 0.703125
vt 0.359375 0.703125
vt 0.359375 0.9375
vt 0.390625 0.9375
vt 0.390625 0.90625
vt 0.359375 0.90625
vn 0 0 -1
vn 1 0 0
vn 0 0 1
vn -1 0 0
vn 0 1 0
vn 0 -1 0
usemtl none
f 500/1748/463 503/1747/463 501/1746/463 498/1745/463
f 499/1752/464 500/1751/464 498/1750/464 497/1749/464
f 504/1756/465 499/1755/465 497/1754/465 502/1753/465
f 503/1760/466 504/1759/466 502/1758/466 501/1757/466
f 502/1764/467 497/1763/467 498/1762/467 501/1761/467
f 503/1768/468 500/1767/468 499/1766/468 504/1765/468
o cube
v 0.425 0.13125 -1.1375
v 0.425 0.13125 -1.2625
v 0.425 0.012500000000000011 -1.1375
v 0.425 0.012500000000000011 -1.2625
v 0.3 0.13125 -1.2625
v 0.3 0.13125 -1.1375
v 0.3 0.012500000000000011 -1.2625
v 0.3 0.012500000000000011 -1.1375
vt 0 0.9703125
vt 0.03125 0.9703125
vt 0.03125 0.940625
vt 0 0.940625
vt 0.0625 0.9703125
vt 0.09375 0.9703125
vt 0.09375 0.940625
vt 0.0625 0.940625
vt 0.359375 0.9703125
vt 0.390625 0.9703125
vt 0.390625 0.940625
vt 0.359375 0.940625
vt 0.265625 0.9703125
vt 0.296875 0.9703125
vt 0.296875 0.940625
vt 0.265625 0.940625
vt 0.359375 0.734375
vt 0.390625 0.734375
vt 0.390625 0.703125
vt 0.359375 0.703125
vt 0.359375 0.9375
vt 0.390625 0.9375
vt 0.390625 0.90625
vt 0.359375 0.90625
vn 0 0 -1
vn 1 0 0
vn 0 0 1
vn -1 0 0
vn 0 1 0
vn 0 -1 0
usemtl none
f 508/1772/469 511/1771/469 509/1770/469 506/1769/469
f 507/1776/470 508/1775/470 506/1774/470 505/1773/470
f 512/1780/471 507/1779/471 505/1778/471 510/1777/471
f 511/1784/472 512/1783/472 510/1782/472 509/1781/472
f 510/1788/473 505/1787/473 506/1786/473 509/1785/473
f 511/1792/474 508/1791/474 507/1790/474 512/1789/474
o cube
v 0.425 0.13125 -0.3
v 0.425 0.13125 -0.425
v 0.425 0.012500000000000011 -0.3
v 0.425 0.012500000000000011 -0.425
v 0.3 0.13125 -0.425
v 0.3 0.13125 -0.3
v 0.3 0.012500000000000011 -0.425
v 0.3 0.012500000000000011 -0.3
vt 0 0.9703125
vt 0.03125 0.9703125
vt 0.03125 0.940625
vt 0 0.940625
vt 0.065625 0.9703125
vt 0.096875 0.9703125
vt 0.096875 0.940625
vt 0.065625 0.940625
vt 0.3609375 0.9703125
vt 0.3921875 0.9703125
vt 0.3921875 0.940625
vt 0.3609375 0.940625
vt 0.2625 0.9703125
vt 0.29375 0.9703125
vt 0.29375 0.940625
vt 0.2625 0.940625
vt 0.3609375 0.7375
vt 0.3921875 0.7375
vt 0.3921875 0.70625
vt 0.3609375 0.70625
vt 0.3609375 0.934375
vt 0.3921875 0.934375
vt 0.3921875 0.903125
vt 0.3609375 0.903125
vn 0 0 -1
vn 1 0 0
vn 0 0 1
vn -1 0 0
vn 0 1 0
vn 0 -1 0
usemtl none
f 516/1796/475 519/1795/475 517/1794/475 514/1793/475
f 515/1800/476 516/1799/476 514/1798/476 513/1797/476
f 520/1804/477 515/1803/477 513/1802/477 518/1801/477
f 519/1808/478 520/1807/478 518/1806/478 517/1805/478
f 518/1812/479 513/1811/479 514/1810/479 517/1809/479
f 519/1816/480 516/1815/480 515/1814/480 520/1813/480
o beveled_cuboid
v 0.835416875 0.645833125 -1.5437500000000002
v 0.835416875 0.5541668750000001 -1.5437500000000002
v 0.739583125 0.645833125 -1.5437500000000002
v 0.739583125 0.5541668750000001 -1.5437500000000002
v 0.835416875 0.645833125 -1.4937500000000001
v 0.835416875 0.5541668750000001 -1.4937500000000001
v 0.739583125 0.645833125 -1.4937500000000001
v 0.739583125 0.5541668750000001 -1.4937500000000001
v 0.64375 0.645833125 -1.4940881250000002
v 0.64375 0.645833125 -1.54287875
v 0.64375 0.5541668750000001 -1.4940881250000002
v 0.64375 0.5541668750000001 -1.54287875
v 0.9312499999999999 0.645833125 -1.4940881250000002
v 0.9312499999999999 0.645833125 -1.54287875
v 0.9312499999999999 0.5541668750000001 -1.4940881250000002
v 0.9312499999999999 0.5541668750000001 -1.54287875
v 0.835416875 0.4625 -1.4940881250000002
v 0.835416875 0.4625 -1.54287875
v 0.739583125 0.4625 -1.4940881250000002
v 0.739583125 0.4625 -1.54287875
v 0.835416875 0.7375 -1.494088125
v 0.835416875 0.7375 -1.54287875
v 0.739583125 0.7375 -1.494088125
v 0.739583125 0.7375 -1.54287875
vt 0.015625 0.984375
vt 0.015625 1
vt 0 1
vt 0 0.984375
vt 0 0.984375
vt 0.015625 0.984375
vt 0.015625 1
vt 0 1
vt 0.015625 1
vt 0 1
vt 0 0.977903125
vt 0.015625 0.977903125
vt 0.015625 0.977903125
vt 0.015625 1
vt 0 1
vt 0 0.977903125
vt 0.015625 0.977903125
vt 0.015625 1
vt 0 1
vt 0 0.977903125
vt 0.015625 1
vt 0 1
vt 0 0.977903125
vt 0.015625 0.977903125
vt 0 1
vt 0 0.977903125
vt 0.015625 0.977903125
vt 0.015625 1
vt 0 0.977903125
vt 0.015625 0.977903125
vt 0.015625 1
vt 0 1
vt 0 0.977903125
vt 0.015625 0.977903125
vt 0.015625 1
vt 0 1
vt 0 1
vt 0 0.977903125
vt 0.015625 0.977903125
vt 0.015625 1
vt 0.0110484375 0.9808625
vt 0.022096875 1
vt 0 1
vt 0.0110484375 0.9808625
vt 0.022096875 1
vt 0 1
vt 0.0110484375 0.9808625
vt 0.022096875 1
vt 0 1
vt 0.0110484375 0.9808625
vt 0.022096875 1
vt 0 1
vt 0.0110484375 1
vt 0 0.9808640625
vt 0.022096875 0.9808640625
vt 0.0110484375 1
vt 0 0.9808640625
vt 0.022096875 0.9808640625
vt 0.0110484375 1
vt 0 0.9808640625
vt 0.022096875 0.9808640625
vt 0.0110484375 1
vt 0 0.9808640625
vt 0.022096875 0.9808640625
vt 0.015625 1
vt 0 1
vt 0 0.96875
vt 0.015625 0.96875
vt 0.015625 0.96875
vt 0.015625 1
vt 0 1
vt 0 0.96875
vt 0.015625 0.96875
vt 0.015625 1
vt 0 1
vt 0 0.96875
vt 0.015625 1
vt 0 1
vt 0 0.96875
vt 0.015625 0.96875
vt 0 0.96875
vt 0.022096875 0.96875
vt 0.022096875 1
vt 0 1
vt 0 1
vt 0 0.96875
vt 0.022096875 0.96875
vt 0.022096875 1
vt 0 1
vt 0 0.96875
vt 0.022096875 0.96875
vt 0.022096875 1
vt 0 0.96875
vt 0.022096875 0.96875
vt 0.022096875 1
vt 0 1
vn 0 2.220446049250313e-16 -1
vn 0 -2.220446049250313e-16 1
vn 0.00909094842601096 2.2203542925914667e-16 -0.9999586764745411
vn -0.00909094842601096 2.2203542925914667e-16 -0.9999586764745411
vn 0 0.009504094582230721 -0.9999548350731509
vn 0 -0.009504094582230277 -0.9999548350731509
vn 0.0035282465787784484 -2.2204322285694222e-16 0.999993775718669
vn -0.0035282465787784484 -2.2204322285694222e-16 0.999993775718669
vn 0 0.003688602886954458 0.9999931970812314
vn 0 -0.003688602886954902 0.9999931970812314
vn 0.003528222576702368 0.0036885799283647414 0.9999869729269284
vn -0.003528222576702368 0.0036885799283647414 0.9999869729269284
vn 0.003528222576702368 -0.0036885799283651855 0.9999869729269284
vn -0.003528222576702368 -0.0036885799283651855 0.9999869729269284
vn 0.00909053786792153 0.009503701875009677 -0.9999135171463296
vn -0.00909053786792153 0.009503701875009677 -0.9999135171463296
vn 0.00909053786792153 -0.009503701875009233 -0.9999135171463296
vn -0.00909053786792153 -0.009503701875009233 -0.9999135171463296
vn 1 0 0
vn -1 0 0
vn 0 1 2.220446049250313e-16
vn 0 -1 -2.220446049250313e-16
vn 0.6912242510439012 -0.7226403218536853 -1.6045838476889902e-16
vn 0.6912242510439012 0.7226403218536853 1.6045838476889902e-16
vn -0.6912242510439012 -0.7226403218536853 -1.6045838476889902e-16
vn -0.6912242510439012 0.7226403218536853 1.6045838476889902e-16
usemtl none
f 521/1817/481 522/1818/481 524/1819/481 523/1820/481
f 528/1821/482 526/1822/482 525/1823/482 527/1824/482
f 522/1825/483 521/1826/483 534/1827/483 536/1828/483
f 530/1829/484 523/1830/484 524/1831/484 532/1832/484
f 542/1833/485 521/1834/485 523/1835/485 544/1836/485
f 524/1837/486 522/1838/486 538/1839/486 540/1840/486
f 533/1841/487 525/1842/487 526/1843/487 535/1844/487
f 528/1845/488 527/1846/488 529/1847/488 531/1848/488
f 527/1849/489 525/1850/489 541/1851/489 543/1852/489
f 537/1853/490 526/1854/490 528/1855/490 539/1856/490
f 525/1857/491 533/1858/491 541/1859/491
f 527/1860/492 543/1861/492 529/1862/492
f 526/1863/493 537/1864/493 535/1865/493
f 528/1866/494 531/1867/494 539/1868/494
f 521/1869/495 542/1870/495 534/1871/495
f 523/1872/496 530/1873/496 544/1874/496
f 522/1875/497 536/1876/497 538/1877/497
f 524/1878/498 540/1879/498 532/1880/498
f 536/1881/499 534/1882/499 533/1883/499 535/1884/499
f 529/1885/500 530/1886/500 532/1887/500 531/1888/500
f 541/1889/501 542/1890/501 544/1891/501 543/1892/501
f 540/1893/502 538/1894/502 537/1895/502 539/1896/502
f 535/1897/503 537/1898/503 538/1899/503 536/1900/503
f 542/1901/504 541/1902/504 533/1903/504 534/1904/504
f 540/1905/505 539/1906/505 531/1907/505 532/1908/505
f 529/1909/506 543/1910/506 544/1911/506 530/1912/506
o cube
v 0.9765625 1.625 -1.49375
v 0.9765625 1.625 -1.5124999999999997
v 0.9765625 1.4 -1.49375
v 0.9765625 1.4 -1.5124999999999997
v 0.5953124999999999 1.625 -1.5124999999999997
v 0.5953124999999999 1.625 -1.49375
v 0.5953124999999999 1.4 -1.5124999999999997
v 0.5953124999999999 1.4 -1.49375
vt 0 1
vt 0.0953125 1
vt 0.0953125 0.94375
vt 0 0.94375
vt 0 1
vt 0.0046875 1
vt 0.0046875 0.94375
vt 0 0.94375
vt 0 1
vt 0.0953125 1
vt 0.0953125 0.94375
vt 0 0.94375
vt 0.0265625 1
vt 0.03125 1
vt 0.03125 0.94375
vt 0.0265625 0.94375
vt 0 0.9734375
vt 0.0953125 0.9734375
vt 0.0953125 0.96875
vt 0 0.96875
vt 0 1
vt 0.0953125 1
vt 0.0953125 0.9953125
vt 0 0.9953125
vn 0 0 -1
vn 1 0 0
vn 0 0 1
vn -1 0 0
vn 0 1 0
vn 0 -1 0
usemtl none
f 548/1916/507 551/1915/507 549/1914/507 546/1913/507
f 547/1920/508 548/1919/508 546/1918/508 545/1917/508
f 552/1924/509 547/1923/509 545/1922/509 550/1921/509
f 551/1928/510 552/1927/510 550/1926/510 549/1925/510
f 550/1932/511 545/1931/511 546/1930/511 549/1929/511
f 551/1936/512 548/1935/512 547/1934/512 552/1933/512
o cube
v 1.1659243660912797 1.625 -1.3833868854998765
v 1.1751573078432196 1.625 -1.3997060547987494
v 1.1659243660912797 1.4 -1.3833868854998765
v 1.1751573078432196 1.4 -1.3997060547987494
v 0.9738875531571177 1.625 -1.5135790030726763
v 0.9646546114051777 1.625 -1.4972598337738032
v 0.9738875531571177 1.4 -1.5135790030726763
v 0.9646546114051777 1.4 -1.4972598337738032
vt 0.0375 1
vt 0.0953125 1
vt 0.0953125 0.94375
vt 0.0375 0.94375
vt 0 1
vt 0.0046875 1
vt 0.0046875 0.94375
vt 0 0.94375
vt 0 1
vt 0.0578125 1
vt 0.0578125 0.94375
vt 0 0.94375
vt 0.0265625 1
vt 0.03125 1
vt 0.03125 0.94375
vt 0.0265625 0.94375
vt 0 0.9734375
vt 0.0578125 0.9734375
vt 0.0578125 0.96875
vt 0 0.96875
vt 0 1
vt 0.0578125 1
vt 0.0578125 0.9953125
vt 0 0.9953125
vn 0.4924235601034671 0 -0.8703556959398997
vn 0.8703556959398997 0 0.4924235601034671
vn -0.4924235601034671 0 0.8703556959398997
vn -0.8703556959398997 0 -0.4924235601034671
vn 0 1 0
vn 0 -1 0
usemtl none
f 556/1940/513 559/1939/513 557/1938/513 554/1937/513
f 555/1944/514 556/1943/514 554/1942/514 553/1941/514
f 560/1948/515 555/1947/515 553/1946/515 558/1945/515
f 559/1952/516 560/1951/516 558/1950/516 557/1949/516
f 558/1956/517 553/1955/517 554/1954/517 557/1953/517
f 559/1960/518 556/1959/518 555/1958/518 560/1957/518
o cube
v 0.6103453885948222 1.625 -1.4972598337738032
v 0.6011124468428823 1.625 -1.5135790030726763
v 0.6103453885948222 1.4 -1.4972598337738032
v 0.6011124468428823 1.4 -1.5135790030726763
v 0.3998426921567804 1.625 -1.3997060547987494
v 0.4090756339087203 1.625 -1.3833868854998765
v 0.3998426921567804 1.4 -1.3997060547987494
v 0.4090756339087203 1.4 -1.3833868854998765
vt 0.0953125 1
vt 0.0375 1
vt 0.0375 0.94375
vt 0.0953125 0.94375
vt 0.03125 1
vt 0.0265625 1
vt 0.0265625 0.94375
vt 0.03125 0.94375
vt 0.0578125 1
vt 0 1
vt 0 0.94375
vt 0.0578125 0.94375
vt 0.0046875 1
vt 0 1
vt 0 0.94375
vt 0.0046875 0.94375
vt 0.0578125 0.9734375
vt 0 0.9734375
vt 0 0.96875
vt 0.0578125 0.96875
vt 0.0578125 1
vt 0 1
vt 0 0.9953125
vt 0.0578125 0.9953125
vn -0.4924235601034671 0 -0.8703556959398997
vn 0.8703556959398997 0 -0.4924235601034671
vn 0.4924235601034671 0 0.8703556959398997
vn -0.8703556959398997 0 0.4924235601034671
vn 0 1 0
vn 0 -1 0
usemtl none
f 564/1964/519 567/1963/519 565/1962/519 562/1961/519
f 563/1968/520 564/1967/520 562/1966/520 561/1965/520
f 568/1972/521 563/1971/521 561/1970/521 566/1969/521
f 567/1976/522 568/1975/522 566/1974/522 565/1973/522
f 566/1980/523 561/1979/523 562/1978/523 565/1977/523
f 567/1984/524 564/1983/524 563/1982/524 568/1981/524
o cylinder
v -0.8125 0.1875 0.9624999999999998
v -0.8125 2.125 0.9624999999999998
v -0.628285 0.1875 1.65
v -0.628285 1.9375 1.65
v -0.309215 0.1875 1.465785
v -0.309215 1.9375 1.465785
v -0.125 0.1875 1.1467149999999997
v -0.125 1.9375 1.1467149999999997
v -0.125 0.1875 0.7782849999999998
v -0.125 1.9375 0.7782849999999998
v -0.309215 0.1875 0.4592149999999998
v -0.309215 1.9375 0.4592149999999998
v -0.628285 0.1875 0.2749999999999998
v -0.628285 1.9375 0.2749999999999998
v -0.996715 0.1875 0.2749999999999998
v -0.996715 1.9375 0.2749999999999998
v -1.315785 0.1875 0.4592149999999998
v -1.315785 1.9375 0.4592149999999998
v -1.5 0.1875 0.7782849999999998
v -1.5 1.9375 0.7782849999999998
v -1.5 0.1875 1.1467149999999997
v -1.5 1.9375 1.1467149999999997
v -1.315785 0.1875 1.465785
v -1.315785 1.9375 1.465785
v -0.996715 0.1875 1.65
v -0.996715 1.9375 1.65
v -0.650743125 1.99160875 1.5661856249999997
v -0.373615 1.9927425 1.4013849999999999
v -0.206814375 1.991063125 1.1247931249999998
v -0.20626062499999998 1.990911875 0.8000587499999998
v -0.363841875 1.98910125 0.5138418749999998
v -0.6468612499999999 1.9876575 0.3443268749999998
v -0.979781875 1.985985625 0.33819624999999975
v -1.269475 1.986003125 0.5055249999999998
v -1.41980125 1.9906225 0.7997743749999998
v -1.417976875 1.99112 1.1247368749999997
v -1.255468125 1.99122125 1.4054681249999998
v -0.974815625 1.99104 1.5682693749999999
vt 0.129409375 0.9352953125
vt 0.11207203125 1
vt 0 0.9352953125
vt 0 0.875
vt 0.0669875 0.875
vt 0.0669875 1
vt 0 1
vt 0.12940953125 0.93529546875
vt 0.112071875 1
vt 0 0.93529546875
vt 0 0.875
vt 0.0669875 0.875
vt 0.0669875 1
vt 0 1
vt 0.125 0.9330125
vt 0.125 1
vt 0 0.96650625
vt 0 0.875
vt 0.0669875 0.875
vt 0.0669875 1
vt 0 1
vt 0 0.870590625
vt 0.0647046875 0.88792796875
vt 0 1
vt 0 0.875
vt 0.0669875 0.875
vt 0.0669875 1
vt 0 1
vt 0 0.87059046875
vt 0.06470453125 0.887928125
vt 0 1
vt 0 0.875
vt 0.0669875 0.875
vt 0.0669875 1
vt 0 1
vt 0 0.875
vt 0.0669875 0.875
vt 0.03349375 1
vt 0 0.875
vt 0.0669875 0.875
vt 0.0669875 1
vt 0 1
vt 0 1
vt 0.01733734375 0.9352953125
vt 0.129409375 1
vt 0 0.875
vt 0.0669875 0.875
vt 0.0669875 1
vt 0 1
vt 0 1
vt 0.01733765625 0.93529546875
vt 0.12940953125 1
vt 0 0.875
vt 0.0669875 0.875
vt 0.0669875 1
vt 0 1
vt 0 1
vt 0 0.9330125
vt 0.125 0.96650625
vt 0 0.875
vt 0.0669875 0.875
vt 0.0669875 1
vt 0 1
vt 0.0647046875 1
vt 0 0.98266265625
vt 0.0647046875 0.870590625
vt 0 0.875
vt 0.0669875 0.875
vt 0.0669875 1
vt 0 1
vt 0.06470453125 1
vt 0 0.98266234375
vt 0.06470453125 0.87059046875
vt 0 0.875
vt 0.0669875 0.875
vt 0.0669875 1
vt 0 1
vt 0.0669875 1
vt 0 1
vt 0.03349375 0.875
vt 0 0.875
vt 0.0669875 0.875
vt 0.0669875 1
vt 0 1
vt 0 0.88636703125
vt 0 0.87059046875
vt 0.06470453125 0.887928125
vt 0.05642515625 0.90226875
vt 0.05642515625 0.90226875
vt 0 1
vt 0 0.88636703125
vt 0 0.870590625
vt 0.0647046875 0.88792796875
vt 0.0570046875 0.90126484375
vt 0 0.8871496875
vt 0.0570046875 0.90126484375
vt 0 1
vt 0 0.8871496875
vt 0.125 0.9330125
vt 0.125 1
vt 0.1102253125 0.99604109375
vt 0.1101246875 0.93699828125
vt 0.1102253125 0.99604109375
vt 0 0.96650625
vt 0.1101246875 0.93699828125
vt 0.12940953125 0.93529546875
vt 0.112071875 1
vt 0.0999075 0.992976875
vt 0.11411375 0.93529546875
vt 0.0999075 0.992976875
vt 0 0.93529546875
vt 0.11411375 0.93529546875
vt 0.129409375 0.9352953125
vt 0.11207203125 1
vt 0.10077078125 0.9934753125
vt 0.115363125 0.9352953125
vt 0.10077078125 0.9934753125
vt 0 0.9352953125
vt 0.115363125 0.9352953125
vt 0.0669875 1
vt 0 1
vt 0.00307875 0.98850984375
vt 0.06361 0.98739515625
vt 0.00307875 0.98850984375
vt 0.03349375 0.875
vt 0.06361 0.98739515625
vt 0.06470453125 0.988104375
vt 0.06470453125 1
vt 0 0.98266234375
vt 0.00595375 0.97235
vt 0.00595375 0.97235
vt 0.06470453125 0.87059046875
vt 0.06470453125 0.988104375
vt 0.0647046875 0.98809234375
vt 0.0647046875 1
vt 0 0.98266265625
vt 0.00754796875 0.9695890625
vt 0.00754796875 0.9695890625
vt 0.0647046875 0.870590625
vt 0.0647046875 0.98809234375
vt 0.0145815625 0.9960928125
vt 0 1
vt 0 0.9330125
vt 0.01491328125 0.93700859375
vt 0.01491328125 0.93700859375
vt 0.125 0.96650625
vt 0.0145815625 0.9960928125
vt 0.015439375 1
vt 0 1
vt 0.01733765625 0.93529546875
vt 0.0307690625 0.9430499999999999
vt 0.0307690625 0.9430499999999999
vt 0.12940953125 1
vt 0.015439375 1
vt 0 1
vt 0.01733734375 0.9352953125
vt 0.030660625 0.9429875
vt 0.01550921875 1
vt 0.030660625 0.9429875
vt 0.129409375 1
vt 0.01550921875 1
vt 0.00398171875 0.88986015625
vt 0 0.875
vt 0.0669875 0.875
vt 0.06290421875 0.89023890625
vt 0.06290421875 0.89023890625
vt 0.03349375 1
vt 0.00398171875 0.88986015625
vn 0 -1 0
vn 0.4999996938558401 0 0.8660255805367797
vn 0 -1 0
vn 0.8660255805367797 0 0.4999996938558401
vn 0 -1 0
vn 1 0 0
vn 0 -1 0
vn 0.8660255805367797 0 -0.4999996938558401
vn 0 -1 0
vn 0.4999996938558401 0 -0.8660255805367797
vn 0 -1 0
vn 0 0 -1
vn 0 -1 0
vn -0.4999996938558401 0 -0.8660255805367797
vn 0 -1 0
vn -0.8660255805367797 0 -0.4999996938558401
vn 0 -1 0
vn -1 0 0
vn 0 -1 0
vn -0.8660255805367797 0 0.4999996938558401
vn 0 -1 0
vn -0.4999996938558401 0 0.8660255805367797
vn 0 -1 0
vn 0 0 1
vn 0.2711868078998605 0.8401371915653718 0.4697097130885567
vn 0.10722886391941124 0.976483730158621 0.1870334073850392
vn 0.47436103323978956 0.836645446207148 0.2738722466489104
vn 0.18725828400418165 0.976465888979901 0.10699861088117366
vn 0.5492643251520265 0.835648670863114 0
vn 0.215938654762217 0.9764069284313333 -0.00008654925383395754
vn 0.49256366879484303 0.8225011701863749 -0.2843815346069578
vn 0.18674384571298602 0.9763440242806349 -0.10899120303868406
vn 0.2930830256904235 0.8101906809234041 -0.5076351057570958
vn 0.1076533017576191 0.9762416148893265 -0.18805072714287346
vn 0 0.7933931331987608 -0.6087095663722177
vn -0.0009039071694808999 0.9761451535306039 -0.21711707024216842
vn -0.3043549715033596 0.7933925582866644 -0.5271587045440216
vn -0.1086647756745675 0.9760947276360163 -0.18823137147873914
vn -0.5269399169951242 0.793586321469868 -0.30422865455623166
vn -0.1863903061339157 0.9762364388562231 -0.110548944945779
vn -0.5522268561518727 0.8336938882735193 0
vn -0.21597218713459201 0.9763994749475567 -0.0002823232830950623
vn -0.4738666883845132 0.8370188793560498 0.27358683674664847
vn -0.1869910878230795 0.9764187211984224 0.10789260386133573
vn -0.27398587675727026 0.8364966166354223 0.47455784652141364
vn -0.1078586670125148 0.9764161212319618 0.18702423946808214
vn 0 0.836497023043832 0.5479714686357376
vn -0.0003258109798731576 0.9764286068633697 0.21584037978576762
usemtl none
f 573/1985/525 571/1986/525 569/1987/525
f 571/1988/526 573/1989/526 574/1990/526 572/1991/526
f 575/1992/527 573/1993/527 569/1994/527
f 573/1995/528 575/1996/528 576/1997/528 574/1998/528
f 577/1999/529 575/2000/529 569/2001/529
f 575/2002/530 577/2003/530 578/2004/530 576/2005/530
f 579/2006/531 577/2007/531 569/2008/531
f 577/2009/532 579/2010/532 580/2011/532 578/2012/532
f 581/2013/533 579/2014/533 569/2015/533
f 579/2016/534 581/2017/534 582/2018/534 580/2019/534
f 583/2020/535 581/2021/535 569/2022/535
f 581/2023/536 583/2024/536 584/2025/536 582/2026/536
f 585/2027/537 583/2028/537 569/2029/537
f 583/2030/538 585/2031/538 586/2032/538 584/2033/538
f 587/2034/539 585/2035/539 569/2036/539
f 585/2037/540 587/2038/540 588/2039/540 586/2040/540
f 589/2041/541 587/2042/541 569/2043/541
f 587/2044/542 589/2045/542 590/2046/542 588/2047/542
f 591/2048/543 589/2049/543 569/2050/543
f 589/2051/544 591/2052/544 592/2053/544 590/2054/544
f 593/2055/545 591/2056/545 569/2057/545
f 591/2058/546 593/2059/546 594/2060/546 592/2061/546
f 571/2062/547 593/2063/547 569/2064/547
f 593/2065/548 571/2066/548 572/2067/548 594/2068/548
f 595/2069/549 572/2070/549 574/2071/549 596/2072/549
f 596/2073/550 570/2074/550 595/2075/550
f 574/2076/551 576/2077/551 597/2078/551 596/2079/551
f 597/2080/552 570/2081/552 596/2082/552
f 576/2083/553 578/2084/553 598/2085/553 597/2086/553
f 598/2087/554 570/2088/554 597/2089/554
f 578/2090/555 580/2091/555 599/2092/555 598/2093/555
f 599/2094/556 570/2095/556 598/2096/556
f 580/2097/557 582/2098/557 600/2099/557 599/2100/557
f 600/2101/558 570/2102/558 599/2103/558
f 582/2104/559 584/2105/559 601/2106/559 600/2107/559
f 601/2108/560 570/2109/560 600/2110/560
f 601/2111/561 584/2112/561 586/2113/561 602/2114/561
f 602/2115/562 570/2116/562 601/2117/562
f 602/2118/563 586/2119/563 588/2120/563 603/2121/563
f 603/2122/564 570/2123/564 602/2124/564
f 603/2125/565 588/2126/565 590/2127/565 604/2128/565
f 604/2129/566 570/2130/566 603/2131/566
f 604/2132/567 590/2133/567 592/2134/567 605/2135/567
f 605/2136/568 570/2137/568 604/2138/568
f 592/2139/569 594/2140/569 606/2141/569 605/2142/569
f 606/2143/570 570/2144/570 605/2145/570
f 606/2146/571 594/2147/571 572/2148/571 595/2149/571
f 595/2150/572 570/2151/572 606/2152/572
o cylinder
v -0.8125 0.13125 0.9624999999999998
v -0.8125 0.19375 0.9624999999999998
v -0.62158625 0.13125 1.65
v -0.62158625 0.187701875 1.65
v -0.29091374999999997 0.13125 1.465785
v -0.29091374999999997 0.187701875 1.465785
v -0.09999999999999998 0.13125 1.1467149999999997
v -0.09999999999999998 0.187701875 1.1467149999999997
v -0.09999999999999998 0.13125 0.7782849999999998
v -0.09999999999999998 0.187701875 0.7782849999999998
v -0.29091374999999997 0.13125 0.4592149999999998
v -0.29091374999999997 0.187701875 0.4592149999999998
v -0.62158625 0.13125 0.2749999999999998
v -0.62158625 0.187701875 0.2749999999999998
v -1.00341375 0.13125 0.2749999999999998
v -1.00341375 0.187701875 0.2749999999999998
v -1.33408625 0.13125 0.4592149999999998
v -1.33408625 0.187701875 0.4592149999999998
v -1.525 0.13125 0.7782849999999998
v -1.525 0.187701875 0.7782849999999998
v -1.525 0.13125 1.1467149999999997
v -1.525 0.187701875 1.1467149999999997
v -1.33408625 0.13125 1.465785
v -1.33408625 0.187701875 1.465785
v -1.00341375 0.13125 1.65
v -1.00341375 0.187701875 1.65
v -0.644860625 0.189446875 1.5661856249999997
v -0.357655 0.18948374999999998 1.4013849999999999
v -0.18478937500000003 0.18942937499999998 1.1247931249999998
v -0.184215625 0.189424375 0.8000587499999998
v -0.3475275 0.18936624999999999 0.5138418749999998
v -0.6408375 0.18931937499999998 0.3443268749999998
v -0.985864375 0.18926562500000002 0.33819624999999975
v -1.2860925 0.18926625 0.5055249999999998
v -1.441885 0.18941500000000003 0.7997743749999998
v -1.439994375 0.18943125000000002 1.1247368749999997
v -1.27157625 0.18943437500000002 1.4054681249999998
v -0.9807175 0.18942875 1.5682693749999999
vt 0.129409375 0.9352953125
vt 0.11207203125 1
vt 0 0.9352953125
vt 0 0.875
vt 0.0669875 0.875
vt 0.0669875 1
vt 0 1
vt 0.12940953125 0.93529546875
vt 0.112071875 1
vt 0 0.93529546875
vt 0 0.875
vt 0.0669875 0.875
vt 0.0669875 1
vt 0 1
vt 0.125 0.9330125
vt 0.125 1
vt 0 0.96650625
vt 0 0.875
vt 0.0669875 0.875
vt 0.0669875 1
vt 0 1
vt 0 0.870590625
vt 0.0647046875 0.88792796875
vt 0 1
vt 0 0.875
vt 0.0669875 0.875
vt 0.0669875 1
vt 0 1
vt 0 0.87059046875
vt 0.06470453125 0.887928125
vt 0 1
vt 0 0.875
vt 0.0669875 0.875
vt 0.0669875 1
vt 0 1
vt 0 0.875
vt 0.0669875 0.875
vt 0.03349375 1
vt 0 0.875
vt 0.0669875 0.875
vt 0.0669875 1
vt 0 1
vt 0 1
vt 0.01733734375 0.9352953125
vt 0.129409375 1
vt 0 0.875
vt 0.0669875 0.875
vt 0.0669875 1
vt 0 1
vt 0 1
vt 0.01733765625 0.93529546875
vt 0.12940953125 1
vt 0 0.875
vt 0.0669875 0.875
vt 0.0669875 1
vt 0 1
vt 0 1
vt 0 0.9330125
vt 0.125 0.96650625
vt 0 0.875
vt 0.0669875 0.875
vt 0.0669875 1
vt 0 1
vt 0.0647046875 1
vt 0 0.98266265625
vt 0.0647046875 0.870590625
vt 0 0.875
vt 0.0669875 0.875
vt 0.0669875 1
vt 0 1
vt 0.06470453125 1
vt 0 0.98266234375
vt 0.06470453125 0.87059046875
vt 0 0.875
vt 0.0669875 0.875
vt 0.0669875 1
vt 0 1
vt 0.0669875 1
vt 0 1
vt 0.03349375 0.875
vt 0 0.875
vt 0.0669875 0.875
vt 0.0669875 1
vt 0 1
vt 0 0.88636703125
vt 0 0.87059046875
vt 0.06470453125 0.887928125
vt 0.05642515625 0.90226875
vt 0.05642515625 0.90226875
vt 0 1
vt 0 0.88636703125
vt 0 0.870590625
vt 0.0647046875 0.88792796875
vt 0.0570046875 0.90126484375
vt 0 0.8871496875
vt 0.0570046875 0.90126484375
vt 0 1
vt 0 0.8871496875
vt 0.125 0.9330125
vt 0.125 1
vt 0.1102253125 0.99604109375
vt 0.1101246875 0.93699828125
vt 0.1102253125 0.99604109375
vt 0 0.96650625
vt 0.1101246875 0.93699828125
vt 0.12940953125 0.93529546875
vt 0.112071875 1
vt 0.0999075 0.992976875
vt 0.11411375 0.93529546875
vt 0.0999075 0.992976875
vt 0 0.93529546875
vt 0.11411375 0.93529546875
vt 0.129409375 0.9352953125
vt 0.11207203125 1
vt 0.10077078125 0.9934753125
vt 0.115363125 0.9352953125
vt 0.10077078125 0.9934753125
vt 0 0.9352953125
vt 0.115363125 0.9352953125
vt 0.0669875 1
vt 0 1
vt 0.00307875 0.98850984375
vt 0.06361 0.98739515625
vt 0.00307875 0.98850984375
vt 0.03349375 0.875
vt 0.06361 0.98739515625
vt 0.06470453125 0.988104375
vt 0.06470453125 1
vt 0 0.98266234375
vt 0.00595375 0.97235
vt 0.00595375 0.97235
vt 0.06470453125 0.87059046875
vt 0.06470453125 0.988104375
vt 0.0647046875 0.98809234375
vt 0.0647046875 1
vt 0 0.98266265625
vt 0.00754796875 0.9695890625
vt 0.00754796875 0.9695890625
vt 0.0647046875 0.870590625
vt 0.0647046875 0.98809234375
vt 0.0145815625 0.9960928125
vt 0 1
vt 0 0.9330125
vt 0.01491328125 0.93700859375
vt 0.01491328125 0.93700859375
vt 0.125 0.96650625
vt 0.0145815625 0.9960928125
vt 0.015439375 1
vt 0 1
vt 0.01733765625 0.93529546875
vt 0.0307690625 0.9430499999999999
vt 0.0307690625 0.9430499999999999
vt 0.12940953125 1
vt 0.015439375 1
vt 0 1
vt 0.01733734375 0.9352953125
vt 0.030660625 0.9429875
vt 0.01550921875 1
vt 0.030660625 0.9429875
vt 0.129409375 1
vt 0.01550921875 1
vt 0.00398171875 0.88986015625
vt 0 0.875
vt 0.0669875 0.875
vt 0.06290421875 0.89023890625
vt 0.06290421875 0.89023890625
vt 0.03349375 1
vt 0.00398171875 0.88986015625
vn 0 -1 0
vn 0.4866682449972657 0 0.87358686992839
vn 0 -1 0
vn 0.858119066952064 0 0.5134507444081851
vn 0 -1 0
vn 1 0 0
vn 0 -1 0
vn 0.858119066952064 0 -0.5134507444081851
vn 0 -1 0
vn 0.4866682449972657 0 -0.87358686992839
vn 0 -1 0
vn 0 0 -1
vn 0 -1 0
vn -0.4866682449972657 0 -0.87358686992839
vn 0 -1 0
vn -0.858119066952064 0 -0.5134507444081851
vn 0 -1 0
vn -1 0 0
vn 0 -1 0
vn -0.858119066952064 0 0.5134507444081851
vn 0 -1 0
vn -0.4866682449972657 0 0.87358686992839
vn 0 -1 0
vn 0 0 1
vn 0.010042519943794091 0.9997870705999076 0.01802668173663519
vn 0.0034171590498609954 0.9999750712438001 0.006178989802932123
vn 0.017640709405718605 0.9997886740238613 0.010555219811658917
vn 0.005969248102990234 0.9999759388078671 0.0035341027730145637
vn 0.02044917216488506 0.9997908938161876 0
vn 0.006883820921710276 0.9999763062188309 -0.0000032343027350888177
vn 0.018633741117038385 0.9997642095454169 -0.011149394782282844
vn 0.005953818138047196 0.9999757948256194 -0.0036002517203353413
vn 0.011253434540287023 0.9997326179624193 -0.020200316657292078
vn 0.0034315986967860435 0.9999748037565257 -0.006214175929448152
vn 0 0.9996939991340487 -0.024736776171780762
vn -0.00002829236086732632 0.9999742592401357 -0.007174960395994625
vn -0.011934444403486382 0.9996992721123918 -0.021422753668332385
vn -0.003464920461902488 0.9999746486740445 -0.006220637862330984
vn -0.02065862591510229 0.999710171757275 -0.012360973276395024
vn -0.005943241846627509 0.9999756693433968 -0.003652204482016577
vn -0.020607125296460766 0.9997876506473842 0
vn -0.00688494075311444 0.9999762984650489 -0.000009948143981831808
vn -0.01761490497878561 0.9997892918824098 0.010539779877122986
vn -0.005960686033324834 0.9999758807697509 0.003564842320970173
vn -0.010191492540888629 0.9997807057780301 0.018294092865548384
vn -0.0034388555262210778 0.9999750007065425 0.006178368281362938
vn 0 0.9997768603295126 0.021124146128596775
vn -0.000009724778497995893 0.9999745768406637 0.0071306085129274315
usemtl none
f 611/2153/573 609/2154/573 607/2155/573
f 609/2156/574 611/2157/574 612/2158/574 610/2159/574
f 613/2160/575 611/2161/575 607/2162/575
f 611/2163/576 613/2164/576 614/2165/576 612/2166/576
f 615/2167/577 613/2168/577 607/2169/577
f 613/2170/578 615/2171/578 616/2172/578 614/2173/578
f 617/2174/579 615/2175/579 607/2176/579
f 615/2177/580 617/2178/580 618/2179/580 616/2180/580
f 619/2181/581 617/2182/581 607/2183/581
f 617/2184/582 619/2185/582 620/2186/582 618/2187/582
f 621/2188/583 619/2189/583 607/2190/583
f 619/2191/584 621/2192/584 622/2193/584 620/2194/584
f 623/2195/585 621/2196/585 607/2197/585
f 621/2198/586 623/2199/586 624/2200/586 622/2201/586
f 625/2202/587 623/2203/587 607/2204/587
f 623/2205/588 625/2206/588 626/2207/588 624/2208/588
f 627/2209/589 625/2210/589 607/2211/589
f 625/2212/590 627/2213/590 628/2214/590 626/2215/590
f 629/2216/591 627/2217/591 607/2218/591
f 627/2219/592 629/2220/592 630/2221/592 628/2222/592
f 631/2223/593 629/2224/593 607/2225/593
f 629/2226/594 631/2227/594 632/2228/594 630/2229/594
f 609/2230/595 631/2231/595 607/2232/595
f 631/2233/596 609/2234/596 610/2235/596 632/2236/596
f 633/2237/597 610/2238/597 612/2239/597 634/2240/597
f 634/2241/598 608/2242/598 633/2243/598
f 612/2244/599 614/2245/599 635/2246/599 634/2247/599
f 635/2248/600 608/2249/600 634/2250/600
f 614/2251/601 616/2252/601 636/2253/601 635/2254/601
f 636/2255/602 608/2256/602 635/2257/602
f 616/2258/603 618/2259/603 637/2260/603 636/2261/603
f 637/2262/604 608/2263/604 636/2264/604
f 618/2265/605 620/2266/605 638/2267/605 637/2268/605
f 638/2269/606 608/2270/606 637/2271/606
f 620/2272/607 622/2273/607 639/2274/607 638/2275/607
f 639/2276/608 608/2277/608 638/2278/608
f 639/2279/609 622/2280/609 624/2281/609 640/2282/609
f 640/2283/610 608/2284/610 639/2285/610
f 640/2286/611 624/2287/611 626/2288/611 641/2289/611
f 641/2290/612 608/2291/612 640/2292/612
f 641/2293/613 626/2294/613 628/2295/613 642/2296/613
f 642/2297/614 608/2298/614 641/2299/614
f 642/2300/615 628/2301/615 630/2302/615 643/2303/615
f 643/2304/616 608/2305/616 642/2306/616
f 630/2307/617 632/2308/617 644/2309/617 643/2310/617
f 644/2311/618 608/2312/618 643/2313/618
f 644/2314/619 632/2315/619 610/2316/619 633/2317/619
f 633/2318/620 608/2319/620 644/2320/620
o mesh
v -0.5875 2.09375 1.1874999999999998
v -0.5875 2.09375 0.7374999999999998
v -0.5875 2.0437499999999997 1.1874999999999998
v -0.5875 2.0437499999999997 0.7374999999999998
v -1.0375 2.09375 1.1874999999999998
v -1.0375 2.09375 0.7374999999999998
v -1.0375 2.0437499999999997 1.1874999999999998
v -1.0375 2.0437499999999997 0.7374999999999998
vt 0.25 1
vt 0 1
vt 0 0.875
vt 0.25 0.875
vt 0.25 0.875
vt 0.25 1
vt 0 1
vt 0 0.875
vt 0 0.75
vt 0.25 0.75
vt 0.25 1
vt 0 1
vt 0.25 0.75
vt 0.25 1
vt 0 1
vt 0 0.75
vt 0.25 0.875
vt 0.25 1
vt 0 1
vt 0 0.875
vt 0.25 1
vt 0 1
vt 0 0.875
vt 0.25 0.875
vn 1 0 0
vn -1 0 0
vn 0 1 0
vn 0 -1 0
vn 0 0 1
vn 0 0 -1
usemtl none
f 646/2321/621 645/2322/621 647/2323/621 648/2324/621
f 651/2325/622 649/2326/622 650/2327/622 652/2328/622
f 649/2329/623 645/2330/623 646/2331/623 650/2332/623
f 648/2333/624 647/2334/624 651/2335/624 652/2336/624
f 647/2337/625 645/2338/625 649/2339/625 651/2340/625
f 650/2341/626 646/2342/626 648/2343/626 652/2344/626
o mesh
v -0.640625 2.2312499999999997 1.1406249999999998
v -0.640625 2.2312499999999997 0.7843749999999998
v -0.640625 2.09375 1.1406249999999998
v -0.640625 2.09375 0.7843749999999998
v -0.984375 2.2312499999999997 1.1406249999999998
v -0.984375 2.2312499999999997 0.7843749999999998
v -0.984375 2.09375 1.1406249999999998
v -0.984375 2.09375 0.7843749999999998
vt 0.25 1
vt 0 1
vt 0 0.875
vt 0.25 0.875
vt 0.25 0.875
vt 0.25 1
vt 0 1
vt 0 0.875
vt 0 0.75
vt 0.25 0.75
vt 0.25 1
vt 0 1
vt 0.25 0.75
vt 0.25 1
vt 0 1
vt 0 0.75
vt 0.25 0.875
vt 0.25 1
vt 0 1
vt 0 0.875
vt 0.25 1
vt 0 1
vt 0 0.875
vt 0.25 0.875
vn 1 0 0
vn -1 0 0
vn 0 1 0
vn 0 -1 0
vn 0 0 1
vn 0 0 -1
usemtl none
f 654/2345/627 653/2346/627 655/2347/627 656/2348/627
f 659/2349/628 657/2350/628 658/2351/628 660/2352/628
f 657/2353/629 653/2354/629 654/2355/629 658/2356/629
f 656/2357/630 655/2358/630 659/2359/630 660/2360/630
f 655/2361/631 653/2362/631 657/2363/631 659/2364/631
f 658/2365/632 654/2366/632 656/2367/632 660/2368/632
o mesh
v -0.628125 2.25 1.1593749999999998
v -0.628125 2.25 0.7656249999999998
v -0.628125 2.225 1.1593749999999998
v -0.628125 2.225 0.7656249999999998
v -0.996875 2.25 1.1593749999999998
v -0.996875 2.25 0.7656249999999998
v -0.996875 2.225 1.1593749999999998
v -0.996875 2.225 0.7656249999999998
v -0.657729375 2.25 1.1239524999999997
v -0.65533375 2.25 0.8002681249999998
v -0.96588375 2.25 0.7980212499999998
v -0.967720625 2.25 1.1235037499999998
v -0.655340625 2.225 1.1217656249999999
v -0.656503125 2.225 0.7985137499999998
v -0.9672587500000001 2.225 0.7979537499999998
v -0.967044375 2.225 1.1217287499999997
vt 0.25 1
vt 0 1
vt 0 0.875
vt 0.25 0.875
vt 0.25 0.875
vt 0.25 1
vt 0 1
vt 0 0.875
vt 0.25 0.75
vt 0.25 1
vt 0 1
vt 0 0.75
vt 0.25 0.875
vt 0.25 1
vt 0 1
vt 0 0.875
vt 0.25 1
vt 0 1
vt 0 0.875
vt 0.25 0.875
vt 0 0.75
vt 0.25 0.75
vt 0.22992921875 0.772490625
vt 0.01976578125 0.772775625
vt 0.22992921875 0.772490625
vt 0.25 0.75
vt 0.25 1
vt 0.23155328125 0.978004375
vt 0.25 1
vt 0 1
vt 0.02101125 0.9794309375
vt 0.23155328125 0.978004375
vt 0 1
vt 0 0.75
vt 0.01976578125 0.772775625
vt 0.02101125 0.9794309375
vt 0.2230740625 0.7818153125
vt 0.22992921875 0.772490625
vt 0.23155328125 0.978004375
vt 0.22228609375 0.971181875
vt 0.22228609375 0.971181875
vt 0.23155328125 0.978004375
vt 0.02101125 0.9794309375
vt 0.02855359375 0.9715371875
vt 0.02101125 0.9794309375
vt 0.01976578125 0.772775625
vt 0.02869875 0.7818390625
vt 0.02855359375 0.9715371875
vt 0.02869875 0.7818390625
vt 0.01976578125 0.772775625
vt 0.22992921875 0.772490625
vt 0.2230740625 0.7818153125
vt 0.02869875 0.7818390625
vt 0.2230740625 0.7818153125
vt 0.22228609375 0.971181875
vt 0.02855359375 0.9715371875
vn 1 0 0
vn -1 0 0
vn 0 -1 0
vn 0 0 1
vn 0 0 -1
vn 0 1 0
vn 0 1 0
vn 0 1 0
vn 0 1 0
vn -0.99549992055672 -0.09447551835856478 -0.00736780852391687
vn -0.007217380169468961 -0.0696650802491536 0.9975443278458199
vn 0.9996291887384191 0.02663942647090527 0.005641451893923241
vn 0.0014439810117076201 0.0708605081420354 -0.9974851895164611
vn 0 1 0
usemtl none
f 662/2369/633 661/2370/633 663/2371/633 664/2372/633
f 667/2373/634 665/2374/634 666/2375/634 668/2376/634
f 664/2377/635 663/2378/635 667/2379/635 668/2380/635
f 663/2381/636 661/2382/636 665/2383/636 667/2384/636
f 666/2385/637 662/2386/637 664/2387/637 668/2388/637
f 665/2389/638 661/2390/638 669/2391/638 672/2392/638
f 669/2393/639 661/2394/639 662/2395/639 670/2396/639
f 662/2397/640 666/2398/640 671/2399/640 670/2400/640
f 666/2401/641 665/2402/641 672/2403/641 671/2404/641
f 673/2405/642 669/2406/642 670/2407/642 674/2408/642
f 674/2409/643 670/2410/643 671/2411/643 675/2412/643
f 671/2413/644 672/2414/644 676/2415/644 675/2416/644
f 676/2417/645 672/2418/645 669/2419/645 673/2420/645
f 676/2421/646 673/2422/646 674/2423/646 675/2424/646
o cube
v -0.375 0.13125 1.481250000000001
v -0.375 0.13125 1.356250000000001
v -0.375 0.012500000000000011 1.481250000000001
v -0.375 0.012500000000000011 1.356250000000001
v -0.5 0.13125 1.356250000000001
v -0.5 0.13125 1.481250000000001
v -0.5 0.012500000000000011 1.356250000000001
v -0.5 0.012500000000000011 1.481250000000001
vt 0 0.9703125
vt 0.03125 0.9703125
vt 0.03125 0.940625
vt 0 0.940625
vt 0.0625 0.9703125
vt 0.09375 0.9703125
vt 0.09375 0.940625
vt 0.0625 0.940625
vt 0.359375 0.9703125
vt 0.390625 0.9703125
vt 0.390625 0.940625
vt 0.359375 0.940625
vt 0.265625 0.9703125
vt 0.296875 0.9703125
vt 0.296875 0.940625
vt 0.265625 0.940625
vt 0.359375 0.734375
vt 0.390625 0.734375
vt 0.390625 0.703125
vt 0.359375 0.703125
vt 0.359375 0.9375
vt 0.390625 0.9375
vt 0.390625 0.90625
vt 0.359375 0.90625
vn 0 0 -1
vn 1 0 0
vn 0 0 1
vn -1 0 0
vn 0 1 0
vn 0 -1 0
usemtl none
f 680/2428/647 683/2427/647 681/2426/647 678/2425/647
f 679/2432/648 680/2431/648 678/2430/648 677/2429/648
f 684/2436/649 679/2435/649 677/2434/649 682/2433/649
f 683/2440/650 684/2439/650 682/2438/650 681/2437/650
f 682/2444/651 677/2443/651 678/2442/651 681/2441/651
f 683/2448/652 680/2447/652 679/2446/652 684/2445/652
o cube
v -0.15625 0.13125 1.025
v -0.15625 0.13125 0.8999999999999999
v -0.15625 0.012500000000000011 1.025
v -0.15625 0.012500000000000011 0.8999999999999999
v -0.28125 0.13125 0.8999999999999999
v -0.28125 0.13125 1.025
v -0.28125 0.012500000000000011 0.8999999999999999
v -0.28125 0.012500000000000011 1.025
vt 0 0.9703125
vt 0.03125 0.9703125
vt 0.03125 0.940625
vt 0 0.940625
vt 0.0625 0.9703125
vt 0.09375 0.9703125
vt 0.09375 0.940625
vt 0.0625 0.940625
vt 0.359375 0.9703125
vt 0.390625 0.9703125
vt 0.390625 0.940625
vt 0.359375 0.940625
vt 0.265625 0.9703125
vt 0.296875 0.9703125
vt 0.296875 0.940625
vt 0.265625 0.940625
vt 0.359375 0.734375
vt 0.390625 0.734375
vt 0.390625 0.703125
vt 0.359375 0.703125
vt 0.359375 0.9375
vt 0.390625 0.9375
vt 0.390625 0.90625
vt 0.359375 0.90625
vn 0 0 -1
vn 1 0 0
vn 0 0 1
vn -1 0 0
vn 0 1 0
vn 0 -1 0
usemtl none
f 688/2452/653 691/2451/653 689/2450/653 686/2449/653
f 687/2456/654 688/2455/654 686/2454/654 685/2453/654
f 692/2460/655 687/2459/655 685/2458/655 690/2457/655
f 691/2464/656 692/2463/656 690/2462/656 689/2461/656
f 690/2468/657 685/2467/657 686/2466/657 689/2465/657
f 691/2472/658 688/2471/658 687/2470/658 692/2469/658
o cube
v -1.34375 0.13125 0.86875
v -1.34375 0.13125 0.74375
v -1.34375 0.012500000000000011 0.86875
v -1.34375 0.012500000000000011 0.74375
v -1.46875 0.13125 0.74375
v -1.46875 0.13125 0.86875
v -1.46875 0.012500000000000011 0.74375
v -1.46875 0.012500000000000011 0.86875
vt 0 0.9703125
vt 0.03125 0.9703125
vt 0.03125 0.940625
vt 0 0.940625
vt 0.0625 0.9703125
vt 0.09375 0.9703125
vt 0.09375 0.940625
vt 0.0625 0.940625
vt 0.359375 0.9703125
vt 0.390625 0.9703125
vt 0.390625 0.940625
vt 0.359375 0.940625
vt 0.265625 0.9703125
vt 0.296875 0.9703125
vt 0.296875 0.940625
vt 0.265625 0.940625
vt 0.359375 0.734375
vt 0.390625 0.734375
vt 0.390625 0.703125
vt 0.359375 0.703125
vt 0.359375 0.9375
vt 0.390625 0.9375
vt 0.390625 0.90625
vt 0.359375 0.90625
vn 0 0 -1
vn 1 0 0
vn 0 0 1
vn -1 0 0
vn 0 1 0
vn 0 -1 0
usemtl none
f 696/2476/659 699/2475/659 697/2474/659 694/2473/659
f 695/2480/660 696/2479/660 694/2478/660 693/2477/660
f 700/2484/661 695/2483/661 693/2482/661 698/2481/661
f 699/2488/662 700/2487/662 698/2486/662 697/2485/662
f 698/2492/663 693/2491/663 694/2490/663 697/2489/663
f 699/2496/664 696/2495/664 695/2494/664 700/2493/664
o cube
v -0.75 0.13125 1.6125000000000012
v -0.75 0.13125 1.4875000000000012
v -0.75 0.012500000000000011 1.6125000000000012
v -0.75 0.012500000000000011 1.4875000000000012
v -0.875 0.13125 1.4875000000000012
v -0.875 0.13125 1.6125000000000012
v -0.875 0.012500000000000011 1.4875000000000012
v -0.875 0.012500000000000011 1.6125000000000012
vt 0 0.9703125
vt 0.03125 0.9703125
vt 0.03125 0.940625
vt 0 0.940625
vt 0.0625 0.9703125
vt 0.09375 0.9703125
vt 0.09375 0.940625
vt 0.0625 0.940625
vt 0.359375 0.9703125
vt 0.390625 0.9703125
vt 0.390625 0.940625
vt 0.359375 0.940625
vt 0.265625 0.9703125
vt 0.296875 0.9703125
vt 0.296875 0.940625
vt 0.265625 0.940625
vt 0.359375 0.734375
vt 0.390625 0.734375
vt 0.390625 0.703125
vt 0.359375 0.703125
vt 0.359375 0.9375
vt 0.390625 0.9375
vt 0.390625 0.90625
vt 0.359375 0.90625
vn 0 0 -1
vn 1 0 0
vn 0 0 1
vn -1 0 0
vn 0 1 0
vn 0 -1 0
usemtl none
f 704/2500/665 707/2499/665 705/2498/665 702/2497/665
f 703/2504/666 704/2503/666 702/2502/666 701/2501/666
f 708/2508/667 703/2507/667 701/2506/667 706/2505/667
f 707/2512/668 708/2511/668 706/2510/668 705/2509/668
f 706/2516/669 701/2515/669 702/2514/669 705/2513/669
f 707/2520/670 704/2519/670 703/2518/670 708/2517/670
o cube
v -0.75 0.13125 0.4312499999999998
v -0.75 0.13125 0.3062499999999998
v -0.75 0.012500000000000011 0.4312499999999998
v -0.75 0.012500000000000011 0.3062499999999998
v -0.875 0.13125 0.3062499999999998
v -0.875 0.13125 0.4312499999999998
v -0.875 0.012500000000000011 0.3062499999999998
v -0.875 0.012500000000000011 0.4312499999999998
vt 0 0.9703125
vt 0.03125 0.9703125
vt 0.03125 0.940625
vt 0 0.940625
vt 0.0625 0.9703125
vt 0.09375 0.9703125
vt 0.09375 0.940625
vt 0.0625 0.940625
vt 0.359375 0.9703125
vt 0.390625 0.9703125
vt 0.390625 0.940625
vt 0.359375 0.940625
vt 0.265625 0.9703125
vt 0.296875 0.9703125
vt 0.296875 0.940625
vt 0.265625 0.940625
vt 0.359375 0.734375
vt 0.390625 0.734375
vt 0.390625 0.703125
vt 0.359375 0.703125
vt 0.359375 0.9375
vt 0.390625 0.9375
vt 0.390625 0.90625
vt 0.359375 0.90625
vn 0 0 -1
vn 1 0 0
vn 0 0 1
vn -1 0 0
vn 0 1 0
vn 0 -1 0
usemtl none
f 712/2524/671 715/2523/671 713/2522/671 710/2521/671
f 711/2528/672 712/2527/672 710/2526/672 709/2525/672
f 716/2532/673 711/2531/673 709/2530/673 714/2529/673
f 715/2536/674 716/2535/674 714/2534/674 713/2533/674
f 714/2540/675 709/2539/675 710/2538/675 713/2537/675
f 715/2544/676 712/2543/676 711/2542/676 716/2541/676
o cube
v -0.74375 0.012499999999999997 0.4374999999999998
v -0.74375 0.012499999999999997 0.2999999999999998
v -0.74375 0 0.4374999999999998
v -0.74375 0 0.2999999999999998
v -0.88125 0.012499999999999997 0.2999999999999998
v -0.88125 0.012499999999999997 0.4374999999999998
v -0.88125 0 0.2999999999999998
v -0.88125 0 0.4374999999999998
vt 0 0.940625
vt 0.034375 0.940625
vt 0.034375 0.9375
vt 0 0.9375
vt 0.0609375 0.940625
vt 0.0953125 0.940625
vt 0.0953125 0.9375
vt 0.0609375 0.9375
vt 0.3578125 0.940625
vt 0.3921875 0.940625
vt 0.3921875 0.9375
vt 0.3578125 0.9375
vt 0.2640625 0.940625
vt 0.2984375 0.940625
vt 0.2984375 0.9375
vt 0.2640625 0.9375
vt 0.3578125 0.7359375
vt 0.3921875 0.7359375
vt 0.3921875 0.7015625
vt 0.3578125 0.7015625
vt 0.3578125 0.9390625
vt 0.3921875 0.9390625
vt 0.3921875 0.9046875
vt 0.3578125 0.9046875
vn 0 0 -1
vn 1 0 0
vn 0 0 1
vn -1 0 0
vn 0 1 0
vn 0 -1 0
usemtl none
f 720/2548/677 723/2547/677 721/2546/677 718/2545/677
f 719/2552/678 720/2551/678 718/2550/678 717/2549/678
f 724/2556/679 719/2555/679 717/2554/679 722/2553/679
f 723/2560/680 724/2559/680 722/2558/680 721/2557/680
f 722/2564/681 717/2563/681 718/2562/681 721/2561/681
f 723/2568/682 720/2567/682 719/2566/682 724/2565/682
o cube
v -1.1687499999999997 0.012499999999999997 0.6375
v -1.1687499999999997 0.012499999999999997 0.4999999999999998
v -1.1687499999999997 0 0.6375
v -1.1687499999999997 0 0.4999999999999998
v -1.30625 0.012499999999999997 0.4999999999999998
v -1.30625 0.012499999999999997 0.6375
v -1.30625 0 0.4999999999999998
v -1.30625 0 0.6375
vt 0 0.940625
vt 0.034375 0.940625
vt 0.034375 0.9375
vt 0 0.9375
vt 0.0609375 0.940625
vt 0.0953125 0.940625
vt 0.0953125 0.9375
vt 0.0609375 0.9375
vt 0.3578125 0.940625
vt 0.3921875 0.940625
vt 0.3921875 0.9375
vt 0.3578125 0.9375
vt 0.2640625 0.940625
vt 0.2984375 0.940625
vt 0.2984375 0.9375
vt 0.2640625 0.9375
vt 0.3578125 0.7359375
vt 0.3921875 0.7359375
vt 0.3921875 0.7015625
vt 0.3578125 0.7015625
vt 0.3578125 0.9390625
vt 0.3921875 0.9390625
vt 0.3921875 0.9046875
vt 0.3578125 0.9046875
vn 0 0 -1
vn 1 0 0
vn 0 0 1
vn -1 0 0
vn 0 1 0
vn 0 -1 0
usemtl none
f 728/2572/683 731/2571/683 729/2570/683 726/2569/683
f 727/2576/684 728/2575/684 726/2574/684 725/2573/684
f 732/2580/685 727/2579/685 725/2578/685 730/2577/685
f 731/2584/686 732/2583/686 730/2582/686 729/2581/686
f 730/2588/687 725/2587/687 726/2586/687 729/2585/687
f 731/2592/688 728/2591/688 727/2590/688 732/2589/688
o cube
v -1.3375 0.012499999999999997 0.875
v -1.3375 0.012499999999999997 0.7375
v -1.3375 0 0.875
v -1.3375 0 0.7375
v -1.475 0.012499999999999997 0.7375
v -1.475 0.012499999999999997 0.875
v -1.475 0 0.7375
v -1.475 0 0.875
vt 0 0.940625
vt 0.034375 0.940625
vt 0.034375 0.9375
vt 0 0.9375
vt 0.0609375 0.940625
vt 0.0953125 0.940625
vt 0.0953125 0.9375
vt 0.0609375 0.9375
vt 0.3578125 0.940625
vt 0.3921875 0.940625
vt 0.3921875 0.9375
vt 0.3578125 0.9375
vt 0.2640625 0.940625
vt 0.2984375 0.940625
vt 0.2984375 0.9375
vt 0.2640625 0.9375
vt 0.3578125 0.7359375
vt 0.3921875 0.7359375
vt 0.3921875 0.7015625
vt 0.3578125 0.7015625
vt 0.3578125 0.9390625
vt 0.3921875 0.9390625
vt 0.3921875 0.9046875
vt 0.3578125 0.9046875
vn 0 0 -1
vn 1 0 0
vn 0 0 1
vn -1 0 0
vn 0 1 0
vn 0 -1 0
usemtl none
f 736/2596/689 739/2595/689 737/2594/689 734/2593/689
f 735/2600/690 736/2599/690 734/2598/690 733/2597/690
f 740/2604/691 735/2603/691 733/2602/691 738/2601/691
f 739/2608/692 740/2607/692 738/2606/692 737/2605/692
f 738/2612/693 733/2611/693 734/2610/693 737/2609/693
f 739/2616/694 736/2615/694 735/2614/694 740/2613/694
o cube
v -1.1687499999999997 0.012499999999999997 1.475000000000001
v -1.1687499999999997 0.012499999999999997 1.3375000000000008
v -1.1687499999999997 0 1.475000000000001
v -1.1687499999999997 0 1.3375000000000008
v -1.30625 0.012499999999999997 1.3375000000000008
v -1.30625 0.012499999999999997 1.475000000000001
v -1.30625 0 1.3375000000000008
v -1.30625 0 1.475000000000001
vt 0 0.940625
vt 0.034375 0.940625
vt 0.034375 0.9375
vt 0 0.9375
vt 0.0609375 0.940625
vt 0.0953125 0.940625
vt 0.0953125 0.9375
vt 0.0609375 0.9375
vt 0.3578125 0.940625
vt 0.3921875 0.940625
vt 0.3921875 0.9375
vt 0.3578125 0.9375
vt 0.2640625 0.940625
vt 0.2984375 0.940625
vt 0.2984375 0.9375
vt 0.2640625 0.9375
vt 0.3578125 0.7359375
vt 0.3921875 0.7359375
vt 0.3921875 0.7015625
vt 0.3578125 0.7015625
vt 0.3578125 0.9390625
vt 0.3921875 0.9390625
vt 0.3921875 0.9046875
vt 0.3578125 0.9046875
vn 0 0 -1
vn 1 0 0
vn 0 0 1
vn -1 0 0
vn 0 1 0
vn 0 -1 0
usemtl none
f 744/2620/695 747/2619/695 745/2618/695 742/2617/695
f 743/2624/696 744/2623/696 742/2622/696 741/2621/696
f 748/2628/697 743/2627/697 741/2626/697 746/2625/697
f 747/2632/698 748/2631/698 746/2630/698 745/2629/698
f 746/2636/699 741/2635/699 742/2634/699 745/2633/699
f 747/2640/700 744/2639/700 743/2638/700 748/2637/700
o cube
v -0.74375 0.012499999999999997 1.6187500000000008
v -0.74375 0.012499999999999997 1.481250000000001
v -0.74375 0 1.6187500000000008
v -0.74375 0 1.481250000000001
v -0.88125 0.012499999999999997 1.481250000000001
v -0.88125 0.012499999999999997 1.6187500000000008
v -0.88125 0 1.481250000000001
v -0.88125 0 1.6187500000000008
vt 0 0.940625
vt 0.034375 0.940625
vt 0.034375 0.9375
vt 0 0.9375
vt 0.0609375 0.940625
vt 0.0953125 0.940625
vt 0.0953125 0.9375
vt 0.0609375 0.9375
vt 0.3578125 0.940625
vt 0.3921875 0.940625
vt 0.3921875 0.9375
vt 0.3578125 0.9375
vt 0.2640625 0.940625
vt 0.2984375 0.940625
vt 0.2984375 0.9375
vt 0.2640625 0.9375
vt 0.3578125 0.7359375
vt 0.3921875 0.7359375
vt 0.3921875 0.7015625
vt 0.3578125 0.7015625
vt 0.3578125 0.9390625
vt 0.3921875 0.9390625
vt 0.3921875 0.9046875
vt 0.3578125 0.9046875
vn 0 0 -1
vn 1 0 0
vn 0 0 1
vn -1 0 0
vn 0 1 0
vn 0 -1 0
usemtl none
f 752/2644/701 755/2643/701 753/2642/701 750/2641/701
f 751/2648/702 752/2647/702 750/2646/702 749/2645/702
f 756/2652/703 751/2651/703 749/2650/703 754/2649/703
f 755/2656/704 756/2655/704 754/2654/704 753/2653/704
f 754/2660/705 749/2659/705 750/2658/705 753/2657/705
f 755/2664/706 752/2663/706 751/2662/706 756/2661/706
o cube
v -0.36875 0.012499999999999997 1.4875000000000012
v -0.36875 0.012499999999999997 1.350000000000001
v -0.36875 0 1.4875000000000012
v -0.36875 0 1.350000000000001
v -0.50625 0.012499999999999997 1.350000000000001
v -0.50625 0.012499999999999997 1.4875000000000012
v -0.50625 0 1.350000000000001
v -0.50625 0 1.4875000000000012
vt 0 0.940625
vt 0.034375 0.940625
vt 0.034375 0.9375
vt 0 0.9375
vt 0.0609375 0.940625
vt 0.0953125 0.940625
vt 0.0953125 0.9375
vt 0.0609375 0.9375
vt 0.3578125 0.940625
vt 0.3921875 0.940625
vt 0.3921875 0.9375
vt 0.3578125 0.9375
vt 0.2640625 0.940625
vt 0.2984375 0.940625
vt 0.2984375 0.9375
vt 0.2640625 0.9375
vt 0.3578125 0.7359375
vt 0.3921875 0.7359375
vt 0.3921875 0.7015625
vt 0.3578125 0.7015625
vt 0.3578125 0.9390625
vt 0.3921875 0.9390625
vt 0.3921875 0.9046875
vt 0.3578125 0.9046875
vn 0 0 -1
vn 1 0 0
vn 0 0 1
vn -1 0 0
vn 0 1 0
vn 0 -1 0
usemtl none
f 760/2668/707 763/2667/707 761/2666/707 758/2665/707
f 759/2672/708 760/2671/708 758/2670/708 757/2669/708
f 764/2676/709 759/2675/709 757/2674/709 762/2673/709
f 763/2680/710 764/2679/710 762/2678/710 761/2677/710
f 762/2684/711 757/2683/711 758/2682/711 761/2681/711
f 763/2688/712 760/2687/712 759/2686/712 764/2685/712
o cube
v -0.15000000000000002 0.012499999999999997 1.03125
v -0.15000000000000002 0.012499999999999997 0.8937499999999998
v -0.15000000000000002 0 1.03125
v -0.15000000000000002 0 0.8937499999999998
v -0.2875 0.012499999999999997 0.8937499999999998
v -0.2875 0.012499999999999997 1.03125
v -0.2875 0 0.8937499999999998
v -0.2875 0 1.03125
vt 0 0.940625
vt 0.034375 0.940625
vt 0.034375 0.9375
vt 0 0.9375
vt 0.0609375 0.940625
vt 0.0953125 0.940625
vt 0.0953125 0.9375
vt 0.0609375 0.9375
vt 0.3578125 0.940625
vt 0.3921875 0.940625
vt 0.3921875 0.9375
vt 0.3578125 0.9375
vt 0.2640625 0.940625
vt 0.2984375 0.940625
vt 0.2984375 0.9375
vt 0.2640625 0.9375
vt 0.3578125 0.7359375
vt 0.3921875 0.7359375
vt 0.3921875 0.7015625
vt 0.3578125 0.7015625
vt 0.3578125 0.9390625
vt 0.3921875 0.9390625
vt 0.3921875 0.9046875
vt 0.3578125 0.9046875
vn 0 0 -1
vn 1 0 0
vn 0 0 1
vn -1 0 0
vn 0 1 0
vn 0 -1 0
usemtl none
f 768/2692/713 771/2691/713 769/2690/713 766/2689/713
f 767/2696/714 768/2695/714 766/2694/714 765/2693/714
f 772/2700/715 767/2699/715 765/2698/715 770/2697/715
f 771/2704/716 772/2703/716 770/2702/716 769/2701/716
f 770/2708/717 765/2707/717 766/2706/717 769/2705/717
f 771/2712/718 768/2711/718 767/2710/718 772/2709/718
o cube
v -0.36875 0.012499999999999997 0.5749999999999997
v -0.36875 0.012499999999999997 0.4374999999999998
v -0.36875 0 0.5749999999999997
v -0.36875 0 0.4374999999999998
v -0.50625 0.012499999999999997 0.4374999999999998
v -0.50625 0.012499999999999997 0.5749999999999997
v -0.50625 0 0.4374999999999998
v -0.50625 0 0.5749999999999997
vt 0 0.940625
vt 0.034375 0.940625
vt 0.034375 0.9375
vt 0 0.9375
vt 0.0609375 0.940625
vt 0.0953125 0.940625
vt 0.0953125 0.9375
vt 0.0609375 0.9375
vt 0.3578125 0.940625
vt 0.3921875 0.940625
vt 0.3921875 0.9375
vt 0.3578125 0.9375
vt 0.2640625 0.940625
vt 0.2984375 0.940625
vt 0.2984375 0.9375
vt 0.2640625 0.9375
vt 0.3578125 0.7359375
vt 0.3921875 0.7359375
vt 0.3921875 0.7015625
vt 0.3578125 0.7015625
vt 0.3578125 0.9390625
vt 0.3921875 0.9390625
vt 0.3921875 0.9046875
vt 0.3578125 0.9046875
vn 0 0 -1
vn 1 0 0
vn 0 0 1
vn -1 0 0
vn 0 1 0
vn 0 -1 0
usemtl none
f 776/2716/719 779/2715/719 777/2714/719 774/2713/719
f 775/2720/720 776/2719/720 774/2718/720 773/2717/720
f 780/2724/721 775/2723/721 773/2722/721 778/2721/721
f 779/2728/722 780/2727/722 778/2726/722 777/2725/722
f 778/2732/723 773/2731/723 774/2730/723 777/2729/723
f 779/2736/724 776/2735/724 775/2734/724 780/2733/724
o cube
v -0.375 0.13125 0.5687499999999998
v -0.375 0.13125 0.44374999999999976
v -0.375 0.012500000000000011 0.5687499999999998
v -0.375 0.012500000000000011 0.44374999999999976
v -0.5 0.13125 0.44374999999999976
v -0.5 0.13125 0.5687499999999998
v -0.5 0.012500000000000011 0.44374999999999976
v -0.5 0.012500000000000011 0.5687499999999998
vt 0 0.9703125
vt 0.03125 0.9703125
vt 0.03125 0.940625
vt 0 0.940625
vt 0.0625 0.9703125
vt 0.09375 0.9703125
vt 0.09375 0.940625
vt 0.0625 0.940625
vt 0.359375 0.9703125
vt 0.390625 0.9703125
vt 0.390625 0.940625
vt 0.359375 0.940625
vt 0.265625 0.9703125
vt 0.296875 0.9703125
vt 0.296875 0.940625
vt 0.265625 0.940625
vt 0.359375 0.734375
vt 0.390625 0.734375
vt 0.390625 0.703125
vt 0.359375 0.703125
vt 0.359375 0.9375
vt 0.390625 0.9375
vt 0.390625 0.90625
vt 0.359375 0.90625
vn 0 0 -1
vn 1 0 0
vn 0 0 1
vn -1 0 0
vn 0 1 0
vn 0 -1 0
usemtl none
f 784/2740/725 787/2739/725 785/2738/725 782/2737/725
f 783/2744/726 784/2743/726 782/2742/726 781/2741/726
f 788/2748/727 783/2747/727 781/2746/727 786/2745/727
f 787/2752/728 788/2751/728 786/2750/728 785/2749/728
f 786/2756/729 781/2755/729 782/2754/729 785/2753/729
f 787/2760/730 784/2759/730 783/2758/730 788/2757/730
o cube
v -1.175 0.13125 0.6312499999999998
v -1.175 0.13125 0.5062499999999998
v -1.175 0.012500000000000011 0.6312499999999998
v -1.175 0.012500000000000011 0.5062499999999998
v -1.3 0.13125 0.5062499999999998
v -1.3 0.13125 0.6312499999999998
v -1.3 0.012500000000000011 0.5062499999999998
v -1.3 0.012500000000000011 0.6312499999999998
vt 0 0.9703125
vt 0.03125 0.9703125
vt 0.03125 0.940625
vt 0 0.940625
vt 0.0625 0.9703125
vt 0.09375 0.9703125
vt 0.09375 0.940625
vt 0.0625 0.940625
vt 0.359375 0.9703125
vt 0.390625 0.9703125
vt 0.390625 0.940625
vt 0.359375 0.940625
vt 0.265625 0.9703125
vt 0.296875 0.9703125
vt 0.296875 0.940625
vt 0.265625 0.940625
vt 0.359375 0.734375
vt 0.390625 0.734375
vt 0.390625 0.703125
vt 0.359375 0.703125
vt 0.359375 0.9375
vt 0.390625 0.9375
vt 0.390625 0.90625
vt 0.359375 0.90625
vn 0 0 -1
vn 1 0 0
vn 0 0 1
vn -1 0 0
vn 0 1 0
vn 0 -1 0
usemtl none
f 792/2764/731 795/2763/731 793/2762/731 790/2761/731
f 791/2768/732 792/2767/732 790/2766/732 789/2765/732
f 796/2772/733 791/2771/733 789/2770/733 794/2769/733
f 795/2776/734 796/2775/734 794/2774/734 793/2773/734
f 794/2780/735 789/2779/735 790/2778/735 793/2777/735
f 795/2784/736 792/2783/736 791/2782/736 796/2781/736
o cube
v -1.175 0.13125 1.4687500000000009
v -1.175 0.13125 1.3437500000000009
v -1.175 0.012500000000000011 1.4687500000000009
v -1.175 0.012500000000000011 1.3437500000000009
v -1.3 0.13125 1.3437500000000009
v -1.3 0.13125 1.4687500000000009
v -1.3 0.012500000000000011 1.3437500000000009
v -1.3 0.012500000000000011 1.4687500000000009
vt 0 0.9703125
vt 0.03125 0.9703125
vt 0.03125 0.940625
vt 0 0.940625
vt 0.065625 0.9703125
vt 0.096875 0.9703125
vt 0.096875 0.940625
vt 0.065625 0.940625
vt 0.3609375 0.9703125
vt 0.3921875 0.9703125
vt 0.3921875 0.940625
vt 0.3609375 0.940625
vt 0.2625 0.9703125
vt 0.29375 0.9703125
vt 0.29375 0.940625
vt 0.2625 0.940625
vt 0.3609375 0.7375
vt 0.3921875 0.7375
vt 0.3921875 0.70625
vt 0.3609375 0.70625
vt 0.3609375 0.934375
vt 0.3921875 0.934375
vt 0.3921875 0.903125
vt 0.3609375 0.903125
vn 0 0 -1
vn 1 0 0
vn 0 0 1
vn -1 0 0
vn 0 1 0
vn 0 -1 0
usemtl none
f 800/2788/737 803/2787/737 801/2786/737 798/2785/737
f 799/2792/738 800/2791/738 798/2790/738 797/2789/738
f 804/2796/739 799/2795/739 797/2794/739 802/2793/739
f 803/2800/740 804/2799/740 802/2798/740 801/2797/740
f 802/2804/741 797/2803/741 798/2802/741 801/2801/741
f 803/2808/742 800/2807/742 799/2806/742 804/2805/742
o beveled_cuboid
v -0.764583125 0.545833125 0.22499999999999973
v -0.764583125 0.454166875 0.22499999999999973
v -0.860416875 0.545833125 0.22499999999999973
v -0.860416875 0.454166875 0.22499999999999973
v -0.764583125 0.545833125 0.27499999999999974
v -0.764583125 0.454166875 0.27499999999999974
v -0.860416875 0.545833125 0.27499999999999974
v -0.860416875 0.454166875 0.27499999999999974
v -0.95625 0.545833125 0.2746618749999997
v -0.95625 0.545833125 0.22587124999999975
v -0.95625 0.454166875 0.2746618749999997
v -0.95625 0.454166875 0.22587124999999975
v -0.66875 0.545833125 0.2746618749999997
v -0.66875 0.545833125 0.22587124999999975
v -0.66875 0.454166875 0.2746618749999997
v -0.66875 0.454166875 0.22587124999999975
v -0.764583125 0.36250000000000004 0.2746618749999997
v -0.764583125 0.36250000000000004 0.22587124999999972
v -0.860416875 0.36250000000000004 0.2746618749999997
v -0.860416875 0.36250000000000004 0.22587124999999972
v -0.764583125 0.6375000000000001 0.2746618749999997
v -0.764583125 0.6375000000000001 0.22587124999999977
v -0.860416875 0.6375000000000001 0.2746618749999997
v -0.860416875 0.6375000000000001 0.22587124999999977
vt 0.015625 0.984375
vt 0.015625 1
vt 0 1
vt 0 0.984375
vt 0 0.984375
vt 0.015625 0.984375
vt 0.015625 1
vt 0 1
vt 0.015625 1
vt 0 1
vt 0 0.977903125
vt 0.015625 0.977903125
vt 0.015625 0.977903125
vt 0.015625 1
vt 0 1
vt 0 0.977903125
vt 0.015625 0.977903125
vt 0.015625 1
vt 0 1
vt 0 0.977903125
vt 0.015625 1
vt 0 1
vt 0 0.977903125
vt 0.015625 0.977903125
vt 0 1
vt 0 0.977903125
vt 0.015625 0.977903125
vt 0.015625 1
vt 0 0.977903125
vt 0.015625 0.977903125
vt 0.015625 1
vt 0 1
vt 0 0.977903125
vt 0.015625 0.977903125
vt 0.015625 1
vt 0 1
vt 0 1
vt 0 0.977903125
vt 0.015625 0.977903125
vt 0.015625 1
vt 0.0110484375 0.9808625
vt 0.022096875 1
vt 0 1
vt 0.0110484375 0.9808625
vt 0.022096875 1
vt 0 1
vt 0.0110484375 0.9808625
vt 0.022096875 1
vt 0 1
vt 0.0110484375 0.9808625
vt 0.022096875 1
vt 0 1
vt 0.0110484375 1
vt 0 0.9808640625
vt 0.022096875 0.9808640625
vt 0.0110484375 1
vt 0 0.9808640625
vt 0.022096875 0.9808640625
vt 0.0110484375 1
vt 0 0.9808640625
vt 0.022096875 0.9808640625
vt 0.0110484375 1
vt 0 0.9808640625
vt 0.022096875 0.9808640625
vt 0.015625 1
vt 0 1
vt 0 0.96875
vt 0.015625 0.96875
vt 0.015625 0.96875
vt 0.015625 1
vt 0 1
vt 0 0.96875
vt 0.015625 0.96875
vt 0.015625 1
vt 0 1
vt 0 0.96875
vt 0.015625 1
vt 0 1
vt 0 0.96875
vt 0.015625 0.96875
vt 0 0.96875
vt 0.022096875 0.96875
vt 0.022096875 1
vt 0 1
vt 0 1
vt 0 0.96875
vt 0.022096875 0.96875
vt 0.022096875 1
vt 0 1
vt 0 0.96875
vt 0.022096875 0.96875
vt 0.022096875 1
vt 0 0.96875
vt 0.022096875 0.96875
vt 0.022096875 1
vt 0 1
vn 0 2.220446049250313e-16 -1
vn 0 -2.220446049250313e-16 1
vn 0.00909094842601096 2.2203542925914667e-16 -0.9999586764745411
vn -0.00909094842601096 2.2203542925914667e-16 -0.9999586764745411
vn 0 0.009504094582230721 -0.9999548350731509
vn 0 -0.009504094582230277 -0.9999548350731509
vn 0.0035282465787784484 -2.2204322285694222e-16 0.999993775718669
vn -0.0035282465787784484 -2.2204322285694222e-16 0.999993775718669
vn 0 0.003688602886954458 0.9999931970812314
vn 0 -0.003688602886954902 0.9999931970812314
vn 0.003528222576702368 0.0036885799283647414 0.9999869729269284
vn -0.003528222576702368 0.0036885799283647414 0.9999869729269284
vn 0.003528222576702368 -0.0036885799283651855 0.9999869729269284
vn -0.003528222576702368 -0.0036885799283651855 0.9999869729269284
vn 0.00909053786792153 0.009503701875009677 -0.9999135171463296
vn -0.00909053786792153 0.009503701875009677 -0.9999135171463296
vn 0.00909053786792153 -0.009503701875009233 -0.9999135171463296
vn -0.00909053786792153 -0.009503701875009233 -0.9999135171463296
vn 1 0 0
vn -1 0 0
vn 0 1 2.220446049250313e-16
vn 0 -1 -2.220446049250313e-16
vn 0.6912242510439012 -0.7226403218536853 -1.6045838476889902e-16
vn 0.6912242510439012 0.7226403218536853 1.6045838476889902e-16
vn -0.6912242510439012 -0.7226403218536853 -1.6045838476889902e-16
vn -0.6912242510439012 0.7226403218536853 1.6045838476889902e-16
usemtl none
f 805/2809/743 806/2810/743 808/2811/743 807/2812/743
f 812/2813/744 810/2814/744 809/2815/744 811/2816/744
f 806/2817/745 805/2818/745 818/2819/745 820/2820/745
f 814/2821/746 807/2822/746 808/2823/746 816/2824/746
f 826/2825/747 805/2826/747 807/2827/747 828/2828/747
f 808/2829/748 806/2830/748 822/2831/748 824/2832/748
f 817/2833/749 809/2834/749 810/2835/749 819/2836/749
f 812/2837/750 811/2838/750 813/2839/750 815/2840/750
f 811/2841/751 809/2842/751 825/2843/751 827/2844/751
f 821/2845/752 810/2846/752 812/2847/752 823/2848/752
f 809/2849/753 817/2850/753 825/2851/753
f 811/2852/754 827/2853/754 813/2854/754
f 810/2855/755 821/2856/755 819/2857/755
f 812/2858/756 815/2859/756 823/2860/756
f 805/2861/757 826/2862/757 818/2863/757
f 807/2864/758 814/2865/758 828/2866/758
f 806/2867/759 820/2868/759 822/2869/759
f 808/2870/760 824/2871/760 816/2872/760
f 820/2873/761 818/2874/761 817/2875/761 819/2876/761
f 813/2877/762 814/2878/762 816/2879/762 815/2880/762
f 825/2881/763 826/2882/763 828/2883/763 827/2884/763
f 824/2885/764 822/2886/764 821/2887/764 823/2888/764
f 819/2889/765 821/2890/765 822/2891/765 820/2892/765
f 826/2893/766 825/2894/766 817/2895/766 818/2896/766
f 824/2897/767 823/2898/767 815/2899/767 816/2900/767
f 813/2901/768 827/2902/768 828/2903/768 814/2904/768
o cube
v -0.6234374999999999 1.625 0.2749999999999999
v -0.6234374999999999 1.625 0.25625
v -0.6234374999999999 1.4 0.2749999999999999
v -0.6234374999999999 1.4 0.25625
v -1.0046875 1.625 0.25625
v -1.0046875 1.625 0.2749999999999999
v -1.0046875 1.4 0.25625
v -1.0046875 1.4 0.2749999999999999
vt 0 1
vt 0.0953125 1
vt 0.0953125 0.94375
vt 0 0.94375
vt 0 1
vt 0.0046875 1
vt 0.0046875 0.94375
vt 0 0.94375
vt 0 1
vt 0.0953125 1
vt 0.0953125 0.94375
vt 0 0.94375
vt 0.0265625 1
vt 0.03125 1
vt 0.03125 0.94375
vt 0.0265625 0.94375
vt 0 0.9734375
vt 0.0953125 0.9734375
vt 0.0953125 0.96875
vt 0 0.96875
vt 0 1
vt 0.0953125 1
vt 0.0953125 0.9953125
vt 0 0.9953125
vn 0 0 -1
vn 1 0 0
vn 0 0 1
vn -1 0 0
vn 0 1 0
vn 0 -1 0
usemtl none
f 832/2908/769 835/2907/769 833/2906/769 830/2905/769
f 831/2912/770 832/2911/770 830/2910/770 829/2909/770
f 836/2916/771 831/2915/771 829/2914/771 834/2913/771
f 835/2920/772 836/2919/772 834/2918/772 833/2917/772
f 834/2924/773 829/2923/773 830/2922/773 833/2921/773
f 835/2928/774 832/2927/774 831/2926/774 836/2925/774
o cube
v -0.43407563390872045 1.625 0.3853631145001235
v -0.4248426921567805 1.625 0.36904394520125045
v -0.43407563390872045 1.4 0.3853631145001235
v -0.4248426921567805 1.4 0.36904394520125045
v -0.6261124468428823 1.625 0.2551709969273237
v -0.6353453885948223 1.625 0.27149016622619676
v -0.6261124468428823 1.4 0.2551709969273237
v -0.6353453885948223 1.4 0.27149016622619676
vt 0.0375 1
vt 0.0953125 1
vt 0.0953125 0.94375
vt 0.0375 0.94375
vt 0 1
vt 0.0046875 1
vt 0.0046875 0.94375
vt 0 0.94375
vt 0 1
vt 0.0578125 1
vt 0.0578125 0.94375
vt 0 0.94375
vt 0.0265625 1
vt 0.03125 1
vt 0.03125 0.94375
vt 0.0265625 0.94375
vt 0 0.9734375
vt 0.0578125 0.9734375
vt 0.0578125 0.96875
vt 0 0.96875
vt 0 1
vt 0.0578125 1
vt 0.0578125 0.9953125
vt 0 0.9953125
vn 0.4924235601034671 0 -0.8703556959398997
vn 0.8703556959398997 0 0.4924235601034671
vn -0.4924235601034671 0 0.8703556959398997
vn -0.8703556959398997 0 -0.4924235601034671
vn 0 1 0
vn 0 -1 0
usemtl none
f 840/2932/775 843/2931/775 841/2930/775 838/2929/775
f 839/2936/776 840/2935/776 838/2934/776 837/2933/776
f 844/2940/777 839/2939/777 837/2938/777 842/2937/777
f 843/2944/778 844/2943/778 842/2942/778 841/2941/778
f 842/2948/779 837/2947/779 838/2946/779 841/2945/779
f 843/2952/780 840/2951/780 839/2950/780 844/2949/780
o cube
v -0.9896546114051776 1.625 0.27149016622619676
v -0.9988875531571176 1.625 0.2551709969273237
v -0.9896546114051776 1.4 0.27149016622619676
v -0.9988875531571176 1.4 0.2551709969273237
v -1.2001573078432195 1.625 0.3690439452012505
v -1.1909243660912796 1.625 0.38536311450012356
v -1.2001573078432195 1.4 0.3690439452012505
v -1.1909243660912796 1.4 0.38536311450012356
vt 0.0953125 1
vt 0.0375 1
vt 0.0375 0.94375
vt 0.0953125 0.94375
vt 0.03125 1
vt 0.0265625 1
vt 0.0265625 0.94375
vt 0.03125 0.94375
vt 0.0578125 1
vt 0 1
vt 0 0.94375
vt 0.0578125 0.94375
vt 0.0046875 1
vt 0 1
vt 0 0.94375
vt 0.0046875 0.94375
vt 0.0578125 0.9734375
vt 0 0.9734375
vt 0 0.96875
vt 0.0578125 0.96875
vt 0.0578125 1
vt 0 1
vt 0 0.9953125
vt 0.0578125 0.9953125
vn -0.4924235601034671 0 -0.8703556959398997
vn 0.8703556959398997 0 -0.4924235601034671
vn 0.4924235601034671 0 0.8703556959398997
vn -0.8703556959398997 0 0.4924235601034671
vn 0 1 0
vn 0 -1 0
usemtl none
f 848/2956/781 851/2955/781 849/2954/781 846/2953/781
f 847/2960/782 848/2959/782 846/2958/782 845/2957/782
f 852/2964/783 847/2963/783 845/2962/783 850/2961/783
f 851/2968/784 852/2967/784 850/2966/784 849/2965/784
f 850/2972/785 845/2971/785 846/2970/785 849/2969/785
f 851/2976/786 848/2975/786 847/2974/786 852/2973/786
o cylinder
v -0.8125 0.1875 -0.80625
v -0.8125 2.125 -0.80625
v -0.628285 0.1875 -0.11875000000000002
v -0.628285 1.9375 -0.11875000000000002
v -0.309215 0.1875 -0.30296500000000004
v -0.309215 1.9375 -0.30296500000000004
v -0.125 0.1875 -0.622035
v -0.125 1.9375 -0.622035
v -0.125 0.1875 -0.990465
v -0.125 1.9375 -0.990465
v -0.309215 0.1875 -1.309535
v -0.309215 1.9375 -1.309535
v -0.628285 0.1875 -1.49375
v -0.628285 1.9375 -1.49375
v -0.996715 0.1875 -1.49375
v -0.996715 1.9375 -1.49375
v -1.315785 0.1875 -1.309535
v -1.315785 1.9375 -1.309535
v -1.5 0.1875 -0.990465
v -1.5 1.9375 -0.990465
v -1.5 0.1875 -0.622035
v -1.5 1.9375 -0.622035
v -1.315785 0.1875 -0.30296500000000004
v -1.315785 1.9375 -0.30296500000000004
v -0.996715 0.1875 -0.11875000000000002
v -0.996715 1.9375 -0.11875000000000002
v -0.650743125 1.99160875 -0.20256437500000002
v -0.373615 1.9927425 -0.367365
v -0.206814375 1.991063125 -0.643956875
v -0.20626062499999998 1.990911875 -0.96869125
v -0.363841875 1.98910125 -1.254908125
v -0.6468612499999999 1.9876575 -1.4244231250000001
v -0.979781875 1.985985625 -1.43055375
v -1.269475 1.986003125 -1.263225
v -1.41980125 1.9906225 -0.968975625
v -1.417976875 1.99112 -0.6440131250000001
v -1.255468125 1.99122125 -0.36328187500000003
v -0.974815625 1.99104 -0.20048062499999997
vt 0.129409375 0.9352953125
vt 0.11207203125 1
vt 0 0.9352953125
vt 0 0.875
vt 0.0669875 0.875
vt 0.0669875 1
vt 0 1
vt 0.12940953125 0.93529546875
vt 0.112071875 1
vt 0 0.93529546875
vt 0 0.875
vt 0.0669875 0.875
vt 0.0669875 1
vt 0 1
vt 0.125 0.9330125
vt 0.125 1
vt 0 0.96650625
vt 0 0.875
vt 0.0669875 0.875
vt 0.0669875 1
vt 0 1
vt 0 0.870590625
vt 0.0647046875 0.88792796875
vt 0 1
vt 0 0.875
vt 0.0669875 0.875
vt 0.0669875 1
vt 0 1
vt 0 0.87059046875
vt 0.06470453125 0.887928125
vt 0 1
vt 0 0.875
vt 0.0669875 0.875
vt 0.0669875 1
vt 0 1
vt 0 0.875
vt 0.0669875 0.875
vt 0.03349375 1
vt 0 0.875
vt 0.0669875 0.875
vt 0.0669875 1
vt 0 1
vt 0 1
vt 0.01733734375 0.9352953125
vt 0.129409375 1
vt 0 0.875
vt 0.0669875 0.875
vt 0.0669875 1
vt 0 1
vt 0 1
vt 0.01733765625 0.93529546875
vt 0.12940953125 1
vt 0 0.875
vt 0.0669875 0.875
vt 0.0669875 1
vt 0 1
vt 0 1
vt 0 0.9330125
vt 0.125 0.96650625
vt 0 0.875
vt 0.0669875 0.875
vt 0.0669875 1
vt 0 1
vt 0.0647046875 1
vt 0 0.98266265625
vt 0.0647046875 0.870590625
vt 0 0.875
vt 0.0669875 0.875
vt 0.0669875 1
vt 0 1
vt 0.06470453125 1
vt 0 0.98266234375
vt 0.06470453125 0.87059046875
vt 0 0.875
vt 0.0669875 0.875
vt 0.0669875 1
vt 0 1
vt 0.0669875 1
vt 0 1
vt 0.03349375 0.875
vt 0 0.875
vt 0.0669875 0.875
vt 0.0669875 1
vt 0 1
vt 0 0.88636703125
vt 0 0.87059046875
vt 0.06470453125 0.887928125
vt 0.05642515625 0.90226875
vt 0.05642515625 0.90226875
vt 0 1
vt 0 0.88636703125
vt 0 0.870590625
vt 0.0647046875 0.88792796875
vt 0.0570046875 0.90126484375
vt 0 0.8871496875
vt 0.0570046875 0.90126484375
vt 0 1
vt 0 0.8871496875
vt 0.125 0.9330125
vt 0.125 1
vt 0.1102253125 0.99604109375
vt 0.1101246875 0.93699828125
vt 0.1102253125 0.99604109375
vt 0 0.96650625
vt 0.1101246875 0.93699828125
vt 0.12940953125 0.93529546875
vt 0.112071875 1
vt 0.0999075 0.992976875
vt 0.11411375 0.93529546875
vt 0.0999075 0.992976875
vt 0 0.93529546875
vt 0.11411375 0.93529546875
vt 0.129409375 0.9352953125
vt 0.11207203125 1
vt 0.10077078125 0.9934753125
vt 0.115363125 0.9352953125
vt 0.10077078125 0.9934753125
vt 0 0.9352953125
vt 0.115363125 0.9352953125
vt 0.0669875 1
vt 0 1
vt 0.00307875 0.98850984375
vt 0.06361 0.98739515625
vt 0.00307875 0.98850984375
vt 0.03349375 0.875
vt 0.06361 0.98739515625
vt 0.06470453125 0.988104375
vt 0.06470453125 1
vt 0 0.98266234375
vt 0.00595375 0.97235
vt 0.00595375 0.97235
vt 0.06470453125 0.87059046875
vt 0.06470453125 0.988104375
vt 0.0647046875 0.98809234375
vt 0.0647046875 1
vt 0 0.98266265625
vt 0.00754796875 0.9695890625
vt 0.00754796875 0.9695890625
vt 0.0647046875 0.870590625
vt 0.0647046875 0.98809234375
vt 0.0145815625 0.9960928125
vt 0 1
vt 0 0.9330125
vt 0.01491328125 0.93700859375
vt 0.01491328125 0.93700859375
vt 0.125 0.96650625
vt 0.0145815625 0.9960928125
vt 0.015439375 1
vt 0 1
vt 0.01733765625 0.93529546875
vt 0.0307690625 0.9430499999999999
vt 0.0307690625 0.9430499999999999
vt 0.12940953125 1
vt 0.015439375 1
vt 0 1
vt 0.01733734375 0.9352953125
vt 0.030660625 0.9429875
vt 0.01550921875 1
vt 0.030660625 0.9429875
vt 0.129409375 1
vt 0.01550921875 1
vt 0.00398171875 0.88986015625
vt 0 0.875
vt 0.0669875 0.875
vt 0.06290421875 0.89023890625
vt 0.06290421875 0.89023890625
vt 0.03349375 1
vt 0.00398171875 0.88986015625
vn 0 -1 0
vn 0.4999996938558401 0 0.8660255805367797
vn 0 -1 0
vn 0.8660255805367797 0 0.4999996938558401
vn 0 -1 0
vn 1 0 0
vn 0 -1 0
vn 0.8660255805367797 0 -0.4999996938558401
vn 0 -1 0
vn 0.4999996938558401 0 -0.8660255805367797
vn 0 -1 0
vn 0 0 -1
vn 0 -1 0
vn -0.4999996938558401 0 -0.8660255805367797
vn 0 -1 0
vn -0.8660255805367797 0 -0.4999996938558401
vn 0 -1 0
vn -1 0 0
vn 0 -1 0
vn -0.8660255805367797 0 0.4999996938558401
vn 0 -1 0
vn -0.4999996938558401 0 0.8660255805367797
vn 0 -1 0
vn 0 0 1
vn 0.2711868078998605 0.8401371915653718 0.4697097130885567
vn 0.10722886391941124 0.976483730158621 0.1870334073850392
vn 0.47436103323978956 0.836645446207148 0.2738722466489104
vn 0.18725828400418165 0.976465888979901 0.10699861088117366
vn 0.5492643251520265 0.835648670863114 0
vn 0.215938654762217 0.9764069284313333 -0.00008654925383395754
vn 0.49256366879484303 0.8225011701863749 -0.2843815346069578
vn 0.18674384571298602 0.9763440242806349 -0.10899120303868406
vn 0.2930830256904235 0.8101906809234041 -0.5076351057570958
vn 0.1076533017576191 0.9762416148893265 -0.18805072714287346
vn 0 0.7933931331987608 -0.6087095663722177
vn -0.0009039071694808999 0.9761451535306039 -0.21711707024216842
vn -0.3043549715033596 0.7933925582866644 -0.5271587045440216
vn -0.1086647756745675 0.9760947276360163 -0.18823137147873914
vn -0.5269399169951242 0.793586321469868 -0.30422865455623166
vn -0.1863903061339157 0.9762364388562231 -0.110548944945779
vn -0.5522268561518727 0.8336938882735193 0
vn -0.21597218713459201 0.9763994749475567 -0.0002823232830950623
vn -0.4738666883845132 0.8370188793560498 0.27358683674664847
vn -0.1869910878230795 0.9764187211984224 0.10789260386133573
vn -0.27398587675727026 0.8364966166354223 0.47455784652141364
vn -0.1078586670125148 0.9764161212319618 0.18702423946808214
vn 0 0.836497023043832 0.5479714686357376
vn -0.0003258109798731576 0.9764286068633697 0.21584037978576762
usemtl none
f 857/2977/787 855/2978/787 853/2979/787
f 855/2980/788 857/2981/788 858/2982/788 856/2983/788
f 859/2984/789 857/2985/789 853/2986/789
f 857/2987/790 859/2988/790 860/2989/790 858/2990/790
f 861/2991/791 859/2992/791 853/2993/791
f 859/2994/792 861/2995/792 862/2996/792 860/2997/792
f 863/2998/793 861/2999/793 853/3000/793
f 861/3001/794 863/3002/794 864/3003/794 862/3004/794
f 865/3005/795 863/3006/795 853/3007/795
f 863/3008/796 865/3009/796 866/3010/796 864/3011/796
f 867/3012/797 865/3013/797 853/3014/797
f 865/3015/798 867/3016/798 868/3017/798 866/3018/798
f 869/3019/799 867/3020/799 853/3021/799
f 867/3022/800 869/3023/800 870/3024/800 868/3025/800
f 871/3026/801 869/3027/801 853/3028/801
f 869/3029/802 871/3030/802 872/3031/802 870/3032/802
f 873/3033/803 871/3034/803 853/3035/803
f 871/3036/804 873/3037/804 874/3038/804 872/3039/804
f 875/3040/805 873/3041/805 853/3042/805
f 873/3043/806 875/3044/806 876/3045/806 874/3046/806
f 877/3047/807 875/3048/807 853/3049/807
f 875/3050/808 877/3051/808 878/3052/808 876/3053/808
f 855/3054/809 877/3055/809 853/3056/809
f 877/3057/810 855/3058/810 856/3059/810 878/3060/810
f 879/3061/811 856/3062/811 858/3063/811 880/3064/811
f 880/3065/812 854/3066/812 879/3067/812
f 858/3068/813 860/3069/813 881/3070/813 880/3071/813
f 881/3072/814 854/3073/814 880/3074/814
f 860/3075/815 862/3076/815 882/3077/815 881/3078/815
f 882/3079/816 854/3080/816 881/3081/816
f 862/3082/817 864/3083/817 883/3084/817 882/3085/817
f 883/3086/818 854/3087/818 882/3088/818
f 864/3089/819 866/3090/819 884/3091/819 883/3092/819
f 884/3093/820 854/3094/820 883/3095/820
f 866/3096/821 868/3097/821 885/3098/821 884/3099/821
f 885/3100/822 854/3101/822 884/3102/822
f 885/3103/823 868/3104/823 870/3105/823 886/3106/823
f 886/3107/824 854/3108/824 885/3109/824
f 886/3110/825 870/3111/825 872/3112/825 887/3113/825
f 887/3114/826 854/3115/826 886/3116/826
f 887/3117/827 872/3118/827 874/3119/827 888/3120/827
f 888/3121/828 854/3122/828 887/3123/828
f 888/3124/829 874/3125/829 876/3126/829 889/3127/829
f 889/3128/830 854/3129/830 888/3130/830
f 876/3131/831 878/3132/831 890/3133/831 889/3134/831
f 890/3135/832 854/3136/832 889/3137/832
f 890/3138/833 878/3139/833 856/3140/833 879/3141/833
f 879/3142/834 854/3143/834 890/3144/834
o cylinder
v -0.8125 0.13125 -0.80625
v -0.8125 0.19375 -0.80625
v -0.62158625 0.13125 -0.11875000000000002
v -0.62158625 0.187701875 -0.11875000000000002
v -0.29091374999999997 0.13125 -0.30296500000000004
v -0.29091374999999997 0.187701875 -0.30296500000000004
v -0.09999999999999998 0.13125 -0.622035
v -0.09999999999999998 0.187701875 -0.622035
v -0.09999999999999998 0.13125 -0.990465
v -0.09999999999999998 0.187701875 -0.990465
v -0.29091374999999997 0.13125 -1.309535
v -0.29091374999999997 0.187701875 -1.309535
v -0.62158625 0.13125 -1.49375
v -0.62158625 0.187701875 -1.49375
v -1.00341375 0.13125 -1.49375
v -1.00341375 0.187701875 -1.49375
v -1.33408625 0.13125 -1.309535
v -1.33408625 0.187701875 -1.309535
v -1.525 0.13125 -0.990465
v -1.525 0.187701875 -0.990465
v -1.525 0.13125 -0.622035
v -1.525 0.187701875 -0.622035
v -1.33408625 0.13125 -0.30296500000000004
v -1.33408625 0.187701875 -0.30296500000000004
v -1.00341375 0.13125 -0.11875000000000002
v -1.00341375 0.187701875 -0.11875000000000002
v -0.644860625 0.189446875 -0.20256437500000002
v -0.357655 0.18948374999999998 -0.367365
v -0.18478937500000003 0.18942937499999998 -0.643956875
v -0.184215625 0.189424375 -0.96869125
v -0.3475275 0.18936624999999999 -1.254908125
v -0.6408375 0.18931937499999998 -1.4244231250000001
v -0.985864375 0.18926562500000002 -1.43055375
v -1.2860925 0.18926625 -1.263225
v -1.441885 0.18941500000000003 -0.968975625
v -1.439994375 0.18943125000000002 -0.6440131250000001
v -1.27157625 0.18943437500000002 -0.36328187500000003
v -0.9807175 0.18942875 -0.20048062499999997
vt 0.129409375 0.9352953125
vt 0.11207203125 1
vt 0 0.9352953125
vt 0 0.875
vt 0.0669875 0.875
vt 0.0669875 1
vt 0 1
vt 0.12940953125 0.93529546875
vt 0.112071875 1
vt 0 0.93529546875
vt 0 0.875
vt 0.0669875 0.875
vt 0.0669875 1
vt 0 1
vt 0.125 0.9330125
vt 0.125 1
vt 0 0.96650625
vt 0 0.875
vt 0.0669875 0.875
vt 0.0669875 1
vt 0 1
vt 0 0.870590625
vt 0.0647046875 0.88792796875
vt 0 1
vt 0 0.875
vt 0.0669875 0.875
vt 0.0669875 1
vt 0 1
vt 0 0.87059046875
vt 0.06470453125 0.887928125
vt 0 1
vt 0 0.875
vt 0.0669875 0.875
vt 0.0669875 1
vt 0 1
vt 0 0.875
vt 0.0669875 0.875
vt 0.03349375 1
vt 0 0.875
vt 0.0669875 0.875
vt 0.0669875 1
vt 0 1
vt 0 1
vt 0.01733734375 0.9352953125
vt 0.129409375 1
vt 0 0.875
vt 0.0669875 0.875
vt 0.0669875 1
vt 0 1
vt 0 1
vt 0.01733765625 0.93529546875
vt 0.12940953125 1
vt 0 0.875
vt 0.0669875 0.875
vt 0.0669875 1
vt 0 1
vt 0 1
vt 0 0.9330125
vt 0.125 0.96650625
vt 0 0.875
vt 0.0669875 0.875
vt 0.0669875 1
vt 0 1
vt 0.0647046875 1
vt 0 0.98266265625
vt 0.0647046875 0.870590625
vt 0 0.875
vt 0.0669875 0.875
vt 0.0669875 1
vt 0 1
vt 0.06470453125 1
vt 0 0.98266234375
vt 0.06470453125 0.87059046875
vt 0 0.875
vt 0.0669875 0.875
vt 0.0669875 1
vt 0 1
vt 0.0669875 1
vt 0 1
vt 0.03349375 0.875
vt 0 0.875
vt 0.0669875 0.875
vt 0.0669875 1
vt 0 1
vt 0 0.88636703125
vt 0 0.87059046875
vt 0.06470453125 0.887928125
vt 0.05642515625 0.90226875
vt 0.05642515625 0.90226875
vt 0 1
vt 0 0.88636703125
vt 0 0.870590625
vt 0.0647046875 0.88792796875
vt 0.0570046875 0.90126484375
vt 0 0.8871496875
vt 0.0570046875 0.90126484375
vt 0 1
vt 0 0.8871496875
vt 0.125 0.9330125
vt 0.125 1
vt 0.1102253125 0.99604109375
vt 0.1101246875 0.93699828125
vt 0.1102253125 0.99604109375
vt 0 0.96650625
vt 0.1101246875 0.93699828125
vt 0.12940953125 0.93529546875
vt 0.112071875 1
vt 0.0999075 0.992976875
vt 0.11411375 0.93529546875
vt 0.0999075 0.992976875
vt 0 0.93529546875
vt 0.11411375 0.93529546875
vt 0.129409375 0.9352953125
vt 0.11207203125 1
vt 0.10077078125 0.9934753125
vt 0.115363125 0.9352953125
vt 0.10077078125 0.9934753125
vt 0 0.9352953125
vt 0.115363125 0.9352953125
vt 0.0669875 1
vt 0 1
vt 0.00307875 0.98850984375
vt 0.06361 0.98739515625
vt 0.00307875 0.98850984375
vt 0.03349375 0.875
vt 0.06361 0.98739515625
vt 0.06470453125 0.988104375
vt 0.06470453125 1
vt 0 0.98266234375
vt 0.00595375 0.97235
vt 0.00595375 0.97235
vt 0.06470453125 0.87059046875
vt 0.06470453125 0.988104375
vt 0.0647046875 0.98809234375
vt 0.0647046875 1
vt 0 0.98266265625
vt 0.00754796875 0.9695890625
vt 0.00754796875 0.9695890625
vt 0.0647046875 0.870590625
vt 0.0647046875 0.98809234375
vt 0.0145815625 0.9960928125
vt 0 1
vt 0 0.9330125
vt 0.01491328125 0.93700859375
vt 0.01491328125 0.93700859375
vt 0.125 0.96650625
vt 0.0145815625 0.9960928125
vt 0.015439375 1
vt 0 1
vt 0.01733765625 0.93529546875
vt 0.0307690625 0.9430499999999999
vt 0.0307690625 0.9430499999999999
vt 0.12940953125 1
vt 0.015439375 1
vt 0 1
vt 0.01733734375 0.9352953125
vt 0.030660625 0.9429875
vt 0.01550921875 1
vt 0.030660625 0.9429875
vt 0.129409375 1
vt 0.01550921875 1
vt 0.00398171875 0.88986015625
vt 0 0.875
vt 0.0669875 0.875
vt 0.06290421875 0.89023890625
vt 0.06290421875 0.89023890625
vt 0.03349375 1
vt 0.00398171875 0.88986015625
vn 0 -1 0
vn 0.4866682449972657 0 0.87358686992839
vn 0 -1 0
vn 0.858119066952064 0 0.5134507444081851
vn 0 -1 0
vn 1 0 0
vn 0 -1 0
vn 0.858119066952064 0 -0.5134507444081851
vn 0 -1 0
vn 0.4866682449972657 0 -0.87358686992839
vn 0 -1 0
vn 0 0 -1
vn 0 -1 0
vn -0.4866682449972657 0 -0.87358686992839
vn 0 -1 0
vn -0.858119066952064 0 -0.5134507444081851
vn 0 -1 0
vn -1 0 0
vn 0 -1 0
vn -0.858119066952064 0 0.5134507444081851
vn 0 -1 0
vn -0.4866682449972657 0 0.87358686992839
vn 0 -1 0
vn 0 0 1
vn 0.010042519943794091 0.9997870705999076 0.01802668173663519
vn 0.0034171590498609954 0.9999750712438001 0.006178989802932123
vn 0.017640709405718605 0.9997886740238613 0.010555219811658917
vn 0.005969248102990234 0.9999759388078671 0.0035341027730145637
vn 0.02044917216488506 0.9997908938161876 0
vn 0.006883820921710276 0.9999763062188309 -0.0000032343027350888177
vn 0.018633741117038385 0.9997642095454169 -0.011149394782282844
vn 0.005953818138047196 0.9999757948256194 -0.0036002517203353413
vn 0.011253434540287023 0.9997326179624193 -0.020200316657292078
vn 0.0034315986967860435 0.9999748037565257 -0.006214175929448152
vn 0 0.9996939991340487 -0.024736776171780762
vn -0.00002829236086732632 0.9999742592401357 -0.007174960395994625
vn -0.011934444403486382 0.9996992721123918 -0.021422753668332385
vn -0.003464920461902488 0.9999746486740445 -0.006220637862330984
vn -0.02065862591510229 0.999710171757275 -0.012360973276395024
vn -0.005943241846627509 0.9999756693433968 -0.003652204482016577
vn -0.020607125296460766 0.9997876506473842 0
vn -0.00688494075311444 0.9999762984650489 -0.000009948143981831808
vn -0.01761490497878561 0.9997892918824098 0.010539779877122986
vn -0.005960686033324834 0.9999758807697509 0.003564842320970173
vn -0.010191492540888629 0.9997807057780301 0.018294092865548384
vn -0.0034388555262210778 0.9999750007065425 0.006178368281362938
vn 0 0.9997768603295126 0.021124146128596775
vn -0.000009724778497995893 0.9999745768406637 0.0071306085129274315
usemtl none
f 895/3145/835 893/3146/835 891/3147/835
f 893/3148/836 895/3149/836 896/3150/836 894/3151/836
f 897/3152/837 895/3153/837 891/3154/837
f 895/3155/838 897/3156/838 898/3157/838 896/3158/838
f 899/3159/839 897/3160/839 891/3161/839
f 897/3162/840 899/3163/840 900/3164/840 898/3165/840
f 901/3166/841 899/3167/841 891/3168/841
f 899/3169/842 901/3170/842 902/3171/842 900/3172/842
f 903/3173/843 901/3174/843 891/3175/843
f 901/3176/844 903/3177/844 904/3178/844 902/3179/844
f 905/3180/845 903/3181/845 891/3182/845
f 903/3183/846 905/3184/846 906/3185/846 904/3186/846
f 907/3187/847 905/3188/847 891/3189/847
f 905/3190/848 907/3191/848 908/3192/848 906/3193/848
f 909/3194/849 907/3195/849 891/3196/849
f 907/3197/850 909/3198/850 910/3199/850 908/3200/850
f 911/3201/851 909/3202/851 891/3203/851
f 909/3204/852 911/3205/852 912/3206/852 910/3207/852
f 913/3208/853 911/3209/853 891/3210/853
f 911/3211/854 913/3212/854 914/3213/854 912/3214/854
f 915/3215/855 913/3216/855 891/3217/855
f 913/3218/856 915/3219/856 916/3220/856 914/3221/856
f 893/3222/857 915/3223/857 891/3224/857
f 915/3225/858 893/3226/858 894/3227/858 916/3228/858
f 917/3229/859 894/3230/859 896/3231/859 918/3232/859
f 918/3233/860 892/3234/860 917/3235/860
f 896/3236/861 898/3237/861 919/3238/861 918/3239/861
f 919/3240/862 892/3241/862 918/3242/862
f 898/3243/863 900/3244/863 920/3245/863 919/3246/863
f 920/3247/864 892/3248/864 919/3249/864
f 900/3250/865 902/3251/865 921/3252/865 920/3253/865
f 921/3254/866 892/3255/866 920/3256/866
f 902/3257/867 904/3258/867 922/3259/867 921/3260/867
f 922/3261/868 892/3262/868 921/3263/868
f 904/3264/869 906/3265/869 923/3266/869 922/3267/869
f 923/3268/870 892/3269/870 922/3270/870
f 923/3271/871 906/3272/871 908/3273/871 924/3274/871
f 924/3275/872 892/3276/872 923/3277/872
f 924/3278/873 908/3279/873 910/3280/873 925/3281/873
f 925/3282/874 892/3283/874 924/3284/874
f 925/3285/875 910/3286/875 912/3287/875 926/3288/875
f 926/3289/876 892/3290/876 925/3291/876
f 926/3292/877 912/3293/877 914/3294/877 927/3295/877
f 927/3296/878 892/3297/878 926/3298/878
f 914/3299/879 916/3300/879 928/3301/879 927/3302/879
f 928/3303/880 892/3304/880 927/3305/880
f 928/3306/881 916/3307/881 894/3308/881 917/3309/881
f 917/3310/882 892/3311/882 928/3312/882
o mesh
v -0.5875 2.09375 -0.58125
v -0.5875 2.09375 -1.03125
v -0.5875 2.0437499999999997 -0.58125
v -0.5875 2.0437499999999997 -1.03125
v -1.0375 2.09375 -0.58125
v -1.0375 2.09375 -1.03125
v -1.0375 2.0437499999999997 -0.58125
v -1.0375 2.0437499999999997 -1.03125
vt 0.25 1
vt 0 1
vt 0 0.875
vt 0.25 0.875
vt 0.25 0.875
vt 0.25 1
vt 0 1
vt 0 0.875
vt 0 0.75
vt 0.25 0.75
vt 0.25 1
vt 0 1
vt 0.25 0.75
vt 0.25 1
vt 0 1
vt 0 0.75
vt 0.25 0.875
vt 0.25 1
vt 0 1
vt 0 0.875
vt 0.25 1
vt 0 1
vt 0 0.875
vt 0.25 0.875
vn 1 0 0
vn -1 0 0
vn 0 1 0
vn 0 -1 0
vn 0 0 1
vn 0 0 -1
usemtl none
f 930/3313/883 929/3314/883 931/3315/883 932/3316/883
f 935/3317/884 933/3318/884 934/3319/884 936/3320/884
f 933/3321/885 929/3322/885 930/3323/885 934/3324/885
f 932/3325/886 931/3326/886 935/3327/886 936/3328/886
f 931/3329/887 929/3330/887 933/3331/887 935/3332/887
f 934/3333/888 930/3334/888 932/3335/888 936/3336/888
o mesh
v -0.640625 2.2312499999999997 -0.628125
v -0.640625 2.2312499999999997 -0.984375
v -0.640625 2.09375 -0.628125
v -0.640625 2.09375 -0.984375
v -0.984375 2.2312499999999997 -0.628125
v -0.984375 2.2312499999999997 -0.984375
v -0.984375 2.09375 -0.628125
v -0.984375 2.09375 -0.984375
vt 0.25 1
vt 0 1
vt 0 0.875
vt 0.25 0.875
vt 0.25 0.875
vt 0.25 1
vt 0 1
vt 0 0.875
vt 0 0.75
vt 0.25 0.75
vt 0.25 1
vt 0 1
vt 0.25 0.75
vt 0.25 1
vt 0 1
vt 0 0.75
vt 0.25 0.875
vt 0.25 1
vt 0 1
vt 0 0.875
vt 0.25 1
vt 0 1
vt 0 0.875
vt 0.25 0.875
vn 1 0 0
vn -1 0 0
vn 0 1 0
vn 0 -1 0
vn 0 0 1
vn 0 0 -1
usemtl none
f 938/3337/889 937/3338/889 939/3339/889 940/3340/889
f 943/3341/890 941/3342/890 942/3343/890 944/3344/890
f 941/3345/891 937/3346/891 938/3347/891 942/3348/891
f 940/3349/892 939/3350/892 943/3351/892 944/3352/892
f 939/3353/893 937/3354/893 941/3355/893 943/3356/893
f 942/3357/894 938/3358/894 940/3359/894 944/3360/894
o mesh
v -0.628125 2.25 -0.609375
v -0.628125 2.25 -1.003125
v -0.628125 2.225 -0.609375
v -0.628125 2.225 -1.003125
v -0.996875 2.25 -0.609375
v -0.996875 2.25 -1.003125
v -0.996875 2.225 -0.609375
v -0.996875 2.225 -1.003125
v -0.657729375 2.25 -0.6447975
v -0.65533375 2.25 -0.968481875
v -0.96588375 2.25 -0.97072875
v -0.967720625 2.25 -0.64524625
v -0.655340625 2.225 -0.6469843750000001
v -0.656503125 2.225 -0.97023625
v -0.9672587500000001 2.225 -0.97079625
v -0.967044375 2.225 -0.64702125
vt 0.25 1
vt 0 1
vt 0 0.875
vt 0.25 0.875
vt 0.25 0.875
vt 0.25 1
vt 0 1
vt 0 0.875
vt 0.25 0.75
vt 0.25 1
vt 0 1
vt 0 0.75
vt 0.25 0.875
vt 0.25 1
vt 0 1
vt 0 0.875
vt 0.25 1
vt 0 1
vt 0 0.875
vt 0.25 0.875
vt 0 0.75
vt 0.25 0.75
vt 0.22992921875 0.772490625
vt 0.01976578125 0.772775625
vt 0.22992921875 0.772490625
vt 0.25 0.75
vt 0.25 1
vt 0.23155328125 0.978004375
vt 0.25 1
vt 0 1
vt 0.02101125 0.9794309375
vt 0.23155328125 0.978004375
vt 0 1
vt 0 0.75
vt 0.01976578125 0.772775625
vt 0.02101125 0.9794309375
vt 0.2230740625 0.7818153125
vt 0.22992921875 0.772490625
vt 0.23155328125 0.978004375
vt 0.22228609375 0.971181875
vt 0.22228609375 0.971181875
vt 0.23155328125 0.978004375
vt 0.02101125 0.9794309375
vt 0.02855359375 0.9715371875
vt 0.02101125 0.9794309375
vt 0.01976578125 0.772775625
vt 0.02869875 0.7818390625
vt 0.02855359375 0.9715371875
vt 0.02869875 0.7818390625
vt 0.01976578125 0.772775625
vt 0.22992921875 0.772490625
vt 0.2230740625 0.7818153125
vt 0.02869875 0.7818390625
vt 0.2230740625 0.7818153125
vt 0.22228609375 0.971181875
vt 0.02855359375 0.9715371875
vn 1 0 0
vn -1 0 0
vn 0 -1 0
vn 0 0 1
vn 0 0 -1
vn 0 1 0
vn 0 1 0
vn 0 1 0
vn 0 1 0
vn -0.99549992055672 -0.09447551835856478 -0.00736780852391687
vn -0.007217380169468961 -0.0696650802491536 0.9975443278458199
vn 0.9996291887384191 0.02663942647090527 0.005641451893923241
vn 0.0014439810117076201 0.0708605081420354 -0.9974851895164611
vn 0 1 0
usemtl none
f 946/3361/895 945/3362/895 947/3363/895 948/3364/895
f 951/3365/896 949/3366/896 950/3367/896 952/3368/896
f 948/3369/897 947/3370/897 951/3371/897 952/3372/897
f 947/3373/898 945/3374/898 949/3375/898 951/3376/898
f 950/3377/899 946/3378/899 948/3379/899 952/3380/899
f 949/3381/900 945/3382/900 953/3383/900 956/3384/900
f 953/3385/901 945/3386/901 946/3387/901 954/3388/901
f 946/3389/902 950/3390/902 955/3391/902 954/3392/902
f 950/3393/903 949/3394/903 956/3395/903 955/3396/903
f 957/3397/904 953/3398/904 954/3399/904 958/3400/904
f 958/3401/905 954/3402/905 955/3403/905 959/3404/905
f 955/3405/906 956/3406/906 960/3407/906 959/3408/906
f 960/3409/907 956/3410/907 953/3411/907 957/3412/907
f 960/3413/908 957/3414/908 958/3415/908 959/3416/908
o cube
v -0.375 0.13125 -0.2875
v -0.375 0.13125 -0.4125
v -0.375 0.012500000000000011 -0.2875
v -0.375 0.012500000000000011 -0.4125
v -0.5 0.13125 -0.4125
v -0.5 0.13125 -0.2875
v -0.5 0.012500000000000011 -0.4125
v -0.5 0.012500000000000011 -0.2875
vt 0 0.9703125
vt 0.03125 0.9703125
vt 0.03125 0.940625
vt 0 0.940625
vt 0.0625 0.9703125
vt 0.09375 0.9703125
vt 0.09375 0.940625
vt 0.0625 0.940625
vt 0.359375 0.9703125
vt 0.390625 0.9703125
vt 0.390625 0.940625
vt 0.359375 0.940625
vt 0.265625 0.9703125
vt 0.296875 0.9703125
vt 0.296875 0.940625
vt 0.265625 0.940625
vt 0.359375 0.734375
vt 0.390625 0.734375
vt 0.390625 0.703125
vt 0.359375 0.703125
vt 0.359375 0.9375
vt 0.390625 0.9375
vt 0.390625 0.90625
vt 0.359375 0.90625
vn 0 0 -1
vn 1 0 0
vn 0 0 1
vn -1 0 0
vn 0 1 0
vn 0 -1 0
usemtl none
f 964/3420/909 967/3419/909 965/3418/909 962/3417/909
f 963/3424/910 964/3423/910 962/3422/910 961/3421/910
f 968/3428/911 963/3427/911 961/3426/911 966/3425/911
f 967/3432/912 968/3431/912 966/3430/912 965/3429/912
f 966/3436/913 961/3435/913 962/3434/913 965/3433/913
f 967/3440/914 964/3439/914 963/3438/914 968/3437/914
o cube
v -0.15625 0.13125 -0.74375
v -0.15625 0.13125 -0.86875
v -0.15625 0.012500000000000011 -0.74375
v -0.15625 0.012500000000000011 -0.86875
v -0.28125 0.13125 -0.86875
v -0.28125 0.13125 -0.74375
v -0.28125 0.012500000000000011 -0.86875
v -0.28125 0.012500000000000011 -0.74375
vt 0 0.9703125
vt 0.03125 0.9703125
vt 0.03125 0.940625
vt 0 0.940625
vt 0.0625 0.9703125
vt 0.09375 0.9703125
vt 0.09375 0.940625
vt 0.0625 0.940625
vt 0.359375 0.9703125
vt 0.390625 0.9703125
vt 0.390625 0.940625
vt 0.359375 0.940625
vt 0.265625 0.9703125
vt 0.296875 0.9703125
vt 0.296875 0.940625
vt 0.265625 0.940625
vt 0.359375 0.734375
vt 0.390625 0.734375
vt 0.390625 0.703125
vt 0.359375 0.703125
vt 0.359375 0.9375
vt 0.390625 0.9375
vt 0.390625 0.90625
vt 0.359375 0.90625
vn 0 0 -1
vn 1 0 0
vn 0 0 1
vn -1 0 0
vn 0 1 0
vn 0 -1 0
usemtl none
f 972/3444/915 975/3443/915 973/3442/915 970/3441/915
f 971/3448/916 972/3447/916 970/3446/916 969/3445/916
f 976/3452/917 971/3451/917 969/3450/917 974/3449/917
f 975/3456/918 976/3455/918 974/3454/918 973/3453/918
f 974/3460/919 969/3459/919 970/3458/919 973/3457/919
f 975/3464/920 972/3463/920 971/3462/920 976/3461/920
o cube
v -1.34375 0.13125 -0.74375
v -1.34375 0.13125 -0.86875
v -1.34375 0.012500000000000011 -0.74375
v -1.34375 0.012500000000000011 -0.86875
v -1.46875 0.13125 -0.86875
v -1.46875 0.13125 -0.74375
v -1.46875 0.012500000000000011 -0.86875
v -1.46875 0.012500000000000011 -0.74375
vt 0 0.9703125
vt 0.03125 0.9703125
vt 0.03125 0.940625
vt 0 0.940625
vt 0.0625 0.9703125
vt 0.09375 0.9703125
vt 0.09375 0.940625
vt 0.0625 0.940625
vt 0.359375 0.9703125
vt 0.390625 0.9703125
vt 0.390625 0.940625
vt 0.359375 0.940625
vt 0.265625 0.9703125
vt 0.296875 0.9703125
vt 0.296875 0.940625
vt 0.265625 0.940625
vt 0.359375 0.734375
vt 0.390625 0.734375
vt 0.390625 0.703125
vt 0.359375 0.703125
vt 0.359375 0.9375
vt 0.390625 0.9375
vt 0.390625 0.90625
vt 0.359375 0.90625
vn 0 0 -1
vn 1 0 0
vn 0 0 1
vn -1 0 0
vn 0 1 0
vn 0 -1 0
usemtl none
f 980/3468/921 983/3467/921 981/3466/921 978/3465/921
f 979/3472/922 980/3471/922 978/3470/922 977/3469/922
f 984/3476/923 979/3475/923 977/3474/923 982/3473/923
f 983/3480/924 984/3479/924 982/3478/924 981/3477/924
f 982/3484/925 977/3483/925 978/3482/925 981/3481/925
f 983/3488/926 980/3487/926 979/3486/926 984/3485/926
o cube
v -0.75 0.13125 -0.15625
v -0.75 0.13125 -0.28125
v -0.75 0.012500000000000011 -0.15625
v -0.75 0.012500000000000011 -0.28125
v -0.875 0.13125 -0.28125
v -0.875 0.13125 -0.15625
v -0.875 0.012500000000000011 -0.28125
v -0.875 0.012500000000000011 -0.15625
vt 0 0.9703125
vt 0.03125 0.9703125
vt 0.03125 0.940625
vt 0 0.940625
vt 0.0625 0.9703125
vt 0.09375 0.9703125
vt 0.09375 0.940625
vt 0.0625 0.940625
vt 0.359375 0.9703125
vt 0.390625 0.9703125
vt 0.390625 0.940625
vt 0.359375 0.940625
vt 0.265625 0.9703125
vt 0.296875 0.9703125
vt 0.296875 0.940625
vt 0.265625 0.940625
vt 0.359375 0.734375
vt 0.390625 0.734375
vt 0.390625 0.703125
vt 0.359375 0.703125
vt 0.359375 0.9375
vt 0.390625 0.9375
vt 0.390625 0.90625
vt 0.359375 0.90625
vn 0 0 -1
vn 1 0 0
vn 0 0 1
vn -1 0 0
vn 0 1 0
vn 0 -1 0
usemtl none
f 988/3492/927 991/3491/927 989/3490/927 986/3489/927
f 987/3496/928 988/3495/928 986/3494/928 985/3493/928
f 992/3500/929 987/3499/929 985/3498/929 990/3497/929
f 991/3504/930 992/3503/930 990/3502/930 989/3501/930
f 990/3508/931 985/3507/931 986/3506/931 989/3505/931
f 991/3512/932 988/3511/932 987/3510/932 992/3509/932
o cube
v -0.75 0.13125 -1.3375
v -0.75 0.13125 -1.4625
v -0.75 0.012500000000000011 -1.3375
v -0.75 0.012500000000000011 -1.4625
v -0.875 0.13125 -1.4625
v -0.875 0.13125 -1.3375
v -0.875 0.012500000000000011 -1.4625
v -0.875 0.012500000000000011 -1.3375
vt 0 0.9703125
vt 0.03125 0.9703125
vt 0.03125 0.940625
vt 0 0.940625
vt 0.0625 0.9703125
vt 0.09375 0.9703125
vt 0.09375 0.940625
vt 0.0625 0.940625
vt 0.359375 0.9703125
vt 0.390625 0.9703125
vt 0.390625 0.940625
vt 0.359375 0.940625
vt 0.265625 0.9703125
vt 0.296875 0.9703125
vt 0.296875 0.940625
vt 0.265625 0.940625
vt 0.359375 0.734375
vt 0.390625 0.734375
vt 0.390625 0.703125
vt 0.359375 0.703125
vt 0.359375 0.9375
vt 0.390625 0.9375
vt 0.390625 0.90625
vt 0.359375 0.90625
vn 0 0 -1
vn 1 0 0
vn 0 0 1
vn -1 0 0
vn 0 1 0
vn 0 -1 0
usemtl none
f 996/3516/933 999/3515/933 997/3514/933 994/3513/933
f 995/3520/934 996/3519/934 994/3518/934 993/3517/934
f 1000/3524/935 995/3523/935 993/3522/935 998/3521/935
f 999/3528/936 1000/3527/936 998/3526/936 997/3525/936
f 998/3532/937 993/3531/937 994/3530/937 997/3529/937
f 999/3536/938 996/3535/938 995/3534/938 1000/3533/938
o cube
v -0.74375 0.012499999999999997 -1.3312499999999998
v -0.74375 0.012499999999999997 -1.46875
v -0.74375 0 -1.3312499999999998
v -0.74375 0 -1.46875
v -0.88125 0.012499999999999997 -1.46875
v -0.88125 0.012499999999999997 -1.3312499999999998
v -0.88125 0 -1.46875
v -0.88125 0 -1.3312499999999998
vt 0 0.940625
vt 0.034375 0.940625
vt 0.034375 0.9375
vt 0 0.9375
vt 0.0609375 0.940625
vt 0.0953125 0.940625
vt 0.0953125 0.9375
vt 0.0609375 0.9375
vt 0.3578125 0.940625
vt 0.3921875 0.940625
vt 0.3921875 0.9375
vt 0.3578125 0.9375
vt 0.2640625 0.940625
vt 0.2984375 0.940625
vt 0.2984375 0.9375
vt 0.2640625 0.9375
vt 0.3578125 0.7359375
vt 0.3921875 0.7359375
vt 0.3921875 0.7015625
vt 0.3578125 0.7015625
vt 0.3578125 0.9390625
vt 0.3921875 0.9390625
vt 0.3921875 0.9046875
vt 0.3578125 0.9046875
vn 0 0 -1
vn 1 0 0
vn 0 0 1
vn -1 0 0
vn 0 1 0
vn 0 -1 0
usemtl none
f 1004/3540/939 1007/3539/939 1005/3538/939 1002/3537/939
f 1003/3544/940 1004/3543/940 1002/3542/940 1001/3541/940
f 1008/3548/941 1003/3547/941 1001/3546/941 1006/3545/941
f 1007/3552/942 1008/3551/942 1006/3550/942 1005/3549/942
f 1006/3556/943 1001/3555/943 1002/3554/943 1005/3553/943
f 1007/3560/944 1004/3559/944 1003/3558/944 1008/3557/944
o cube
v -1.1687499999999997 0.012499999999999997 -1.13125
v -1.1687499999999997 0.012499999999999997 -1.2687500000000003
v -1.1687499999999997 0 -1.13125
v -1.1687499999999997 0 -1.2687500000000003
v -1.30625 0.012499999999999997 -1.2687500000000003
v -1.30625 0.012499999999999997 -1.13125
v -1.30625 0 -1.2687500000000003
v -1.30625 0 -1.13125
vt 0 0.940625
vt 0.034375 0.940625
vt 0.034375 0.9375
vt 0 0.9375
vt 0.0609375 0.940625
vt 0.0953125 0.940625
vt 0.0953125 0.9375
vt 0.0609375 0.9375
vt 0.3578125 0.940625
vt 0.3921875 0.940625
vt 0.3921875 0.9375
vt 0.3578125 0.9375
vt 0.2640625 0.940625
vt 0.2984375 0.940625
vt 0.2984375 0.9375
vt 0.2640625 0.9375
vt 0.3578125 0.7359375
vt 0.3921875 0.7359375
vt 0.3921875 0.7015625
vt 0.3578125 0.7015625
vt 0.3578125 0.9390625
vt 0.3921875 0.9390625
vt 0.3921875 0.9046875
vt 0.3578125 0.9046875
vn 0 0 -1
vn 1 0 0
vn 0 0 1
vn -1 0 0
vn 0 1 0
vn 0 -1 0
usemtl none
f 1012/3564/945 1015/3563/945 1013/3562/945 1010/3561/945
f 1011/3568/946 1012/3567/946 1010/3566/946 1009/3565/946
f 1016/3572/947 1011/3571/947 1009/3570/947 1014/3569/947
f 1015/3576/948 1016/3575/948 1014/3574/948 1013/3573/948
f 1014/3580/949 1009/3579/949 1010/3578/949 1013/3577/949
f 1015/3584/950 1012/3583/950 1011/3582/950 1016/3581/950
o cube
v -1.3375 0.012499999999999997 -0.7375
v -1.3375 0.012499999999999997 -0.875
v -1.3375 0 -0.7375
v -1.3375 0 -0.875
v -1.475 0.012499999999999997 -0.875
v -1.475 0.012499999999999997 -0.7375
v -1.475 0 -0.875
v -1.475 0 -0.7375
vt 0 0.940625
vt 0.034375 0.940625
vt 0.034375 0.9375
vt 0 0.9375
vt 0.0609375 0.940625
vt 0.0953125 0.940625
vt 0.0953125 0.9375
vt 0.0609375 0.9375
vt 0.3578125 0.940625
vt 0.3921875 0.940625
vt 0.3921875 0.9375
vt 0.3578125 0.9375
vt 0.2640625 0.940625
vt 0.2984375 0.940625
vt 0.2984375 0.9375
vt 0.2640625 0.9375
vt 0.3578125 0.7359375
vt 0.3921875 0.7359375
vt 0.3921875 0.7015625
vt 0.3578125 0.7015625
vt 0.3578125 0.9390625
vt 0.3921875 0.9390625
vt 0.3921875 0.9046875
vt 0.3578125 0.9046875
vn 0 0 -1
vn 1 0 0
vn 0 0 1
vn -1 0 0
vn 0 1 0
vn 0 -1 0
usemtl none
f 1020/3588/951 1023/3587/951 1021/3586/951 1018/3585/951
f 1019/3592/952 1020/3591/952 1018/3590/952 1017/3589/952
f 1024/3596/953 1019/3595/953 1017/3594/953 1022/3593/953
f 1023/3600/954 1024/3599/954 1022/3598/954 1021/3597/954
f 1022/3604/955 1017/3603/955 1018/3602/955 1021/3601/955
f 1023/3608/956 1020/3607/956 1019/3606/956 1024/3605/956
o cube
v -1.1687499999999997 0.012499999999999997 -0.29375000000000007
v -1.1687499999999997 0.012499999999999997 -0.43125
v -1.1687499999999997 0 -0.29375000000000007
v -1.1687499999999997 0 -0.43125
v -1.30625 0.012499999999999997 -0.43125
v -1.30625 0.012499999999999997 -0.29375000000000007
v -1.30625 0 -0.43125
v -1.30625 0 -0.29375000000000007
vt 0 0.940625
vt 0.034375 0.940625
vt 0.034375 0.9375
vt 0 0.9375
vt 0.0609375 0.940625
vt 0.0953125 0.940625
vt 0.0953125 0.9375
vt 0.0609375 0.9375
vt 0.3578125 0.940625
vt 0.3921875 0.940625
vt 0.3921875 0.9375
vt 0.3578125 0.9375
vt 0.2640625 0.940625
vt 0.2984375 0.940625
vt 0.2984375 0.9375
vt 0.2640625 0.9375
vt 0.3578125 0.7359375
vt 0.3921875 0.7359375
vt 0.3921875 0.7015625
vt 0.3578125 0.7015625
vt 0.3578125 0.9390625
vt 0.3921875 0.9390625
vt 0.3921875 0.9046875
vt 0.3578125 0.9046875
vn 0 0 -1
vn 1 0 0
vn 0 0 1
vn -1 0 0
vn 0 1 0
vn 0 -1 0
usemtl none
f 1028/3612/957 1031/3611/957 1029/3610/957 1026/3609/957
f 1027/3616/958 1028/3615/958 1026/3614/958 1025/3613/958
f 1032/3620/959 1027/3619/959 1025/3618/959 1030/3617/959
f 1031/3624/960 1032/3623/960 1030/3622/960 1029/3621/960
f 1030/3628/961 1025/3627/961 1026/3626/961 1029/3625/961
f 1031/3632/962 1028/3631/962 1027/3630/962 1032/3629/962
o cube
v -0.74375 0.012499999999999997 -0.15000000000000002
v -0.74375 0.012499999999999997 -0.2875
v -0.74375 0 -0.15000000000000002
v -0.74375 0 -0.2875
v -0.88125 0.012499999999999997 -0.2875
v -0.88125 0.012499999999999997 -0.15000000000000002
v -0.88125 0 -0.2875
v -0.88125 0 -0.15000000000000002
vt 0 0.940625
vt 0.034375 0.940625
vt 0.034375 0.9375
vt 0 0.9375
vt 0.0609375 0.940625
vt 0.0953125 0.940625
vt 0.0953125 0.9375
vt 0.0609375 0.9375
vt 0.3578125 0.940625
vt 0.3921875 0.940625
vt 0.3921875 0.9375
vt 0.3578125 0.9375
vt 0.2640625 0.940625
vt 0.2984375 0.940625
vt 0.2984375 0.9375
vt 0.2640625 0.9375
vt 0.3578125 0.7359375
vt 0.3921875 0.7359375
vt 0.3921875 0.7015625
vt 0.3578125 0.7015625
vt 0.3578125 0.9390625
vt 0.3921875 0.9390625
vt 0.3921875 0.9046875
vt 0.3578125 0.9046875
vn 0 0 -1
vn 1 0 0
vn 0 0 1
vn -1 0 0
vn 0 1 0
vn 0 -1 0
usemtl none
f 1036/3636/963 1039/3635/963 1037/3634/963 1034/3633/963
f 1035/3640/964 1036/3639/964 1034/3638/964 1033/3637/964
f 1040/3644/965 1035/3643/965 1033/3642/965 1038/3641/965
f 1039/3648/966 1040/3647/966 1038/3646/966 1037/3645/966
f 1038/3652/967 1033/3651/967 1034/3650/967 1037/3649/967
f 1039/3656/968 1036/3655/968 1035/3654/968 1040/3653/968
o cube
v -0.36875 0.012499999999999997 -0.28125
v -0.36875 0.012499999999999997 -0.41874999999999996
v -0.36875 0 -0.28125
v -0.36875 0 -0.41874999999999996
v -0.50625 0.012499999999999997 -0.41874999999999996
v -0.50625 0.012499999999999997 -0.28125
v -0.50625 0 -0.41874999999999996
v -0.50625 0 -0.28125
vt 0 0.940625
vt 0.034375 0.940625
vt 0.034375 0.9375
vt 0 0.9375
vt 0.0609375 0.940625
vt 0.0953125 0.940625
vt 0.0953125 0.9375
vt 0.0609375 0.9375
vt 0.3578125 0.940625
vt 0.3921875 0.940625
vt 0.3921875 0.9375
vt 0.3578125 0.9375
vt 0.2640625 0.940625
vt 0.2984375 0.940625
vt 0.2984375 0.9375
vt 0.2640625 0.9375
vt 0.3578125 0.7359375
vt 0.3921875 0.7359375
vt 0.3921875 0.7015625
vt 0.3578125 0.7015625
vt 0.3578125 0.9390625
vt 0.3921875 0.9390625
vt 0.3921875 0.9046875
vt 0.3578125 0.9046875
vn 0 0 -1
vn 1 0 0
vn 0 0 1
vn -1 0 0
vn 0 1 0
vn 0 -1 0
usemtl none
f 1044/3660/969 1047/3659/969 1045/3658/969 1042/3657/969
f 1043/3664/970 1044/3663/970 1042/3662/970 1041/3661/970
f 1048/3668/971 1043/3667/971 1041/3666/971 1046/3665/971
f 1047/3672/972 1048/3671/972 1046/3670/972 1045/3669/972
f 1046/3676/973 1041/3675/973 1042/3674/973 1045/3673/973
f 1047/3680/974 1044/3679/974 1043/3678/974 1048/3677/974
o cube
v -0.15000000000000002 0.012499999999999997 -0.7375
v -0.15000000000000002 0.012499999999999997 -0.875
v -0.15000000000000002 0 -0.7375
v -0.15000000000000002 0 -0.875
v -0.2875 0.012499999999999997 -0.875
v -0.2875 0.012499999999999997 -0.7375
v -0.2875 0 -0.875
v -0.2875 0 -0.7375
vt 0 0.940625
vt 0.034375 0.940625
vt 0.034375 0.9375
vt 0 0.9375
vt 0.0609375 0.940625
vt 0.0953125 0.940625
vt 0.0953125 0.9375
vt 0.0609375 0.9375
vt 0.3578125 0.940625
vt 0.3921875 0.940625
vt 0.3921875 0.9375
vt 0.3578125 0.9375
vt 0.2640625 0.940625
vt 0.2984375 0.940625
vt 0.2984375 0.9375
vt 0.2640625 0.9375
vt 0.3578125 0.7359375
vt 0.3921875 0.7359375
vt 0.3921875 0.7015625
vt 0.3578125 0.7015625
vt 0.3578125 0.9390625
vt 0.3921875 0.9390625
vt 0.3921875 0.9046875
vt 0.3578125 0.9046875
vn 0 0 -1
vn 1 0 0
vn 0 0 1
vn -1 0 0
vn 0 1 0
vn 0 -1 0
usemtl none
f 1052/3684/975 1055/3683/975 1053/3682/975 1050/3681/975
f 1051/3688/976 1052/3687/976 1050/3686/976 1049/3685/976
f 1056/3692/977 1051/3691/977 1049/3690/977 1054/3689/977
f 1055/3696/978 1056/3695/978 1054/3694/978 1053/3693/978
f 1054/3700/979 1049/3699/979 1050/3698/979 1053/3697/979
f 1055/3704/980 1052/3703/980 1051/3702/980 1056/3701/980
o cube
v -0.36875 0.012499999999999997 -1.19375
v -0.36875 0.012499999999999997 -1.3312500000000003
v -0.36875 0 -1.19375
v -0.36875 0 -1.3312500000000003
v -0.50625 0.012499999999999997 -1.3312500000000003
v -0.50625 0.012499999999999997 -1.19375
v -0.50625 0 -1.3312500000000003
v -0.50625 0 -1.19375
vt 0 0.940625
vt 0.034375 0.940625
vt 0.034375 0.9375
vt 0 0.9375
vt 0.0609375 0.940625
vt 0.0953125 0.940625
vt 0.0953125 0.9375
vt 0.0609375 0.9375
vt 0.3578125 0.940625
vt 0.3921875 0.940625
vt 0.3921875 0.9375
vt 0.3578125 0.9375
vt 0.2640625 0.940625
vt 0.2984375 0.940625
vt 0.2984375 0.9375
vt 0.2640625 0.9375
vt 0.3578125 0.7359375
vt 0.3921875 0.7359375
vt 0.3921875 0.7015625
vt 0.3578125 0.7015625
vt 0.3578125 0.9390625
vt 0.3921875 0.9390625
vt 0.3921875 0.9046875
vt 0.3578125 0.9046875
vn 0 0 -1
vn 1 0 0
vn 0 0 1
vn -1 0 0
vn 0 1 0
vn 0 -1 0
usemtl none
f 1060/3708/981 1063/3707/981 1061/3706/981 1058/3705/981
f 1059/3712/982 1060/3711/982 1058/3710/982 1057/3709/982
f 1064/3716/983 1059/3715/983 1057/3714/983 1062/3713/983
f 1063/3720/984 1064/3719/984 1062/3718/984 1061/3717/984
f 1062/3724/985 1057/3723/985 1058/3722/985 1061/3721/985
f 1063/3728/986 1060/3727/986 1059/3726/986 1064/3725/986
o cube
v -0.375 0.13125 -1.2
v -0.375 0.13125 -1.325
v -0.375 0.012500000000000011 -1.2
v -0.375 0.012500000000000011 -1.325
v -0.5 0.13125 -1.325
v -0.5 0.13125 -1.2
v -0.5 0.012500000000000011 -1.325
v -0.5 0.012500000000000011 -1.2
vt 0 0.9703125
vt 0.03125 0.9703125
vt 0.03125 0.940625
vt 0 0.940625
vt 0.0625 0.9703125
vt 0.09375 0.9703125
vt 0.09375 0.940625
vt 0.0625 0.940625
vt 0.359375 0.9703125
vt 0.390625 0.9703125
vt 0.390625 0.940625
vt 0.359375 0.940625
vt 0.265625 0.9703125
vt 0.296875 0.9703125
vt 0.296875 0.940625
vt 0.265625 0.940625
vt 0.359375 0.734375
vt 0.390625 0.734375
vt 0.390625 0.703125
vt 0.359375 0.703125
vt 0.359375 0.9375
vt 0.390625 0.9375
vt 0.390625 0.90625
vt 0.359375 0.90625
vn 0 0 -1
vn 1 0 0
vn 0 0 1
vn -1 0 0
vn 0 1 0
vn 0 -1 0
usemtl none
f 1068/3732/987 1071/3731/987 1069/3730/987 1066/3729/987
f 1067/3736/988 1068/3735/988 1066/3734/988 1065/3733/988
f 1072/3740/989 1067/3739/989 1065/3738/989 1070/3737/989
f 1071/3744/990 1072/3743/990 1070/3742/990 1069/3741/990
f 1070/3748/991 1065/3747/991 1066/3746/991 1069/3745/991
f 1071/3752/992 1068/3751/992 1067/3750/992 1072/3749/992
o cube
v -1.175 0.13125 -1.1375
v -1.175 0.13125 -1.2625
v -1.175 0.012500000000000011 -1.1375
v -1.175 0.012500000000000011 -1.2625
v -1.3 0.13125 -1.2625
v -1.3 0.13125 -1.1375
v -1.3 0.012500000000000011 -1.2625
v -1.3 0.012500000000000011 -1.1375
vt 0 0.9703125
vt 0.03125 0.9703125
vt 0.03125 0.940625
vt 0 0.940625
vt 0.0625 0.9703125
vt 0.09375 0.9703125
vt 0.09375 0.940625
vt 0.0625 0.940625
vt 0.359375 0.9703125
vt 0.390625 0.9703125
vt 0.390625 0.940625
vt 0.359375 0.940625
vt 0.265625 0.9703125
vt 0.296875 0.9703125
vt 0.296875 0.940625
vt 0.265625 0.940625
vt 0.359375 0.734375
vt 0.390625 0.734375
vt 0.390625 0.703125
vt 0.359375 0.703125
vt 0.359375 0.9375
vt 0.390625 0.9375
vt 0.390625 0.90625
vt 0.359375 0.90625
vn 0 0 -1
vn 1 0 0
vn 0 0 1
vn -1 0 0
vn 0 1 0
vn 0 -1 0
usemtl none
f 1076/3756/993 1079/3755/993 1077/3754/993 1074/3753/993
f 1075/3760/994 1076/3759/994 1074/3758/994 1073/3757/994
f 1080/3764/995 1075/3763/995 1073/3762/995 1078/3761/995
f 1079/3768/996 1080/3767/996 1078/3766/996 1077/3765/996
f 1078/3772/997 1073/3771/997 1074/3770/997 1077/3769/997
f 1079/3776/998 1076/3775/998 1075/3774/998 1080/3773/998
o cube
v -1.175 0.13125 -0.3
v -1.175 0.13125 -0.425
v -1.175 0.012500000000000011 -0.3
v -1.175 0.012500000000000011 -0.425
v -1.3 0.13125 -0.425
v -1.3 0.13125 -0.3
v -1.3 0.012500000000000011 -0.425
v -1.3 0.012500000000000011 -0.3
vt 0 0.9703125
vt 0.03125 0.9703125
vt 0.03125 0.940625
vt 0 0.940625
vt 0.065625 0.9703125
vt 0.096875 0.9703125
vt 0.096875 0.940625
vt 0.065625 0.940625
vt 0.3609375 0.9703125
vt 0.3921875 0.9703125
vt 0.3921875 0.940625
vt 0.3609375 0.940625
vt 0.2625 0.9703125
vt 0.29375 0.9703125
vt 0.29375 0.940625
vt 0.2625 0.940625
vt 0.3609375 0.7375
vt 0.3921875 0.7375
vt 0.3921875 0.70625
vt 0.3609375 0.70625
vt 0.3609375 0.934375
vt 0.3921875 0.934375
vt 0.3921875 0.903125
vt 0.3609375 0.903125
vn 0 0 -1
vn 1 0 0
vn 0 0 1
vn -1 0 0
vn 0 1 0
vn 0 -1 0
usemtl none
f 1084/3780/999 1087/3779/999 1085/3778/999 1082/3777/999
f 1083/3784/1000 1084/3783/1000 1082/3782/1000 1081/3781/1000
f 1088/3788/1001 1083/3787/1001 1081/3786/1001 1086/3785/1001
f 1087/3792/1002 1088/3791/1002 1086/3790/1002 1085/3789/1002
f 1086/3796/1003 1081/3795/1003 1082/3794/1003 1085/3793/1003
f 1087/3800/1004 1084/3799/1004 1083/3798/1004 1088/3797/1004
o beveled_cuboid
v -0.764583125 0.645833125 -1.5437500000000002
v -0.764583125 0.5541668750000001 -1.5437500000000002
v -0.860416875 0.645833125 -1.5437500000000002
v -0.860416875 0.5541668750000001 -1.5437500000000002
v -0.764583125 0.645833125 -1.4937500000000001
v -0.764583125 0.5541668750000001 -1.4937500000000001
v -0.860416875 0.645833125 -1.4937500000000001
v -0.860416875 0.5541668750000001 -1.4937500000000001
v -0.95625 0.645833125 -1.4940881250000002
v -0.95625 0.645833125 -1.54287875
v -0.95625 0.5541668750000001 -1.4940881250000002
v -0.95625 0.5541668750000001 -1.54287875
v -0.66875 0.645833125 -1.4940881250000002
v -0.66875 0.645833125 -1.54287875
v -0.66875 0.5541668750000001 -1.4940881250000002
v -0.66875 0.5541668750000001 -1.54287875
v -0.764583125 0.4625 -1.4940881250000002
v -0.764583125 0.4625 -1.54287875
v -0.860416875 0.4625 -1.4940881250000002
v -0.860416875 0.4625 -1.54287875
v -0.764583125 0.7375 -1.494088125
v -0.764583125 0.7375 -1.54287875
v -0.860416875 0.7375 -1.494088125
v -0.860416875 0.7375 -1.54287875
vt 0.015625 0.984375
vt 0.015625 1
vt 0 1
vt 0 0.984375
vt 0 0.984375
vt 0.015625 0.984375
vt 0.015625 1
vt 0 1
vt 0.015625 1
vt 0 1
vt 0 0.977903125
vt 0.015625 0.977903125
vt 0.015625 0.977903125
vt 0.015625 1
vt 0 1
vt 0 0.977903125
vt 0.015625 0.977903125
vt 0.015625 1
vt 0 1
vt 0 0.977903125
vt 0.015625 1
vt 0 1
vt 0 0.977903125
vt 0.015625 0.977903125
vt 0 1
vt 0 0.977903125
vt 0.015625 0.977903125
vt 0.015625 1
vt 0 0.977903125
vt 0.015625 0.977903125
vt 0.015625 1
vt 0 1
vt 0 0.977903125
vt 0.015625 0.977903125
vt 0.015625 1
vt 0 1
vt 0 1
vt 0 0.977903125
vt 0.015625 0.977903125
vt 0.015625 1
vt 0.0110484375 0.9808625
vt 0.022096875 1
vt 0 1
vt 0.0110484375 0.9808625
vt 0.022096875 1
vt 0 1
vt 0.0110484375 0.9808625
vt 0.022096875 1
vt 0 1
vt 0.0110484375 0.9808625
vt 0.022096875 1
vt 0 1
vt 0.0110484375 1
vt 0 0.9808640625
vt 0.022096875 0.9808640625
vt 0.0110484375 1
vt 0 0.9808640625
vt 0.022096875 0.9808640625
vt 0.0110484375 1
vt 0 0.9808640625
vt 0.022096875 0.9808640625
vt 0.0110484375 1
vt 0 0.9808640625
vt 0.022096875 0.9808640625
vt 0.015625 1
vt 0 1
vt 0 0.96875
vt 0.015625 0.96875
vt 0.015625 0.96875
vt 0.015625 1
vt 0 1
vt 0 0.96875
vt 0.015625 0.96875
vt 0.015625 1
vt 0 1
vt 0 0.96875
vt 0.015625 1
vt 0 1
vt 0 0.96875
vt 0.015625 0.96875
vt 0 0.96875
vt 0.022096875 0.96875
vt 0.022096875 1
vt 0 1
vt 0 1
vt 0 0.96875
vt 0.022096875 0.96875
vt 0.022096875 1
vt 0 1
vt 0 0.96875
vt 0.022096875 0.96875
vt 0.022096875 1
vt 0 0.96875
vt 0.022096875 0.96875
vt 0.022096875 1
vt 0 1
vn 0 2.220446049250313e-16 -1
vn 0 -2.220446049250313e-16 1
vn 0.00909094842601096 2.2203542925914667e-16 -0.9999586764745411
vn -0.00909094842601096 2.2203542925914667e-16 -0.9999586764745411
vn 0 0.009504094582230721 -0.9999548350731509
vn 0 -0.009504094582230277 -0.9999548350731509
vn 0.0035282465787784484 -2.2204322285694222e-16 0.999993775718669
vn -0.0035282465787784484 -2.2204322285694222e-16 0.999993775718669
vn 0 0.003688602886954458 0.9999931970812314
vn 0 -0.003688602886954902 0.9999931970812314
vn 0.003528222576702368 0.0036885799283647414 0.9999869729269284
vn -0.003528222576702368 0.0036885799283647414 0.9999869729269284
vn 0.003528222576702368 -0.0036885799283651855 0.9999869729269284
vn -0.003528222576702368 -0.0036885799283651855 0.9999869729269284
vn 0.00909053786792153 0.009503701875009677 -0.9999135171463296
vn -0.00909053786792153 0.009503701875009677 -0.9999135171463296
vn 0.00909053786792153 -0.009503701875009233 -0.9999135171463296
vn -0.00909053786792153 -0.009503701875009233 -0.9999135171463296
vn 1 0 0
vn -1 0 0
vn 0 1 2.220446049250313e-16
vn 0 -1 -2.220446049250313e-16
vn 0.6912242510439012 -0.7226403218536853 -1.6045838476889902e-16
vn 0.6912242510439012 0.7226403218536853 1.6045838476889902e-16
vn -0.6912242510439012 -0.7226403218536853 -1.6045838476889902e-16
vn -0.6912242510439012 0.7226403218536853 1.6045838476889902e-16
usemtl none
f 1089/3801/1005 1090/3802/1005 1092/3803/1005 1091/3804/1005
f 1096/3805/1006 1094/3806/1006 1093/3807/1006 1095/3808/1006
f 1090/3809/1007 1089/3810/1007 1102/3811/1007 1104/3812/1007
f 1098/3813/1008 1091/3814/1008 1092/3815/1008 1100/3816/1008
f 1110/3817/1009 1089/3818/1009 1091/3819/1009 1112/3820/1009
f 1092/3821/1010 1090/3822/1010 1106/3823/1010 1108/3824/1010
f 1101/3825/1011 1093/3826/1011 1094/3827/1011 1103/3828/1011
f 1096/3829/1012 1095/3830/1012 1097/3831/1012 1099/3832/1012
f 1095/3833/1013 1093/3834/1013 1109/3835/1013 1111/3836/1013
f 1105/3837/1014 1094/3838/1014 1096/3839/1014 1107/3840/1014
f 1093/3841/1015 1101/3842/1015 1109/3843/1015
f 1095/3844/1016 1111/3845/1016 1097/3846/1016
f 1094/3847/1017 1105/3848/1017 1103/3849/1017
f 1096/3850/1018 1099/3851/1018 1107/3852/1018
f 1089/3853/1019 1110/3854/1019 1102/3855/1019
f 1091/3856/1020 1098/3857/1020 1112/3858/1020
f 1090/3859/1021 1104/3860/1021 1106/3861/1021
f 1092/3862/1022 1108/3863/1022 1100/3864/1022
f 1104/3865/1023 1102/3866/1023 1101/3867/1023 1103/3868/1023
f 1097/3869/1024 1098/3870/1024 1100/3871/1024 1099/3872/1024
f 1109/3873/1025 1110/3874/1025 1112/3875/1025 1111/3876/1025
f 1108/3877/1026 1106/3878/1026 1105/3879/1026 1107/3880/1026
f 1103/3881/1027 1105/3882/1027 1106/3883/1027 1104/3884/1027
f 1110/3885/1028 1109/3886/1028 1101/3887/1028 1102/3888/1028
f 1108/3889/1029 1107/3890/1029 1099/3891/1029 1100/3892/1029
f 1097/3893/1030 1111/3894/1030 1112/3895/1030 1098/3896/1030
o cube
v -0.6234374999999999 1.625 -1.49375
v -0.6234374999999999 1.625 -1.5124999999999997
v -0.6234374999999999 1.4 -1.49375
v -0.6234374999999999 1.4 -1.5124999999999997
v -1.0046875 1.625 -1.5124999999999997
v -1.0046875 1.625 -1.49375
v -1.0046875 1.4 -1.5124999999999997
v -1.0046875 1.4 -1.49375
vt 0 1
vt 0.0953125 1
vt 0.0953125 0.94375
vt 0 0.94375
vt 0 1
vt 0.0046875 1
vt 0.0046875 0.94375
vt 0 0.94375
vt 0 1
vt 0.0953125 1
vt 0.0953125 0.94375
vt 0 0.94375
vt 0.0265625 1
vt 0.03125 1
vt 0.03125 0.94375
vt 0.0265625 0.94375
vt 0 0.9734375
vt 0.0953125 0.9734375
vt 0.0953125 0.96875
vt 0 0.96875
vt 0 1
vt 0.0953125 1
vt 0.0953125 0.9953125
vt 0 0.9953125
vn 0 0 -1
vn 1 0 0
vn 0 0 1
vn -1 0 0
vn 0 1 0
vn 0 -1 0
usemtl none
f 1116/3900/1031 1119/3899/1031 1117/3898/1031 1114/3897/1031
f 1115/3904/1032 1116/3903/1032 1114/3902/1032 1113/3901/1032
f 1120/3908/1033 1115/3907/1033 1113/3906/1033 1118/3905/1033
f 1119/3912/1034 1120/3911/1034 1118/3910/1034 1117/3909/1034
f 1118/3916/1035 1113/3915/1035 1114/3914/1035 1117/3913/1035
f 1119/3920/1036 1116/3919/1036 1115/3918/1036 1120/3917/1036
o cube
v -0.43407563390872034 1.625 -1.3833868854998765
v -0.42484269215678044 1.625 -1.3997060547987494
v -0.43407563390872034 1.4 -1.3833868854998765
v -0.42484269215678044 1.4 -1.3997060547987494
v -0.6261124468428823 1.625 -1.5135790030726761
v -0.6353453885948221 1.625 -1.4972598337738032
v -0.6261124468428823 1.4 -1.5135790030726761
v -0.6353453885948221 1.4 -1.4972598337738032
vt 0.0375 1
vt 0.0953125 1
vt 0.0953125 0.94375
vt 0.0375 0.94375
vt 0 1
vt 0.0046875 1
vt 0.0046875 0.94375
vt 0 0.94375
vt 0 1
vt 0.0578125 1
vt 0.0578125 0.94375
vt 0 0.94375
vt 0.0265625 1
vt 0.03125 1
vt 0.03125 0.94375
vt 0.0265625 0.94375
vt 0 0.9734375
vt 0.0578125 0.9734375
vt 0.0578125 0.96875
vt 0 0.96875
vt 0 1
vt 0.0578125 1
vt 0.0578125 0.9953125
vt 0 0.9953125
vn 0.4924235601034671 0 -0.8703556959398997
vn 0.8703556959398997 0 0.4924235601034671
vn -0.4924235601034671 0 0.8703556959398997
vn -0.8703556959398997 0 -0.4924235601034671
vn 0 1 0
vn 0 -1 0
usemtl none
f 1124/3924/1037 1127/3923/1037 1125/3922/1037 1122/3921/1037
f 1123/3928/1038 1124/3927/1038 1122/3926/1038 1121/3925/1038
f 1128/3932/1039 1123/3931/1039 1121/3930/1039 1126/3929/1039
f 1127/3936/1040 1128/3935/1040 1126/3934/1040 1125/3933/1040
f 1126/3940/1041 1121/3939/1041 1122/3938/1041 1125/3937/1041
f 1127/3944/1042 1124/3943/1042 1123/3942/1042 1128/3941/1042
o cube
v -0.9896546114051777 1.625 -1.4972598337738032
v -0.9988875531571177 1.625 -1.5135790030726761
v -0.9896546114051777 1.4 -1.4972598337738032
v -0.9988875531571177 1.4 -1.5135790030726761
v -1.2001573078432195 1.625 -1.3997060547987494
v -1.1909243660912796 1.625 -1.3833868854998765
v -1.2001573078432195 1.4 -1.3997060547987494
v -1.1909243660912796 1.4 -1.3833868854998765
vt 0.0953125 1
vt 0.0375 1
vt 0.0375 0.94375
vt 0.0953125 0.94375
vt 0.03125 1
vt 0.0265625 1
vt 0.0265625 0.94375
vt 0.03125 0.94375
vt 0.0578125 1
vt 0 1
vt 0 0.94375
vt 0.0578125 0.94375
vt 0.0046875 1
vt 0 1
vt 0 0.94375
vt 0.0046875 0.94375
vt 0.0578125 0.9734375
vt 0 0.9734375
vt 0 0.96875
vt 0.0578125 0.96875
vt 0.0578125 1
vt 0 1
vt 0 0.9953125
vt 0.0578125 0.9953125
vn -0.4924235601034671 0 -0.8703556959398997
vn 0.8703556959398997 0 -0.4924235601034671
vn 0.4924235601034671 0 0.8703556959398997
vn -0.8703556959398997 0 0.4924235601034671
vn 0 1 0
vn 0 -1 0
usemtl none
f 1132/3948/1043 1135/3947/1043 1133/3946/1043 1130/3945/1043
f 1131/3952/1044 1132/3951/1044 1130/3950/1044 1129/3949/1044
f 1136/3956/1045 1131/3955/1045 1129/3954/1045 1134/3953/1045
f 1135/3960/1046 1136/3959/1046 1134/3958/1046 1133/3957/1046
f 1134/3964/1047 1129/3963/1047 1130/3962/1047 1133/3961/1047
f 1135/3968/1048 1132/3967/1048 1131/3966/1048 1136/3965/1048
o cube
v 1.5 0.1 -1.49375
v 1.5 0.1 -1.61875
v 1.5 0 -1.49375
v 1.5 0 -1.61875
v -1.5 0.1 -1.61875
v -1.5 0.1 -1.49375
v -1.5 0 -1.61875
v -1.5 0 -1.49375
vt 0.0046875 0.9375
vt 0.7546875 0.9375
vt 0.7546875 0.9125
vt 0.0046875 0.9125
vt 0.746875 0.9375
vt 0.778125 0.9375
vt 0.778125 0.9125
vt 0.746875 0.9125
vt 0.109375 0.9375
vt 0.859375 0.9375
vt 0.859375 0.9125
vt 0.109375 0.9125
vt 0.1921875 0.9375
vt 0.2234375 0.9375
vt 0.2234375 0.9125
vt 0.1921875 0.9125
vt 0.109375 0.8078125
vt 0.859375 0.8078125
vt 0.859375 0.7765625
vt 0.109375 0.7765625
vt 0.109375 0.25312500000000004
vt 0.859375 0.25312500000000004
vt 0.859375 0.22187500000000004
vt 0.109375 0.22187500000000004
vn 0 0 -1
vn 1 0 0
vn 0 0 1
vn -1 0 0
vn 0 1 0
vn 0 -1 0
usemtl none
f 1140/3972/1049 1143/3971/1049 1141/3970/1049 1138/3969/1049
f 1139/3976/1050 1140/3975/1050 1138/3974/1050 1137/3973/1050
f 1144/3980/1051 1139/3979/1051 1137/3978/1051 1142/3977/1051
f 1143/3984/1052 1144/3983/1052 1142/3982/1052 1141/3981/1052
f 1142/3988/1053 1137/3987/1053 1138/3986/1053 1141/3985/1053
f 1143/3992/1054 1140/3991/1054 1139/3990/1054 1144/3989/1054
o cube
v 1.5 0.1 1.787500000000001
v 1.5 0.1 1.662500000000001
v 1.5 0 1.787500000000001
v 1.5 0 1.662500000000001
v -1.5 0.1 1.662500000000001
v -1.5 0.1 1.787500000000001
v -1.5 0 1.662500000000001
v -1.5 0 1.787500000000001
vt 0.0046875 0.9375
vt 0.7546875 0.9375
vt 0.7546875 0.9125
vt 0.0046875 0.9125
vt 0.746875 0.9375
vt 0.778125 0.9375
vt 0.778125 0.9125
vt 0.746875 0.9125
vt 0.109375 0.9375
vt 0.859375 0.9375
vt 0.859375 0.9125
vt 0.109375 0.9125
vt 0.1921875 0.9375
vt 0.2234375 0.9375
vt 0.2234375 0.9125
vt 0.1921875 0.9125
vt 0.109375 0.8078125
vt 0.859375 0.8078125
vt 0.859375 0.7765625
vt 0.109375 0.7765625
vt 0.109375 0.25312500000000004
vt 0.859375 0.25312500000000004
vt 0.859375 0.22187500000000004
vt 0.109375 0.22187500000000004
vn 0 0 -1
vn 1 0 0
vn 0 0 1
vn -1 0 0
vn 0 1 0
vn 0 -1 0
usemtl none
f 1148/3996/1055 1151/3995/1055 1149/3994/1055 1146/3993/1055
f 1147/4000/1056 1148/3999/1056 1146/3998/1056 1145/3997/1056
f 1152/4004/1057 1147/4003/1057 1145/4002/1057 1150/4001/1057
f 1151/4008/1058 1152/4007/1058 1150/4006/1058 1149/4005/1058
f 1150/4012/1059 1145/4011/1059 1146/4010/1059 1149/4009/1059
f 1151/4016/1060 1148/4015/1060 1147/4014/1060 1152/4013/1060
o cube
v 1.6250000000000004 0.1 -1.61875
v 1.5000000000000004 0.1 -1.61875
v 1.6250000000000004 0 -1.61875
v 1.5000000000000004 0 -1.61875
v 1.4999999999999996 0.1 1.7874999999999999
v 1.6249999999999996 0.1 1.7874999999999999
v 1.4999999999999996 0 1.7874999999999999
v 1.6249999999999996 0 1.7874999999999999
vt 0 0.9375
vt 0.8515625 0.9375
vt 0.8515625 0.9125
vt 0 0.9125
vt 0.746875 0.9375
vt 0.778125 0.9375
vt 0.778125 0.9125
vt 0.746875 0.9125
vt 0.0703125 0.9375
vt 0.921875 0.9375
vt 0.921875 0.9125
vt 0.0703125 0.9125
vt 0.1921875 0.9375
vt 0.2234375 0.9375
vt 0.2234375 0.9125
vt 0.1921875 0.9125
vt 0.0703125 0.8078125
vt 0.921875 0.8078125
vt 0.921875 0.7765625
vt 0.0703125 0.7765625
vt 0.0703125 0.25312500000000004
vt 0.921875 0.25312500000000004
vt 0.921875 0.22187500000000004
vt 0.0703125 0.22187500000000004
vn -1 0 -2.220446049250313e-16
vn 2.220446049250313e-16 0 -1
vn 1 0 2.220446049250313e-16
vn -2.220446049250313e-16 0 1
vn 0 1 0
vn 0 -1 0
usemtl none
f 1156/4020/1061 1159/4019/1061 1157/4018/1061 1154/4017/1061
f 1155/4024/1062 1156/4023/1062 1154/4022/1062 1153/4021/1062
f 1160/4028/1063 1155/4027/1063 1153/4026/1063 1158/4025/1063
f 1159/4032/1064 1160/4031/1064 1158/4030/1064 1157/4029/1064
f 1158/4036/1065 1153/4035/1065 1154/4034/1065 1157/4033/1065
f 1159/4040/1066 1156/4039/1066 1155/4038/1066 1160/4037/1066
o cube
v -1.4999999999999996 0.1 -1.61875
v -1.6249999999999996 0.1 -1.61875
v -1.4999999999999996 0 -1.61875
v -1.6249999999999996 0 -1.61875
v -1.6250000000000004 0.1 1.7874999999999999
v -1.5000000000000004 0.1 1.7874999999999999
v -1.6250000000000004 0 1.7874999999999999
v -1.5000000000000004 0 1.7874999999999999
vt 0 0.9375
vt 0.8515625 0.9375
vt 0.8515625 0.9125
vt 0 0.9125
vt 0.746875 0.9375
vt 0.778125 0.9375
vt 0.778125 0.9125
vt 0.746875 0.9125
vt 0.0703125 0.9375
vt 0.921875 0.9375
vt 0.921875 0.9125
vt 0.0703125 0.9125
vt 0.1921875 0.9375
vt 0.2234375 0.9375
vt 0.2234375 0.9125
vt 0.1921875 0.9125
vt 0.0703125 0.8078125
vt 0.921875 0.8078125
vt 0.921875 0.7765625
vt 0.0703125 0.7765625
vt 0.0703125 0.25312500000000004
vt 0.921875 0.25312500000000004
vt 0.921875 0.22187500000000004
vt 0.0703125 0.22187500000000004
vn -1 0 -2.220446049250313e-16
vn 2.220446049250313e-16 0 -1
vn 1 0 2.220446049250313e-16
vn -2.220446049250313e-16 0 1
vn 0 1 0
vn 0 -1 0
usemtl none
f 1164/4044/1067 1167/4043/1067 1165/4042/1067 1162/4041/1067
f 1163/4048/1068 1164/4047/1068 1162/4046/1068 1161/4045/1068
f 1168/4052/1069 1163/4051/1069 1161/4050/1069 1166/4049/1069
f 1167/4056/1070 1168/4055/1070 1166/4054/1070 1165/4053/1070
f 1166/4060/1071 1161/4059/1071 1162/4058/1071 1165/4057/1071
f 1167/4064/1072 1164/4063/1072 1163/4062/1072 1168/4061/1072
o cube
v -0.3187500000000001 1.15625 -2.35625
v -0.3187500000000001 1.15625 -2.48125
v -0.3187500000000001 0 -2.35625
v -0.3187500000000001 0 -2.48125
v -0.4437500000000001 1.15625 -2.48125
v -0.4437500000000001 1.15625 -2.35625
v -0.4437500000000001 0 -2.48125
v -0.4437500000000001 0 -2.35625
vt 0.2484375 1
vt 0.2796875 1
vt 0.2796875 0.7109375
vt 0.2484375 0.7109375
vt 0.746875 1
vt 0.778125 1
vt 0.778125 0.7109375
vt 0.746875 0.7109375
vt 0.584375 1
vt 0.615625 1
vt 0.615625 0.7109375
vt 0.584375 0.7109375
vt 0.1921875 1
vt 0.2234375 1
vt 0.2234375 0.7109375
vt 0.1921875 0.7109375
vt 0.584375 0.8078125
vt 0.615625 0.8078125
vt 0.615625 0.7765625
vt 0.584375 0.7765625
vt 0.584375 0.25312500000000004
vt 0.615625 0.25312500000000004
vt 0.615625 0.22187500000000004
vt 0.584375 0.22187500000000004
vn 0 0 -1
vn 1 0 0
vn 0 0 1
vn -1 0 0
vn 0 1 0
vn 0 -1 0
usemtl none
f 1172/4068/1073 1175/4067/1073 1173/4066/1073 1170/4065/1073
f 1171/4072/1074 1172/4071/1074 1170/4070/1074 1169/4069/1074
f 1176/4076/1075 1171/4075/1075 1169/4074/1075 1174/4073/1075
f 1175/4080/1076 1176/4079/1076 1174/4078/1076 1173/4077/1076
f 1174/4084/1077 1169/4083/1077 1170/4082/1077 1173/4081/1077
f 1175/4088/1078 1172/4087/1078 1171/4086/1078 1176/4085/1078
o cube
v -0.3187500000000001 1.15625 -1.6874999999999996
v -0.3187500000000001 1.15625 -1.8124999999999996
v -0.3187500000000001 0 -1.6874999999999996
v -0.3187500000000001 0 -1.8124999999999996
v -0.4437500000000001 1.15625 -1.8124999999999996
v -0.4437500000000001 1.15625 -1.6874999999999996
v -0.4437500000000001 0 -1.8124999999999996
v -0.4437500000000001 0 -1.6874999999999996
vt 0.2484375 0.9984375
vt 0.2796875 0.9984375
vt 0.2796875 0.709375
vt 0.2484375 0.709375
vt 0.746875 0.9984375
vt 0.778125 0.9984375
vt 0.778125 0.709375
vt 0.746875 0.709375
vt 0.584375 0.9984375
vt 0.615625 0.9984375
vt 0.615625 0.709375
vt 0.584375 0.709375
vt 0.1921875 0.9984375
vt 0.2234375 0.9984375
vt 0.2234375 0.709375
vt 0.1921875 0.709375
vt 0.584375 0.8078125
vt 0.615625 0.8078125
vt 0.615625 0.7765625
vt 0.584375 0.7765625
vt 0.584375 0.25312500000000004
vt 0.615625 0.25312500000000004
vt 0.615625 0.22187500000000004
vt 0.584375 0.22187500000000004
vn 0 0 -1
vn 1 0 0
vn 0 0 1
vn -1 0 0
vn 0 1 0
vn 0 -1 0
usemtl none
f 1180/4092/1079 1183/4091/1079 1181/4090/1079 1178/4089/1079
f 1179/4096/1080 1180/4095/1080 1178/4094/1080 1177/4093/1080
f 1184/4100/1081 1179/4099/1081 1177/4098/1081 1182/4097/1081
f 1183/4104/1082 1184/4103/1082 1182/4102/1082 1181/4101/1082
f 1182/4108/1083 1177/4107/1083 1178/4106/1083 1181/4105/1083
f 1183/4112/1084 1180/4111/1084 1179/4110/1084 1184/4109/1084
o cube
v 0.41249999999999987 1.15625 -1.6874999999999996
v 0.41249999999999987 1.15625 -1.8124999999999996
v 0.41249999999999987 0 -1.6874999999999996
v 0.41249999999999987 0 -1.8124999999999996
v 0.28749999999999987 1.15625 -1.8124999999999996
v 0.28749999999999987 1.15625 -1.6874999999999996
v 0.28749999999999987 0 -1.8124999999999996
v 0.28749999999999987 0 -1.6874999999999996
vt 0.2484375 1
vt 0.2796875 1
vt 0.2796875 0.7109375
vt 0.2484375 0.7109375
vt 0.746875 1
vt 0.778125 1
vt 0.778125 0.7109375
vt 0.746875 0.7109375
vt 0.584375 1
vt 0.615625 1
vt 0.615625 0.7109375
vt 0.584375 0.7109375
vt 0.1921875 1
vt 0.2234375 1
vt 0.2234375 0.7109375
vt 0.1921875 0.7109375
vt 0.584375 0.8078125
vt 0.615625 0.8078125
vt 0.615625 0.7765625
vt 0.584375 0.7765625
vt 0.584375 0.25312500000000004
vt 0.615625 0.25312500000000004
vt 0.615625 0.22187500000000004
vt 0.584375 0.22187500000000004
vn 0 0 -1
vn 1 0 0
vn 0 0 1
vn -1 0 0
vn 0 1 0
vn 0 -1 0
usemtl none
f 1188/4116/1085 1191/4115/1085 1189/4114/1085 1186/4113/1085
f 1187/4120/1086 1188/4119/1086 1186/4118/1086 1185/4117/1086
f 1192/4124/1087 1187/4123/1087 1185/4122/1087 1190/4121/1087
f 1191/4128/1088 1192/4127/1088 1190/4126/1088 1189/4125/1088
f 1190/4132/1089 1185/4131/1089 1186/4130/1089 1189/4129/1089
f 1191/4136/1090 1188/4135/1090 1187/4134/1090 1192/4133/1090
o cube
v 0.31874999999999987 1.15625 -1.71875
v 0.31874999999999987 1.15625 -2.53125
v 0.31874999999999987 0.21249999999999997 -1.71875
v 0.31874999999999987 0.21249999999999997 -2.53125
v -0.36250000000000004 1.15625 -2.53125
v -0.36250000000000004 1.15625 -1.71875
v -0.36250000000000004 0.21249999999999997 -2.53125
v -0.36250000000000004 0.21249999999999997 -1.71875
vt 0.271875 1
vt 0.4421875 1
vt 0.4421875 0.7640625
vt 0.271875 0.7640625
vt 0.5875 1
vt 0.790625 1
vt 0.790625 0.7640625
vt 0.5875 0.7640625
vt 0.421875 1
vt 0.5921875 1
vt 0.5921875 0.7640625
vt 0.421875 0.7640625
vt 0.1796875 1
vt 0.3828125 1
vt 0.3828125 0.7640625
vt 0.1796875 0.7640625
vt 0.421875 0.8203125
vt 0.5921875 0.8203125
vt 0.5921875 0.6171875
vt 0.421875 0.6171875
vt 0.421875 0.4125
vt 0.5921875 0.4125
vt 0.5921875 0.20937499999999998
vt 0.421875 0.20937499999999998
vn 0 0 -1
vn 1 0 0
vn 0 0 1
vn -1 0 0
vn 0 1 0
vn 0 -1 0
usemtl none
f 1196/4140/1091 1199/4139/1091 1197/4138/1091 1194/4137/1091
f 1195/4144/1092 1196/4143/1092 1194/4142/1092 1193/4141/1092
f 1200/4148/1093 1195/4147/1093 1193/4146/1093 1198/4145/1093
f 1199/4152/1094 1200/4151/1094 1198/4150/1094 1197/4149/1094
f 1198/4156/1095 1193/4155/1095 1194/4154/1095 1197/4153/1095
f 1199/4160/1096 1196/4159/1096 1195/4158/1096 1200/4157/1096
o beveled_cuboid
v 0.029166875 0.645833125 -2.5812500000000003
v 0.029166875 0.5541668750000001 -2.5812500000000003
v -0.066666875 0.645833125 -2.5812500000000003
v -0.066666875 0.5541668750000001 -2.5812500000000003
v 0.029166875 0.645833125 -2.53125
v 0.029166875 0.5541668750000001 -2.53125
v -0.066666875 0.645833125 -2.53125
v -0.066666875 0.5541668750000001 -2.53125
v -0.16249999999999998 0.645833125 -2.5315881250000003
v -0.16249999999999998 0.645833125 -2.5803787500000004
v -0.16249999999999998 0.5541668750000001 -2.5315881250000003
v -0.16249999999999998 0.5541668750000001 -2.5803787500000004
v 0.12499999999999999 0.645833125 -2.5315881250000003
v 0.12499999999999999 0.645833125 -2.5803787500000004
v 0.12499999999999999 0.5541668750000001 -2.5315881250000003
v 0.12499999999999999 0.5541668750000001 -2.5803787500000004
v 0.029166875 0.4625 -2.5315881250000003
v 0.029166875 0.4625 -2.5803787500000004
v -0.066666875 0.4625 -2.5315881250000003
v -0.066666875 0.4625 -2.5803787500000004
v 0.029166875 0.7375 -2.5315881250000003
v 0.029166875 0.7375 -2.58037875
v -0.066666875 0.7375 -2.5315881250000003
v -0.066666875 0.7375 -2.58037875
vt 0.015625 0.984375
vt 0.015625 1
vt 0 1
vt 0 0.984375
vt 0 0.984375
vt 0.015625 0.984375
vt 0.015625 1
vt 0 1
vt 0.015625 1
vt 0 1
vt 0 0.977903125
vt 0.015625 0.977903125
vt 0.015625 0.977903125
vt 0.015625 1
vt 0 1
vt 0 0.977903125
vt 0.015625 0.977903125
vt 0.015625 1
vt 0 1
vt 0 0.977903125
vt 0.015625 1
vt 0 1
vt 0 0.977903125
vt 0.015625 0.977903125
vt 0 1
vt 0 0.977903125
vt 0.015625 0.977903125
vt 0.015625 1
vt 0 0.977903125
vt 0.015625 0.977903125
vt 0.015625 1
vt 0 1
vt 0 0.977903125
vt 0.015625 0.977903125
vt 0.015625 1
vt 0 1
vt 0 1
vt 0 0.977903125
vt 0.015625 0.977903125
vt 0.015625 1
vt 0.0110484375 0.9808625
vt 0.022096875 1
vt 0 1
vt 0.0110484375 0.9808625
vt 0.022096875 1
vt 0 1
vt 0.0110484375 0.9808625
vt 0.022096875 1
vt 0 1
vt 0.0110484375 0.9808625
vt 0.022096875 1
vt 0 1
vt 0.0110484375 1
vt 0 0.9808640625
vt 0.022096875 0.9808640625
vt 0.0110484375 1
vt 0 0.9808640625
vt 0.022096875 0.9808640625
vt 0.0110484375 1
vt 0 0.9808640625
vt 0.022096875 0.9808640625
vt 0.0110484375 1
vt 0 0.9808640625
vt 0.022096875 0.9808640625
vt 0.015625 1
vt 0 1
vt 0 0.96875
vt 0.015625 0.96875
vt 0.015625 0.96875
vt 0.015625 1
vt 0 1
vt 0 0.96875
vt 0.015625 0.96875
vt 0.015625 1
vt 0 1
vt 0 0.96875
vt 0.015625 1
vt 0 1
vt 0 0.96875
vt 0.015625 0.96875
vt 0 0.96875
vt 0.022096875 0.96875
vt 0.022096875 1
vt 0 1
vt 0 1
vt 0 0.96875
vt 0.022096875 0.96875
vt 0.022096875 1
vt 0 1
vt 0 0.96875
vt 0.022096875 0.96875
vt 0.022096875 1
vt 0 0.96875
vt 0.022096875 0.96875
vt 0.022096875 1
vt 0 1
vn 0 2.220446049250313e-16 -1
vn 0 -2.220446049250313e-16 1
vn 0.00909094842601096 2.2203542925914667e-16 -0.9999586764745411
vn -0.00909094842601096 2.2203542925914667e-16 -0.9999586764745411
vn 0 0.009504094582230721 -0.9999548350731509
vn 0 -0.009504094582230277 -0.9999548350731509
vn 0.0035282465787784484 -2.2204322285694222e-16 0.999993775718669
vn -0.0035282465787784484 -2.2204322285694222e-16 0.999993775718669
vn 0 0.003688602886954458 0.9999931970812314
vn 0 -0.003688602886954902 0.9999931970812314
vn 0.003528222576702368 0.0036885799283647414 0.9999869729269284
vn -0.003528222576702368 0.0036885799283647414 0.9999869729269284
vn 0.003528222576702368 -0.0036885799283651855 0.9999869729269284
vn -0.003528222576702368 -0.0036885799283651855 0.9999869729269284
vn 0.00909053786792153 0.009503701875009677 -0.9999135171463296
vn -0.00909053786792153 0.009503701875009677 -0.9999135171463296
vn 0.00909053786792153 -0.009503701875009233 -0.9999135171463296
vn -0.00909053786792153 -0.009503701875009233 -0.9999135171463296
vn 1 0 0
vn -1 0 0
vn 0 1 2.220446049250313e-16
vn 0 -1 -2.220446049250313e-16
vn 0.6912242510439012 -0.7226403218536853 -1.6045838476889902e-16
vn 0.6912242510439012 0.7226403218536853 1.6045838476889902e-16
vn -0.6912242510439012 -0.7226403218536853 -1.6045838476889902e-16
vn -0.6912242510439012 0.7226403218536853 1.6045838476889902e-16
usemtl none
f 1201/4161/1097 1202/4162/1097 1204/4163/1097 1203/4164/1097
f 1208/4165/1098 1206/4166/1098 1205/4167/1098 1207/4168/1098
f 1202/4169/1099 1201/4170/1099 1214/4171/1099 1216/4172/1099
f 1210/4173/1100 1203/4174/1100 1204/4175/1100 1212/4176/1100
f 1222/4177/1101 1201/4178/1101 1203/4179/1101 1224/4180/1101
f 1204/4181/1102 1202/4182/1102 1218/4183/1102 1220/4184/1102
f 1213/4185/1103 1205/4186/1103 1206/4187/1103 1215/4188/1103
f 1208/4189/1104 1207/4190/1104 1209/4191/1104 1211/4192/1104
f 1207/4193/1105 1205/4194/1105 1221/4195/1105 1223/4196/1105
f 1217/4197/1106 1206/4198/1106 1208/4199/1106 1219/4200/1106
f 1205/4201/1107 1213/4202/1107 1221/4203/1107
f 1207/4204/1108 1223/4205/1108 1209/4206/1108
f 1206/4207/1109 1217/4208/1109 1215/4209/1109
f 1208/4210/1110 1211/4211/1110 1219/4212/1110
f 1201/4213/1111 1222/4214/1111 1214/4215/1111
f 1203/4216/1112 1210/4217/1112 1224/4218/1112
f 1202/4219/1113 1216/4220/1113 1218/4221/1113
f 1204/4222/1114 1220/4223/1114 1212/4224/1114
f 1216/4225/1115 1214/4226/1115 1213/4227/1115 1215/4228/1115
f 1209/4229/1116 1210/4230/1116 1212/4231/1116 1211/4232/1116
f 1221/4233/1117 1222/4234/1117 1224/4235/1117 1223/4236/1117
f 1220/4237/1118 1218/4238/1118 1217/4239/1118 1219/4240/1118
f 1215/4241/1119 1217/4242/1119 1218/4243/1119 1216/4244/1119
f 1222/4245/1120 1221/4246/1120 1213/4247/1120 1214/4248/1120
f 1220/4249/1121 1219/4250/1121 1211/4251/1121 1212/4252/1121
f 1209/4253/1122 1223/4254/1122 1224/4255/1122 1210/4256/1122
o beveled_cuboid
v -0.025 0.645833125 -2.5812500000000003
v -0.025 0.5541668750000001 -2.5812500000000003
v -0.025 0.645833125 -2.5812500000000003
v -0.025 0.5541668750000001 -2.5812500000000003
v -0.025 0.645833125 -2.53125
v -0.025 0.5541668750000001 -2.53125
v -0.025 0.645833125 -2.53125
v -0.025 0.5541668750000001 -2.53125
v -0.025 0.645833125 -2.5315881250000003
v -0.025 0.645833125 -2.5803787500000004
v -0.025 0.5541668750000001 -2.5315881250000003
v -0.025 0.5541668750000001 -2.5803787500000004
v -0.025 0.645833125 -2.5315881250000003
v -0.025 0.645833125 -2.5803787500000004
v -0.025 0.5541668750000001 -2.5315881250000003
v -0.025 0.5541668750000001 -2.5803787500000004
v -0.025 0.4625 -2.5315881250000003
v -0.025 0.4625 -2.5803787500000004
v -0.025 0.4625 -2.5315881250000003
v -0.025 0.4625 -2.5803787500000004
v -0.025 0.7375 -2.5315881250000003
v -0.025 0.7375 -2.58037875
v -0.025 0.7375 -2.5315881250000003
v -0.025 0.7375 -2.58037875
vt 0.015625 0.984375
vt 0.015625 1
vt 0 1
vt 0 0.984375
vt 0 0.984375
vt 0.015625 0.984375
vt 0.015625 1
vt 0 1
vt 0.015625 1
vt 0 1
vt 0 0.977903125
vt 0.015625 0.977903125
vt 0.015625 0.977903125
vt 0.015625 1
vt 0 1
vt 0 0.977903125
vt 0.015625 0.977903125
vt 0.015625 1
vt 0 1
vt 0 0.977903125
vt 0.015625 1
vt 0 1
vt 0 0.977903125
vt 0.015625 0.977903125
vt 0 1
vt 0 0.977903125
vt 0.015625 0.977903125
vt 0.015625 1
vt 0 0.977903125
vt 0.015625 0.977903125
vt 0.015625 1
vt 0 1
vt 0 0.977903125
vt 0.015625 0.977903125
vt 0.015625 1
vt 0 1
vt 0 1
vt 0 0.977903125
vt 0.015625 0.977903125
vt 0.015625 1
vt 0.0110484375 0.9808625
vt 0.022096875 1
vt 0 1
vt 0.0110484375 0.9808625
vt 0.022096875 1
vt 0 1
vt 0.0110484375 0.9808625
vt 0.022096875 1
vt 0 1
vt 0.0110484375 0.9808625
vt 0.022096875 1
vt 0 1
vt 0.0110484375 1
vt 0 0.9808640625
vt 0.022096875 0.9808640625
vt 0.0110484375 1
vt 0 0.9808640625
vt 0.022096875 0.9808640625
vt 0.0110484375 1
vt 0 0.9808640625
vt 0.022096875 0.9808640625
vt 0.0110484375 1
vt 0 0.9808640625
vt 0.022096875 0.9808640625
vt 0.015625 1
vt 0 1
vt 0 0.96875
vt 0.015625 0.96875
vt 0.015625 0.96875
vt 0.015625 1
vt 0 1
vt 0 0.96875
vt 0.015625 0.96875
vt 0.015625 1
vt 0 1
vt 0 0.96875
vt 0.015625 1
vt 0 1
vt 0 0.96875
vt 0.015625 0.96875
vt 0 0.96875
vt 0.022096875 0.96875
vt 0.022096875 1
vt 0 1
vt 0 1
vt 0 0.96875
vt 0.022096875 0.96875
vt 0.022096875 1
vt 0 1
vt 0 0.96875
vt 0.022096875 0.96875
vt 0.022096875 1
vt 0 0.96875
vt 0.022096875 0.96875
vt 0.022096875 1
vt 0 1
vn 0 0 0
vn 0 0 0
vn 1 0 0
vn -1 0 0
vn 0 0 0
vn 0 0 0
vn 1 0 0
vn -1 0 0
vn 0 0 0
vn 0 0 0
vn 1 0 0
vn -1 0 0
vn 1 0 0
vn -1 0 0
vn 1 0 0
vn -1 0 0
vn 1 0 0
vn -1 0 0
vn 1 0 0
vn -1 0 0
vn 0 0 0
vn 0 0 0
vn 1 0 0
vn 1 0 0
vn -1 0 0
vn -1 0 0
usemtl none
f 1225/4257/1123 1226/4258/1123 1228/4259/1123 1227/4260/1123
f 1232/4261/1124 1230/4262/1124 1229/4263/1124 1231/4264/1124
f 1226/4265/1125 1225/4266/1125 1238/4267/1125 1240/4268/1125
f 1234/4269/1126 1227/4270/1126 1228/4271/1126 1236/4272/1126
f 1246/4273/1127 1225/4274/1127 1227/4275/1127 1248/4276/1127
f 1228/4277/1128 1226/4278/1128 1242/4279/1128 1244/4280/1128
f 1237/4281/1129 1229/4282/1129 1230/4283/1129 1239/4284/1129
f 1232/4285/1130 1231/4286/1130 1233/4287/1130 1235/4288/1130
f 1231/4289/1131 1229/4290/1131 1245/4291/1131 1247/4292/1131
f 1241/4293/1132 1230/4294/1132 1232/4295/1132 1243/4296/1132
f 1229/4297/1133 1237/4298/1133 1245/4299/1133
f 1231/4300/1134 1247/4301/1134 1233/4302/1134
f 1230/4303/1135 1241/4304/1135 1239/4305/1135
f 1232/4306/1136 1235/4307/1136 1243/4308/1136
f 1225/4309/1137 1246/4310/1137 1238/4311/1137
f 1227/4312/1138 1234/4313/1138 1248/4314/1138
f 1226/4315/1139 1240/4316/1139 1242/4317/1139
f 1228/4318/1140 1244/4319/1140 1236/4320/1140
f 1240/4321/1141 1238/4322/1141 1237/4323/1141 1239/4324/1141
f 1233/4325/1142 1234/4326/1142 1236/4327/1142 1235/4328/1142
f 1245/4329/1143 1246/4330/1143 1248/4331/1143 1247/4332/1143
f 1244/4333/1144 1242/4334/1144 1241/4335/1144 1243/4336/1144
f 1239/4337/1145 1241/4338/1145 1242/4339/1145 1240/4340/1145
f 1246/4341/1146 1245/4342/1146 1237/4343/1146 1238/4344/1146
f 1244/4345/1147 1243/4346/1147 1235/4347/1147 1236/4348/1147
f 1233/4349/1148 1247/4350/1148 1248/4351/1148 1234/4352/1148
o beveled_cuboid
v 0.024999999999999998 0.6416662500000001 -2.9453125
v 0.024999999999999998 0.5583337500000001 -2.9453125
v -0.0625 0.6416662500000001 -2.9453125
v -0.0625 0.5583337500000001 -2.9453125
v 0.024999999999999998 0.64166625 -2.5796875
v 0.024999999999999998 0.55833375 -2.5796875
v -0.0625 0.64166625 -2.5796875
v -0.0625 0.55833375 -2.5796875
v -0.15 0.64166625 -2.58147625
v -0.15 0.6416662500000001 -2.94070375
v -0.15 0.55833375 -2.58147625
v -0.15 0.5583337500000001 -2.94070375
v 0.1125 0.64166625 -2.58147625
v 0.1125 0.6416662500000001 -2.94070375
v 0.1125 0.55833375 -2.58147625
v 0.1125 0.5583337500000001 -2.94070375
v 0.024999999999999998 0.475 -2.58147625
v 0.024999999999999998 0.4750000000000001 -2.94070375
v -0.0625 0.475 -2.58147625
v -0.0625 0.4750000000000001 -2.94070375
v 0.024999999999999998 0.725 -2.58147625
v 0.024999999999999998 0.7250000000000001 -2.94070375
v -0.0625 0.725 -2.58147625
v -0.0625 0.7250000000000001 -2.94070375
vt 0.015625 0.984375
vt 0.015625 1
vt 0 1
vt 0 0.984375
vt 0 0.984375
vt 0.015625 0.984375
vt 0.015625 1
vt 0 1
vt 0.015625 1
vt 0 1
vt 0 0.977903125
vt 0.015625 0.977903125
vt 0.015625 0.977903125
vt 0.015625 1
vt 0 1
vt 0 0.977903125
vt 0.015625 0.977903125
vt 0.015625 1
vt 0 1
vt 0 0.977903125
vt 0.015625 1
vt 0 1
vt 0 0.977903125
vt 0.015625 0.977903125
vt 0 1
vt 0 0.977903125
vt 0.015625 0.977903125
vt 0.015625 1
vt 0 0.977903125
vt 0.015625 0.977903125
vt 0.015625 1
vt 0 1
vt 0 0.977903125
vt 0.015625 0.977903125
vt 0.015625 1
vt 0 1
vt 0 1
vt 0 0.977903125
vt 0.015625 0.977903125
vt 0.015625 1
vt 0.0110484375 0.9808625
vt 0.022096875 1
vt 0 1
vt 0.0110484375 0.9808625
vt 0.022096875 1
vt 0 1
vt 0.0110484375 0.9808625
vt 0.022096875 1
vt 0 1
vt 0.0110484375 0.9808625
vt 0.022096875 1
vt 0 1
vt 0.0110484375 1
vt 0 0.9808640625
vt 0.022096875 0.9808640625
vt 0.0110484375 1
vt 0 0.9808640625
vt 0.022096875 0.9808640625
vt 0.0110484375 1
vt 0 0.9808640625
vt 0.022096875 0.9808640625
vt 0.0110484375 1
vt 0 0.9808640625
vt 0.022096875 0.9808640625
vt 0.015625 1
vt 0 1
vt 0 0.96875
vt 0.015625 0.96875
vt 0.015625 0.96875
vt 0.015625 1
vt 0 1
vt 0 0.96875
vt 0.015625 0.96875
vt 0.015625 1
vt 0 1
vt 0 0.96875
vt 0.015625 1
vt 0 1
vt 0 0.96875
vt 0.015625 0.96875
vt 0 0.96875
vt 0.022096875 0.96875
vt 0.022096875 1
vt 0 1
vt 0 1
vt 0 0.96875
vt 0.022096875 0.96875
vt 0.022096875 1
vt 0 1
vt 0 0.96875
vt 0.022096875 0.96875
vt 0.022096875 1
vt 0 0.96875
vt 0.022096875 0.96875
vt 0.022096875 1
vt 0 1
vn 0 2.220446049250313e-16 -1
vn 0 -2.220446049250313e-16 1
vn 0.05259851761362492 2.2173723743454738e-16 -0.9986157398843908
vn -0.05259851761362492 2.2173723743454738e-16 -0.9986157398843908
vn 0 0.055220339143771474 -0.9984741930289671
vn 0 -0.05522033914377103 -0.9984741930289671
vn 0.020438586839877274 -2.2199822208669096e-16 0.999791110266534
vn -0.020438586839877274 -2.2199822208669096e-16 0.999791110266534
vn 0 0.02145994949893003 0.9997697087667257
vn 0 -0.021459949498930476 0.9997697087667257
vn 0.020433881978039112 0.02145546879959685 0.9995609632863306
vn -0.020433881978039112 0.02145546879959685 0.9995609632863306
vn 0.020433881978039112 -0.021455468799597293 0.9995609632863306
vn -0.020433881978039112 -0.021455468799597293 0.9995609632863306
vn 0.0525184839565917 0.055144132433759346 -0.9970962508710126
vn -0.0525184839565917 0.055144132433759346 -0.9970962508710126
vn 0.0525184839565917 -0.0551441324337589 -0.9970962508710126
vn -0.0525184839565917 -0.0551441324337589 -0.9970962508710126
vn 1 0 0
vn -1 0 0
vn 0 1 2.220446049250313e-16
vn 0 -1 -2.220446049250313e-16
vn 0.6896569805995608 -0.7241362089484941 -1.6079053842787829e-16
vn 0.6896569805995608 0.7241362089484941 1.6079053842787829e-16
vn -0.6896569805995608 -0.7241362089484941 -1.6079053842787829e-16
vn -0.6896569805995608 0.7241362089484941 1.6079053842787829e-16
usemtl none
f 1249/4353/1149 1250/4354/1149 1252/4355/1149 1251/4356/1149
f 1256/4357/1150 1254/4358/1150 1253/4359/1150 1255/4360/1150
f 1250/4361/1151 1249/4362/1151 1262/4363/1151 1264/4364/1151
f 1258/4365/1152 1251/4366/1152 1252/4367/1152 1260/4368/1152
f 1270/4369/1153 1249/4370/1153 1251/4371/1153 1272/4372/1153
f 1252/4373/1154 1250/4374/1154 1266/4375/1154 1268/4376/1154
f 1261/4377/1155 1253/4378/1155 1254/4379/1155 1263/4380/1155
f 1256/4381/1156 1255/4382/1156 1257/4383/1156 1259/4384/1156
f 1255/4385/1157 1253/4386/1157 1269/4387/1157 1271/4388/1157
f 1265/4389/1158 1254/4390/1158 1256/4391/1158 1267/4392/1158
f 1253/4393/1159 1261/4394/1159 1269/4395/1159
f 1255/4396/1160 1271/4397/1160 1257/4398/1160
f 1254/4399/1161 1265/4400/1161 1263/4401/1161
f 1256/4402/1162 1259/4403/1162 1267/4404/1162
f 1249/4405/1163 1270/4406/1163 1262/4407/1163
f 1251/4408/1164 1258/4409/1164 1272/4410/1164
f 1250/4411/1165 1264/4412/1165 1266/4413/1165
f 1252/4414/1166 1268/4415/1166 1260/4416/1166
f 1264/4417/1167 1262/4418/1167 1261/4419/1167 1263/4420/1167
f 1257/4421/1168 1258/4422/1168 1260/4423/1168 1259/4424/1168
f 1269/4425/1169 1270/4426/1169 1272/4427/1169 1271/4428/1169
f 1268/4429/1170 1266/4430/1170 1265/4431/1170 1267/4432/1170
f 1263/4433/1171 1265/4434/1171 1266/4435/1171 1264/4436/1171
f 1270/4437/1172 1269/4438/1172 1261/4439/1172 1262/4440/1172
f 1268/4441/1173 1267/4442/1173 1259/4443/1173 1260/4444/1173
f 1257/4445/1174 1271/4446/1174 1272/4447/1174 1258/4448/1174
o beveled_cuboid
v 0.271875 0.3828125000000001 -2.93802125
v 0.271875 0.3828125000000001 -3.02135375
v 0.271875 0.2953125000000001 -2.93802125
v 0.271875 0.2953125000000001 -3.02135375
v 0.965625 0.38281249999999994 -2.93802125
v 0.965625 0.38281249999999994 -3.0322912499999997
v 0.965625 0.2953124999999999 -2.93802125
v 0.965625 0.2953124999999999 -3.0322912499999997
v 0.96376 0.20781249999999993 -2.93802125
v 0.27668062499999996 0.20781250000000007 -2.93802125
v 0.96376 0.20781249999999993 -3.0322912499999997
v 0.27668062499999996 0.20781250000000007 -3.0322912499999997
v 0.9637600000000001 0.4703124999999999 -2.93802125
v 0.27668062500000007 0.4703125000000001 -2.93802125
v 0.9637600000000001 0.4703124999999999 -3.0322912499999997
v 0.27668062500000007 0.4703125000000001 -3.0322912499999997
v 0.96376 0.38281249999999994 -3.1156249999999996
v 0.276680625 0.3828125000000001 -3.1156249999999996
v 0.96376 0.2953124999999999 -3.1156249999999996
v 0.276680625 0.2953125000000001 -3.1156249999999996
v 0.96376 0.38281249999999994 -2.8546875
v 0.276680625 0.3828125000000001 -2.8546875
v 0.96376 0.2953124999999999 -2.8546875
v 0.276680625 0.2953125000000001 -2.8546875
vt 0.015625 0.984375
vt 0.015625 1
vt 0 1
vt 0 0.984375
vt 0 0.984375
vt 0.015625 0.984375
vt 0.015625 1
vt 0 1
vt 0.015625 1
vt 0 1
vt 0 0.977903125
vt 0.015625 0.977903125
vt 0.015625 0.977903125
vt 0.015625 1
vt 0 1
vt 0 0.977903125
vt 0.015625 0.977903125
vt 0.015625 1
vt 0 1
vt 0 0.977903125
vt 0.015625 1
vt 0 1
vt 0 0.977903125
vt 0.015625 0.977903125
vt 0 1
vt 0 0.977903125
vt 0.015625 0.977903125
vt 0.015625 1
vt 0 0.977903125
vt 0.015625 0.977903125
vt 0.015625 1
vt 0 1
vt 0 0.977903125
vt 0.015625 0.977903125
vt 0.015625 1
vt 0 1
vt 0 1
vt 0 0.977903125
vt 0.015625 0.977903125
vt 0.015625 1
vt 0.0110484375 0.9808625
vt 0.022096875 1
vt 0 1
vt 0.0110484375 0.9808625
vt 0.022096875 1
vt 0 1
vt 0.0110484375 0.9808625
vt 0.022096875 1
vt 0 1
vt 0.0110484375 0.9808625
vt 0.022096875 1
vt 0 1
vt 0.0110484375 1
vt 0 0.9808640625
vt 0.022096875 0.9808640625
vt 0.0110484375 1
vt 0 0.9808640625
vt 0.022096875 0.9808640625
vt 0.0110484375 1
vt 0 0.9808640625
vt 0.022096875 0.9808640625
vt 0.0110484375 1
vt 0 0.9808640625
vt 0.022096875 0.9808640625
vt 0.015625 1
vt 0 1
vt 0 0.96875
vt 0.015625 0.96875
vt 0.015625 0.96875
vt 0.015625 1
vt 0 1
vt 0 0.96875
vt 0.015625 0.96875
vt 0.015625 1
vt 0 1
vt 0 0.96875
vt 0.015625 1
vt 0 1
vt 0 0.96875
vt 0.015625 0.96875
vt 0 0.96875
vt 0.022096875 0.96875
vt 0.022096875 1
vt 0 1
vt 0 1
vt 0 0.96875
vt 0.022096875 0.96875
vt 0.022096875 1
vt 0 1
vt 0 0.96875
vt 0.022096875 0.96875
vt 0.022096875 1
vt 0 0.96875
vt 0.022096875 0.96875
vt 0.022096875 1
vt 0 1
vn -1 2.220446049250313e-16 0
vn 1 -2.220446049250313e-16 0
vn -0.9984952217059622 0.054838783997837356 0
vn -0.9984952217059622 -0.05483878399783691 0
vn -0.9983413820146047 2.2167631774974265e-16 0.057571563789508694
vn -0.9987032214621498 2.217566622469191e-16 -0.05091046494704462
vn 0.9997729279782227 0.02130944583633567 0
vn 0.9997729279782227 -0.021309445836336115 0
vn 0.9997496643376049 -2.2198901924177615e-16 0.02237428561644758
vn 0.999749664337605 -2.2198901924177617e-16 -0.022374285616447585
vn 0.9995227627671293 0.021304113743550648 0.022369207584690493
vn 0.9995227627671293 -0.021304113743551092 0.022369207584690493
vn 0.9995227627671294 0.02130411374355065 -0.0223692075846905
vn 0.9995227627671291 -0.021304113743551092 -0.022369207584690496
vn -0.9968440676691442 0.05474810025934383 0.05748521784622157
vn -0.9968440676691442 -0.05474810025934339 0.05748521784622157
vn -0.9975313461552914 0.04842950573023973 -0.050850726763117686
vn -0.9975313461552914 -0.04842950573023928 -0.050850726763117686
vn 2.220446049250313e-16 1 0
vn -2.220446049250313e-16 -1 0
vn 0 0 1
vn 0 0 -1
vn 1.5313461179101944e-16 0.6896569805995607 -0.7241362089484942
vn 1.5313461179101946e-16 0.6896569805995608 0.7241362089484942
vn -1.5313461179101944e-16 -0.6896569805995607 -0.7241362089484942
vn -1.5313461179101946e-16 -0.6896569805995608 0.7241362089484942
usemtl none
f 1273/4449/1175 1274/4450/1175 1276/4451/1175 1275/4452/1175
f 1280/4453/1176 1278/4454/1176 1277/4455/1176 1279/4456/1176
f 1274/4457/1177 1273/4458/1177 1286/4459/1177 1288/4460/1177
f 1282/4461/1178 1275/4462/1178 1276/4463/1178 1284/4464/1178
f 1294/4465/1179 1273/4466/1179 1275/4467/1179 1296/4468/1179
f 1276/4469/1180 1274/4470/1180 1290/4471/1180 1292/4472/1180
f 1285/4473/1181 1277/4474/1181 1278/4475/1181 1287/4476/1181
f 1280/4477/1182 1279/4478/1182 1281/4479/1182 1283/4480/1182
f 1279/4481/1183 1277/4482/1183 1293/4483/1183 1295/4484/1183
f 1289/4485/1184 1278/4486/1184 1280/4487/1184 1291/4488/1184
f 1277/4489/1185 1285/4490/1185 1293/4491/1185
f 1279/4492/1186 1295/4493/1186 1281/4494/1186
f 1278/4495/1187 1289/4496/1187 1287/4497/1187
f 1280/4498/1188 1283/4499/1188 1291/4500/1188
f 1273/4501/1189 1294/4502/1189 1286/4503/1189
f 1275/4504/1190 1282/4505/1190 1296/4506/1190
f 1274/4507/1191 1288/4508/1191 1290/4509/1191
f 1276/4510/1192 1292/4511/1192 1284/4512/1192
f 1288/4513/1193 1286/4514/1193 1285/4515/1193 1287/4516/1193
f 1281/4517/1194 1282/4518/1194 1284/4519/1194 1283/4520/1194
f 1293/4521/1195 1294/4522/1195 1296/4523/1195 1295/4524/1195
f 1292/4525/1196 1290/4526/1196 1289/4527/1196 1291/4528/1196
f 1287/4529/1197 1289/4530/1197 1290/4531/1197 1288/4532/1197
f 1294/4533/1198 1293/4534/1198 1285/4535/1198 1286/4536/1198
f 1292/4537/1199 1291/4538/1199 1283/4539/1199 1284/4540/1199
f 1281/4541/1200 1295/4542/1200 1296/4543/1200 1282/4544/1200
o beveled_cuboid
v 0.32419044045917067 0.2097346105051791 -2.9406250000000003
v 0.22151500029697813 0.20862180120828672 -2.9406250000000003
v 0.32419044045917067 0.2097346105051791 -3.028125
v 0.22151500029697813 0.20862180120828672 -3.028125
v -0.06247013157099541 0.7245202796359183 -2.940625
v -0.14952072157765656 0.642157807588524 -2.940625
v -0.062470131570995416 0.7245202796359184 -3.028125
v -0.14952072157765658 0.642157807588524 -3.028125
v -0.03308056403619131 0.6670055398794192 -3.115625
v 0.3709319664625545 0.29424359357521285 -3.115625
v -0.0920055398794193 0.6080805640361913 -3.115625
v 0.24325632410977316 0.29469304832300464 -3.115625
v -0.03308056403619128 0.6670055398794192 -2.853125
v 0.3709319664625545 0.29424359357521274 -2.8546875000000003
v -0.09200553987941927 0.6080805640361913 -2.853125
v 0.24325632410977316 0.2946930483230045 -2.8531250000000004
v -0.14936913556143971 0.5585296144028057 -2.940625
v 0.16558064419643098 0.23889260056914463 -2.9406250000000003
v -0.15093139960612376 0.558530056344544 -3.028125
v 0.16558064419643098 0.23889260056914463 -3.028125
v 0.02584529569051318 0.7259313996061237 -2.940625
v 0.33610739943085527 0.4094193558035689 -2.9406250000000003
v 0.02584529569051318 0.7259313996061237 -3.028125
v 0.33610739943085527 0.4094193558035689 -3.028125
vt 0.015625 0.984375
vt 0.015625 1
vt 0 1
vt 0 0.984375
vt 0 0.984375
vt 0.015625 0.984375
vt 0.015625 1
vt 0 1
vt 0.015625 1
vt 0 1
vt 0 0.977903125
vt 0.015625 0.977903125
vt 0.015625 0.977903125
vt 0.015625 1
vt 0 1
vt 0 0.977903125
vt 0.015625 0.977903125
vt 0.015625 1
vt 0 1
vt 0 0.977903125
vt 0.015625 1
vt 0 1
vt 0 0.977903125
vt 0.015625 0.977903125
vt 0 1
vt 0 0.977903125
vt 0.015625 0.977903125
vt 0.015625 1
vt 0 0.977903125
vt 0.015625 0.977903125
vt 0.015625 1
vt 0 1
vt 0 0.977903125
vt 0.015625 0.977903125
vt 0.015625 1
vt 0 1
vt 0 1
vt 0 0.977903125
vt 0.015625 0.977903125
vt 0.015625 1
vt 0.0110484375 0.9808625
vt 0.022096875 1
vt 0 1
vt 0.0110484375 0.9808625
vt 0.022096875 1
vt 0 1
vt 0.0110484375 0.9808625
vt 0.022096875 1
vt 0 1
vt 0.0110484375 0.9808625
vt 0.022096875 1
vt 0 1
vt 0.0110484375 1
vt 0 0.9808640625
vt 0.022096875 0.9808640625
vt 0.0110484375 1
vt 0 0.9808640625
vt 0.022096875 0.9808640625
vt 0.0110484375 1
vt 0 0.9808640625
vt 0.022096875 0.9808640625
vt 0.0110484375 1
vt 0 0.9808640625
vt 0.022096875 0.9808640625
vt 0.015625 1
vt 0 1
vt 0 0.96875
vt 0.015625 0.96875
vt 0.015625 0.96875
vt 0.015625 1
vt 0 1
vt 0 0.96875
vt 0.015625 0.96875
vt 0.015625 1
vt 0 1
vt 0 0.96875
vt 0.015625 1
vt 0 1
vt 0 0.96875
vt 0.015625 0.96875
vt 0 0.96875
vt 0.022096875 0.96875
vt 0.022096875 1
vt 0 1
vt 0 1
vt 0 0.96875
vt 0.022096875 0.96875
vt 0.022096875 1
vt 0 1
vt 0 0.96875
vt 0.022096875 0.96875
vt 0.022096875 1
vt 0 0.96875
vt 0.022096875 0.96875
vt 0.022096875 1
vt 0 1
vn 0.01083748891498204 -0.9999412726925606 -2.787426590263191e-16
vn -0.6872761223558864 0.7263962635087385 2.779184417187311e-16
vn 0.007750243508338195 -0.7150907759353198 0.698988637888903
vn 0.007818140505004068 -0.7213554198755185 -0.6925209274059944
vn 0.998223959242325 -0.0595728729756867 -1.273599161335006e-16
vn -0.4759551713513681 -0.8794695417488259 -1.9126019468415041e-16
vn -0.5608399656576364 0.5927632900785107 0.5780053761483892
vn -0.5608399656576366 0.5927632900785109 -0.5780053761483886
vn -0.015976142757301914 0.9998723732870103 2.79294040780845e-16
vn -0.999998357211002 -0.0018126155955130448 1.1051901818406533e-16
vn -0.013317937931267398 0.8335077126510637 0.5523472870218978
vn -0.01331793793126751 0.8335077126510642 -0.5523472870218974
vn -0.8359087234159277 -0.0015151836776164385 0.5488663865965715
vn -0.8330357447513626 0.014052096398241173 -0.5530406735072543
vn 0.8983907469674064 -0.05361494017058477 -0.4359122663493771
vn 0.9014272792380978 -0.05379615697025564 0.42957517821754104
vn -0.3393609690949866 -0.6270708964669969 0.7011534949345889
vn -0.3393609690949868 -0.6270708964669964 -0.7011534949345893
vn 0.012268670287348904 0.009106023154694512 0.9998832732232732
vn -1.177569344012831e-16 2.747661802696607e-16 -1
vn 0.7141222633104676 0.7000209947168266 1.150113586014355e-16
vn -0.7123102374828414 -0.7018647487779524 -1.1572427843354212e-16
vn -0.5388777592437503 -0.5309755261277594 0.6539692280572412
vn 0.5171340157884625 0.5069225351636507 0.6896390019841943
vn -0.5342347385921128 -0.5290109964488309 -0.6593486253247459
vn 0.5171340157884623 0.5069225351636512 -0.6896390019841941
usemtl none
f 1297/4545/1201 1298/4546/1201 1300/4547/1201 1299/4548/1201
f 1304/4549/1202 1302/4550/1202 1301/4551/1202 1303/4552/1202
f 1298/4553/1203 1297/4554/1203 1310/4555/1203 1312/4556/1203
f 1306/4557/1204 1299/4558/1204 1300/4559/1204 1308/4560/1204
f 1318/4561/1205 1297/4562/1205 1299/4563/1205 1320/4564/1205
f 1300/4565/1206 1298/4566/1206 1314/4567/1206 1316/4568/1206
f 1309/4569/1207 1301/4570/1207 1302/4571/1207 1311/4572/1207
f 1304/4573/1208 1303/4574/1208 1305/4575/1208 1307/4576/1208
f 1303/4577/1209 1301/4578/1209 1317/4579/1209 1319/4580/1209
f 1313/4581/1210 1302/4582/1210 1304/4583/1210 1315/4584/1210
f 1301/4585/1211 1309/4586/1211 1317/4587/1211
f 1303/4588/1212 1319/4589/1212 1305/4590/1212
f 1302/4591/1213 1313/4592/1213 1311/4593/1213
f 1304/4594/1214 1307/4595/1214 1315/4596/1214
f 1297/4597/1215 1318/4598/1215 1310/4599/1215
f 1299/4600/1216 1306/4601/1216 1320/4602/1216
f 1298/4603/1217 1312/4604/1217 1314/4605/1217
f 1300/4606/1218 1316/4607/1218 1308/4608/1218
f 1312/4609/1219 1310/4610/1219 1309/4611/1219 1311/4612/1219
f 1305/4613/1220 1306/4614/1220 1308/4615/1220 1307/4616/1220
f 1317/4617/1221 1318/4618/1221 1320/4619/1221 1319/4620/1221
f 1316/4621/1222 1314/4622/1222 1313/4623/1222 1315/4624/1222
f 1311/4625/1223 1313/4626/1223 1314/4627/1223 1312/4628/1223
f 1318/4629/1224 1317/4630/1224 1309/4631/1224 1310/4632/1224
f 1316/4633/1225 1315/4634/1225 1307/4635/1225 1308/4636/1225
f 1305/4637/1226 1319/4638/1226 1320/4639/1226 1306/4640/1226
o beveled_cuboid
v 1.4188928265907128 0.033699184108884006 -2.9406250000000003
v 1.3195364987423757 0.007779992888381215 -2.9406250000000003
v 1.4188928265907128 0.033699184108884006 -3.028125
v 1.3195364987423757 0.007779992888381215 -3.028125
v 0.9191798011267588 0.4396518602753794 -2.940625
v 0.8546402710374718 0.3386764618947855 -2.940625
v 0.9191798011267587 0.43965186027537945 -3.028125
v 0.8546402710374718 0.3386764618947855 -3.028125
v 0.9647356772953406 0.38314318837080286 -3.115625
v 1.3188011532260306 0.1832554873641138 -3.115625
v 0.9640030822783915 0.2960880585126534 -3.115625
v 1.3198094930628934 0.09655425838867476 -3.115625
v 0.961610460431294 0.3847060170930811 -2.853125
v 1.3188011532260306 0.18325548736411373 -2.8546875000000003
v 0.9640032728338741 0.29452538440897286 -2.853125
v 1.3198094930628934 0.09655425838867465 -2.8531250000000004
v 0.8750188453222344 0.25756905542688924 -2.9406250000000003
v 1.2579404629033193 0.02361987468218857 -2.9406250000000003
v 0.8735028802809798 0.257191538361952 -3.028125
v 1.2579404629033193 0.02361987468218857 -3.028125
v 0.965467867926041 0.4717618499609925 -2.9390625
v 1.3821476888462214 0.23033541237863583 -2.9406250000000003
v 0.965467867926041 0.4717618499609926 -3.0328125
v 1.3821476888462214 0.23033541237863583 -3.028125
vt 0.015625 0.984375
vt 0.015625 1
vt 0 1
vt 0 0.984375
vt 0 0.984375
vt 0.015625 0.984375
vt 0.015625 1
vt 0 1
vt 0.015625 1
vt 0 1
vt 0 0.977903125
vt 0.015625 0.977903125
vt 0.015625 0.977903125
vt 0.015625 1
vt 0 1
vt 0 0.977903125
vt 0.015625 0.977903125
vt 0.015625 1
vt 0 1
vt 0 0.977903125
vt 0.015625 1
vt 0 1
vt 0 0.977903125
vt 0.015625 0.977903125
vt 0 1
vt 0 0.977903125
vt 0.015625 0.977903125
vt 0.015625 1
vt 0 0.977903125
vt 0.015625 0.977903125
vt 0.015625 1
vt 0 1
vt 0 0.977903125
vt 0.015625 0.977903125
vt 0.015625 1
vt 0 1
vt 0 1
vt 0 0.977903125
vt 0.015625 0.977903125
vt 0.015625 1
vt 0.0110484375 0.9808625
vt 0.022096875 1
vt 0 1
vt 0.0110484375 0.9808625
vt 0.022096875 1
vt 0 1
vt 0.0110484375 0.9808625
vt 0.022096875 1
vt 0 1
vt 0.0110484375 0.9808625
vt 0.022096875 1
vt 0 1
vt 0.0110484375 1
vt 0 0.9808640625
vt 0.022096875 0.9808640625
vt 0.0110484375 1
vt 0 0.9808640625
vt 0.022096875 0.9808640625
vt 0.0110484375 1
vt 0 0.9808640625
vt 0.022096875 0.9808640625
vt 0.0110484375 1
vt 0 0.9808640625
vt 0.022096875 0.9808640625
vt 0.015625 1
vt 0 1
vt 0 0.96875
vt 0.015625 0.96875
vt 0.015625 0.96875
vt 0.015625 1
vt 0 1
vt 0 0.96875
vt 0.015625 0.96875
vt 0.015625 1
vt 0 1
vt 0 0.96875
vt 0.015625 1
vt 0 1
vt 0 0.96875
vt 0.015625 0.96875
vt 0 0.96875
vt 0.022096875 0.96875
vt 0.022096875 1
vt 0 1
vt 0 1
vt 0 0.96875
vt 0.022096875 0.96875
vt 0.022096875 1
vt 0 1
vt 0 0.96875
vt 0.022096875 0.96875
vt 0.022096875 1
vt 0 0.96875
vt 0.022096875 0.96875
vt 0.022096875 1
vt 0 1
vn 0.2524232573558996 -0.9676169175587193 -3.2461686767610833e-16
vn -0.8425922453180055 0.538552047744656 3.365712830658176e-16
vn 0.11389125802060962 -0.4365806430720769 0.8924270969895831
vn 0.11553130254500579 -0.44286744423286667 -0.8891124478776028
vn 0.9829844238757287 0.18368892840261763 -1.6728246862661878e-16
vn -0.24905432999914445 -0.9684895150225826 -2.1350866936200232e-16
vn -0.6751169630033885 0.4315083896308658 0.5983457160732903
vn -0.6622960239126625 0.4233137462079206 -0.6181985514225136
vn -0.5699825637166119 0.8216567878737682 3.5461712423386303e-16
vn -0.9698556208839926 -0.24368027133874737 1.477163462017114e-16
vn -0.4606425434603305 0.6338014429307884 0.6213728173111922
vn -0.48129435250289254 0.6006046429543708 -0.6384589329866678
vn -0.6559039042003479 -0.16479859260082863 0.736635250535519
vn -0.6527742390152962 -0.15110801926214495 -0.7423288754943272
vn 0.7581687394233799 0.14167793498083986 0.6364805773161725
vn 0.7636635735282573 0.14270474696682828 -0.6296453777001667
vn -0.1775783180290668 -0.6905430598499843 0.7011534949345889
vn -0.17757831802906696 -0.6905430598499839 -0.7011534949345893
vn 0.014630379048421752 0.018186901394393648 0.9997275572007456
vn -1.235502924340685e-16 3.332811569699956e-16 -1
vn 0.5013329087350687 0.8652544796874706 1.2883809372127732e-16
vn -0.5213551287332938 -0.8533398090699219 -1.2108528237944253e-16
vn -0.389331843137795 -0.637247707709815 0.6650835097470946
vn 0.37494767724277345 0.642801953969832 0.6679969216267505
vn -0.38270712724298545 -0.6299009072065805 -0.6758402931593737
vn 0.3736332923661652 0.6316682896665681 -0.6792594016024602
usemtl none
f 1321/4641/1227 1322/4642/1227 1324/4643/1227 1323/4644/1227
f 1328/4645/1228 1326/4646/1228 1325/4647/1228 1327/4648/1228
f 1322/4649/1229 1321/4650/1229 1334/4651/1229 1336/4652/1229
f 1330/4653/1230 1323/4654/1230 1324/4655/1230 1332/4656/1230
f 1342/4657/1231 1321/4658/1231 1323/4659/1231 1344/4660/1231
f 1324/4661/1232 1322/4662/1232 1338/4663/1232 1340/4664/1232
f 1333/4665/1233 1325/4666/1233 1326/4667/1233 1335/4668/1233
f 1328/4669/1234 1327/4670/1234 1329/4671/1234 1331/4672/1234
f 1327/4673/1235 1325/4674/1235 1341/4675/1235 1343/4676/1235
f 1337/4677/1236 1326/4678/1236 1328/4679/1236 1339/4680/1236
f 1325/4681/1237 1333/4682/1237 1341/4683/1237
f 1327/4684/1238 1343/4685/1238 1329/4686/1238
f 1326/4687/1239 1337/4688/1239 1335/4689/1239
f 1328/4690/1240 1331/4691/1240 1339/4692/1240
f 1321/4693/1241 1342/4694/1241 1334/4695/1241
f 1323/4696/1242 1330/4697/1242 1344/4698/1242
f 1322/4699/1243 1336/4700/1243 1338/4701/1243
f 1324/4702/1244 1340/4703/1244 1332/4704/1244
f 1336/4705/1245 1334/4706/1245 1333/4707/1245 1335/4708/1245
f 1329/4709/1246 1330/4710/1246 1332/4711/1246 1331/4712/1246
f 1341/4713/1247 1342/4714/1247 1344/4715/1247 1343/4716/1247
f 1340/4717/1248 1338/4718/1248 1337/4719/1248 1339/4720/1248
f 1335/4721/1249 1337/4722/1249 1338/4723/1249 1336/4724/1249
f 1342/4725/1250 1341/4726/1250 1333/4727/1250 1334/4728/1250
f 1340/4729/1251 1339/4730/1251 1331/4731/1251 1332/4732/1251
f 1329/4733/1252 1343/4734/1252 1344/4735/1252 1330/4736/1252
o beveled_cuboid
v 1.3156249999999998 0.1828125000000001 -2.93802125
v 1.3156249999999998 0.1828125000000001 -3.02135375
v 1.3156249999999998 0.0953125000000001 -2.93802125
v 1.3156249999999998 0.0953125000000001 -3.02135375
v 1.790625 0.1828125 -2.93802125
v 1.790625 0.1828125 -3.0322912499999997
v 1.790625 0.0953125 -2.93802125
v 1.790625 0.0953125 -3.0322912499999997
v 1.78876 0.0078125 -2.93802125
v 1.320430625 0.007812500000000083 -2.93802125
v 1.78876 0.0078125 -3.0322912499999997
v 1.320430625 0.007812500000000083 -3.0322912499999997
v 1.78876 0.2703125 -2.93802125
v 1.320430625 0.2640625000000001 -2.9395837499999997
v 1.78876 0.2703125 -3.0322912499999997
v 1.320430625 0.2640625000000001 -3.02916625
v 1.78876 0.1828125 -3.1156249999999996
v 1.320430625 0.1828125000000001 -3.1156249999999996
v 1.78876 0.0953125 -3.1156249999999996
v 1.320430625 0.0953125000000001 -3.1156249999999996
v 1.78876 0.1828125 -2.8546875
v 1.320430625 0.1828125000000001 -2.8546875
v 1.78876 0.0953125 -2.8546875
v 1.320430625 0.0953125000000001 -2.8546875
vt 0.015625 0.984375
vt 0.015625 1
vt 0 1
vt 0 0.984375
vt 0 0.984375
vt 0.015625 0.984375
vt 0.015625 1
vt 0 1
vt 0.015625 1
vt 0 1
vt 0 0.977903125
vt 0.015625 0.977903125
vt 0.015625 0.977903125
vt 0.015625 1
vt 0 1
vt 0 0.977903125
vt 0.015625 0.977903125
vt 0.015625 1
vt 0 1
vt 0 0.977903125
vt 0.015625 1
vt 0 1
vt 0 0.977903125
vt 0.015625 0.977903125
vt 0 1
vt 0 0.977903125
vt 0.015625 0.977903125
vt 0.015625 1
vt 0 0.977903125
vt 0.015625 0.977903125
vt 0.015625 1
vt 0 1
vt 0 0.977903125
vt 0.015625 0.977903125
vt 0.015625 1
vt 0 1
vt 0 1
vt 0 0.977903125
vt 0.015625 0.977903125
vt 0.015625 1
vt 0.0110484375 0.9808625
vt 0.022096875 1
vt 0 1
vt 0.0110484375 0.9808625
vt 0.022096875 1
vt 0 1
vt 0.0110484375 0.9808625
vt 0.022096875 1
vt 0 1
vt 0.0110484375 0.9808625
vt 0.022096875 1
vt 0 1
vt 0.0110484375 1
vt 0 0.9808640625
vt 0.022096875 0.9808640625
vt 0.0110484375 1
vt 0 0.9808640625
vt 0.022096875 0.9808640625
vt 0.0110484375 1
vt 0 0.9808640625
vt 0.022096875 0.9808640625
vt 0.0110484375 1
vt 0 0.9808640625
vt 0.022096875 0.9808640625
vt 0.015625 1
vt 0 1
vt 0 0.96875
vt 0.015625 0.96875
vt 0.015625 0.96875
vt 0.015625 1
vt 0 1
vt 0 0.96875
vt 0.015625 0.96875
vt 0.015625 1
vt 0 1
vt 0 0.96875
vt 0.015625 1
vt 0 1
vt 0 0.96875
vt 0.015625 0.96875
vt 0 0.96875
vt 0.022096875 0.96875
vt 0.022096875 1
vt 0 1
vt 0 1
vt 0 0.96875
vt 0.022096875 0.96875
vt 0.022096875 1
vt 0 1
vt 0 0.96875
vt 0.022096875 0.96875
vt 0.022096875 1
vt 0 0.96875
vt 0.022096875 0.96875
vt 0.022096875 1
vt 0 1
vn -1 2.220446049250313e-16 0
vn 1 -2.220446049250313e-16 0
vn -0.9982554421082277 0.05904296995669422 0
vn -0.9984952217059622 -0.05483878399783691 0
vn -0.9983413820146047 2.2167631774974265e-16 0.057571563789508694
vn -0.9987032214621498 2.217566622469191e-16 -0.05091046494704462
vn 0.9997729279782227 0.02130944583633559 0
vn 0.9997729279782227 -0.021309445836336035 0
vn 0.9997496643376049 -2.2198901924177615e-16 0.0223742856164475
vn 0.999749664337605 -2.2198901924177617e-16 -0.022374285616447505
vn 0.9995227627671293 0.02130411374355057 0.02236920758469041
vn 0.9995227627671293 -0.021304113743551015 0.02236920758469041
vn 0.9995227627671294 0.021304113743550575 -0.02236920758469042
vn 0.9995227627671291 -0.021304113743551015 -0.022369207584690416
vn -0.996539946641413 0.06004665269086361 0.05746768003454394
vn -0.9968440676691442 -0.05474810025934339 0.05748521784622157
vn -0.997240919408172 0.05409489543680063 -0.050835921803635074
vn -0.9975313461552914 -0.04842950573023928 -0.050850726763117686
vn -0.013344120300788749 0.9999109632629288 0
vn -2.220446049250313e-16 -1 0
vn 0 0 1
vn 0 0 -1
vn 1.5313461179101941e-16 0.6896569805995606 -0.7241362089484942
vn 1.5313461179101944e-16 0.6896569805995607 0.7241362089484942
vn -1.5313461179101941e-16 -0.6896569805995606 -0.7241362089484942
vn -1.5313461179101944e-16 -0.6896569805995607 0.7241362089484942
usemtl none
f 1345/4737/1253 1346/4738/1253 1348/4739/1253 1347/4740/1253
f 1352/4741/1254 1350/4742/1254 1349/4743/1254 1351/4744/1254
f 1346/4745/1255 1345/4746/1255 1358/4747/1255 1360/4748/1255
f 1354/4749/1256 1347/4750/1256 1348/4751/1256 1356/4752/1256
f 1366/4753/1257 1345/4754/1257 1347/4755/1257 1368/4756/1257
f 1348/4757/1258 1346/4758/1258 1362/4759/1258 1364/4760/1258
f 1357/4761/1259 1349/4762/1259 1350/4763/1259 1359/4764/1259
f 1352/4765/1260 1351/4766/1260 1353/4767/1260 1355/4768/1260
f 1351/4769/1261 1349/4770/1261 1365/4771/1261 1367/4772/1261
f 1361/4773/1262 1350/4774/1262 1352/4775/1262 1363/4776/1262
f 1349/4777/1263 1357/4778/1263 1365/4779/1263
f 1351/4780/1264 1367/4781/1264 1353/4782/1264
f 1350/4783/1265 1361/4784/1265 1359/4785/1265
f 1352/4786/1266 1355/4787/1266 1363/4788/1266
f 1345/4789/1267 1366/4790/1267 1358/4791/1267
f 1347/4792/1268 1354/4793/1268 1368/4794/1268
f 1346/4795/1269 1360/4796/1269 1362/4797/1269
f 1348/4798/1270 1364/4799/1270 1356/4800/1270
f 1360/4801/1271 1358/4802/1271 1357/4803/1271 1359/4804/1271
f 1353/4805/1272 1354/4806/1272 1356/4807/1272 1355/4808/1272
f 1365/4809/1273 1366/4810/1273 1368/4811/1273 1367/4812/1273
f 1364/4813/1274 1362/4814/1274 1361/4815/1274 1363/4816/1274
f 1359/4817/1275 1361/4818/1275 1362/4819/1275 1360/4820/1275
f 1366/4821/1276 1365/4822/1276 1357/4823/1276 1358/4824/1276
f 1364/4825/1277 1363/4826/1277 1355/4827/1277 1356/4828/1277
f 1353/4829/1278 1367/4830/1278 1368/4831/1278 1354/4832/1278
o 4
v 0.030729375000000003 1.20625 -2.165104375000001
v 0.030729375000000003 1.20625 -2.256770625000001
v -0.06510437500000005 1.20625 -2.165104375000001
v -0.06510437500000005 1.20625 -2.256770625000001
v 0.030729375000000003 1.15625 -2.165104375000001
v 0.030729375000000003 1.15625 -2.256770625000001
v -0.06510437500000005 1.15625 -2.165104375000001
v -0.06510437500000005 1.15625 -2.256770625000001
v -0.1609375 1.156588125 -2.165104375000001
v -0.1609375 1.20537875 -2.165104375000001
v -0.1609375 1.156588125 -2.256770625000001
v -0.1609375 1.20537875 -2.256770625000001
v 0.12656249999999997 1.156588125 -2.165104375000001
v 0.12656249999999997 1.20537875 -2.165104375000001
v 0.12656249999999997 1.156588125 -2.256770625000001
v 0.12656249999999997 1.20537875 -2.256770625000001
v 0.030729375000000003 1.156588125 -2.348437500000001
v 0.030729375000000003 1.20537875 -2.348437500000001
v -0.06510437500000005 1.156588125 -2.348437500000001
v -0.06510437500000005 1.20537875 -2.348437500000001
v 0.030729375000000003 1.156588125 -2.073437500000001
v 0.030729375000000003 1.20537875 -2.073437500000001
v -0.06510437500000005 1.156588125 -2.073437500000001
v -0.06510437500000005 1.20537875 -2.073437500000001
vt 0.015625 0.984375
vt 0.015625 1
vt 0 1
vt 0 0.984375
vt 0 0.984375
vt 0.015625 0.984375
vt 0.015625 1
vt 0 1
vt 0.015625 1
vt 0 1
vt 0 0.977903125
vt 0.015625 0.977903125
vt 0.015625 0.977903125
vt 0.015625 1
vt 0 1
vt 0 0.977903125
vt 0.015625 0.977903125
vt 0.015625 1
vt 0 1
vt 0 0.977903125
vt 0.015625 1
vt 0 1
vt 0 0.977903125
vt 0.015625 0.977903125
vt 0 1
vt 0 0.977903125
vt 0.015625 0.977903125
vt 0.015625 1
vt 0 0.977903125
vt 0.015625 0.977903125
vt 0.015625 1
vt 0 1
vt 0 0.977903125
vt 0.015625 0.977903125
vt 0.015625 1
vt 0 1
vt 0 1
vt 0 0.977903125
vt 0.015625 0.977903125
vt 0.015625 1
vt 0.0110484375 0.9808625
vt 0.022096875 1
vt 0 1
vt 0.0110484375 0.9808625
vt 0.022096875 1
vt 0 1
vt 0.0110484375 0.9808625
vt 0.022096875 1
vt 0 1
vt 0.0110484375 0.9808625
vt 0.022096875 1
vt 0 1
vt 0.0110484375 1
vt 0 0.9808640625
vt 0.022096875 0.9808640625
vt 0.0110484375 1
vt 0 0.9808640625
vt 0.022096875 0.9808640625
vt 0.0110484375 1
vt 0 0.9808640625
vt 0.022096875 0.9808640625
vt 0.0110484375 1
vt 0 0.9808640625
vt 0.022096875 0.9808640625
vt 0.015625 1
vt 0 1
vt 0 0.96875
vt 0.015625 0.96875
vt 0.015625 0.96875
vt 0.015625 1
vt 0 1
vt 0 0.96875
vt 0.015625 0.96875
vt 0.015625 1
vt 0 1
vt 0 0.96875
vt 0.015625 1
vt 0 1
vt 0 0.96875
vt 0.015625 0.96875
vt 0 0.96875
vt 0.022096875 0.96875
vt 0.022096875 1
vt 0 1
vt 0 1
vt 0 0.96875
vt 0.022096875 0.96875
vt 0.022096875 1
vt 0 1
vt 0 0.96875
vt 0.022096875 0.96875
vt 0.022096875 1
vt 0 0.96875
vt 0.022096875 0.96875
vt 0.022096875 1
vt 0 1
vn 0 1 0
vn 0 -1 0
vn 0.009090948426010676 0.9999586764745411 0
vn -0.009090948426010676 0.9999586764745411 0
vn 0 0.9999548350731509 0.009504094582230196
vn 0 0.9999548350731509 -0.0095040945822302
vn 0.0035282465787781605 -0.999993775718669 0
vn -0.0035282465787781605 -0.999993775718669 0
vn 0 -0.9999931970812314 0.0036886028869543767
vn 0 -0.9999931970812314 -0.003688602886954378
vn 0.0035282225767020794 -0.9999869729269284 0.0036885799283646603
vn -0.0035282225767020794 -0.9999869729269284 0.0036885799283646603
vn 0.003528222576702079 -0.9999869729269284 -0.0036885799283646616
vn -0.003528222576702079 -0.9999869729269284 -0.0036885799283646616
vn 0.009090537867921245 0.9999135171463296 0.009503701875009152
vn -0.009090537867921245 0.9999135171463296 0.009503701875009152
vn 0.009090537867921245 0.9999135171463296 -0.009503701875009157
vn -0.009090537867921245 0.9999135171463296 -0.009503701875009157
vn 1 0 0
vn -1 0 0
vn 0 0 1
vn 0 0 -1
vn 0.6912242510439012 0 -0.7226403218536854
vn 0.6912242510439013 0 0.7226403218536852
vn -0.6912242510439012 0 -0.7226403218536854
vn -0.6912242510439013 0 0.7226403218536852
usemtl none
f 1369/4833/1279 1370/4834/1279 1372/4835/1279 1371/4836/1279
f 1376/4837/1280 1374/4838/1280 1373/4839/1280 1375/4840/1280
f 1370/4841/1281 1369/4842/1281 1382/4843/1281 1384/4844/1281
f 1378/4845/1282 1371/4846/1282 1372/4847/1282 1380/4848/1282
f 1390/4849/1283 1369/4850/1283 1371/4851/1283 1392/4852/1283
f 1372/4853/1284 1370/4854/1284 1386/4855/1284 1388/4856/1284
f 1381/4857/1285 1373/4858/1285 1374/4859/1285 1383/4860/1285
f 1376/4861/1286 1375/4862/1286 1377/4863/1286 1379/4864/1286
f 1375/4865/1287 1373/4866/1287 1389/4867/1287 1391/4868/1287
f 1385/4869/1288 1374/4870/1288 1376/4871/1288 1387/4872/1288
f 1373/4873/1289 1381/4874/1289 1389/4875/1289
f 1375/4876/1290 1391/4877/1290 1377/4878/1290
f 1374/4879/1291 1385/4880/1291 1383/4881/1291
f 1376/4882/1292 1379/4883/1292 1387/4884/1292
f 1369/4885/1293 1390/4886/1293 1382/4887/1293
f 1371/4888/1294 1378/4889/1294 1392/4890/1294
f 1370/4891/1295 1384/4892/1295 1386/4893/1295
f 1372/4894/1296 1388/4895/1296 1380/4896/1296
f 1384/4897/1297 1382/4898/1297 1381/4899/1297 1383/4900/1297
f 1377/4901/1298 1378/4902/1298 1380/4903/1298 1379/4904/1298
f 1389/4905/1299 1390/4906/1299 1392/4907/1299 1391/4908/1299
f 1388/4909/1300 1386/4910/1300 1385/4911/1300 1387/4912/1300
f 1383/4913/1301 1385/4914/1301 1386/4915/1301 1384/4916/1301
f 1390/4917/1302 1389/4918/1302 1381/4919/1302 1382/4920/1302
f 1388/4921/1303 1387/4922/1303 1379/4923/1303 1380/4924/1303
f 1377/4925/1304 1391/4926/1304 1392/4927/1304 1378/4928/1304
o труба2
v -0.052604375000000037 1.2 -2.179166250000001
v -0.052604375000000037 1.2 -2.2458337500000014
v 0.018229374999999992 1.2 -2.179166250000001
v 0.018229374999999992 1.2 -2.2458337500000014
v -0.05260437499999998 1.575 -2.179166250000001
v -0.05260437499999998 1.575 -2.2458337500000014
v 0.018229375000000048 1.575 -2.179166250000001
v 0.018229375000000048 1.575 -2.2458337500000014
v 0.08906249999999999 1.541771875 -2.179166250000001
v 0.08906249999999999 1.204871875 -2.179166250000001
v 0.08906249999999999 1.541771875 -2.2458337500000014
v 0.08906249999999999 1.204871875 -2.2458337500000014
v -0.1234375 1.541771875 -2.179166250000001
v -0.12343750000000006 1.204871875 -2.179166250000001
v -0.1234375 1.541771875 -2.2458337500000014
v -0.12343750000000006 1.204871875 -2.2458337500000014
v -0.052604375000000037 1.541771875 -2.3125000000000013
v -0.052604375000000037 1.204871875 -2.3125000000000013
v 0.018229374999999992 1.541771875 -2.3125000000000013
v 0.018229374999999992 1.204871875 -2.3125000000000013
v -0.052604375000000037 1.541771875 -2.112500000000001
v -0.052604375000000037 1.204871875 -2.112500000000001
v 0.018229374999999992 1.541771875 -2.112500000000001
v 0.018229374999999992 1.204871875 -2.112500000000001
vt 0.015625 1
vt 0 1
vt 0 0.96875
vt 0.015625 0.96875
vt 0.015625 0.96875
vt 0.015625 1
vt 0 1
vt 0 0.96875
vt 0.015625 0.984375
vt 0.015625 1
vt 0 1
vt 0 0.984375
vt 0 0.984375
vt 0.015625 0.984375
vt 0.015625 1
vt 0 1
vt 0.015625 0.96875
vt 0.015625 1
vt 0 1
vt 0 0.96875
vt 0.015625 1
vt 0 1
vt 0 0.96875
vt 0.015625 0.96875
vt 0.015625 1
vt 0 1
vt 0 0.977903125
vt 0.015625 0.977903125
vt 0.015625 0.977903125
vt 0.015625 1
vt 0 1
vt 0 0.977903125
vt 0.015625 0.977903125
vt 0.015625 1
vt 0 1
vt 0 0.977903125
vt 0.015625 1
vt 0 1
vt 0 0.977903125
vt 0.015625 0.977903125
vt 0 1
vt 0 0.977903125
vt 0.015625 0.977903125
vt 0.015625 1
vt 0 0.977903125
vt 0.015625 0.977903125
vt 0.015625 1
vt 0 1
vt 0 0.977903125
vt 0.015625 0.977903125
vt 0.015625 1
vt 0 1
vt 0 1
vt 0 0.977903125
vt 0.015625 0.977903125
vt 0.015625 1
vt 0 0.96875
vt 0.022096875 0.96875
vt 0.022096875 1
vt 0 1
vt 0 1
vt 0 0.96875
vt 0.022096875 0.96875
vt 0.022096875 1
vt 0 1
vt 0 0.96875
vt 0.022096875 0.96875
vt 0.022096875 1
vt 0 0.96875
vt 0.022096875 0.96875
vt 0.022096875 1
vt 0 1
vt 0.0110484375 0.9808625
vt 0.022096875 1
vt 0 1
vt 0.0110484375 0.9808625
vt 0.022096875 1
vt 0 1
vt 0.0110484375 0.9808625
vt 0.022096875 1
vt 0 1
vt 0.0110484375 0.9808625
vt 0.022096875 1
vt 0 1
vt 0.0110484375 1
vt 0 0.9808640625
vt 0.022096875 0.9808640625
vt 0.0110484375 1
vt 0 0.9808640625
vt 0.022096875 0.9808640625
vt 0.0110484375 1
vt 0 0.9808640625
vt 0.022096875 0.9808640625
vt 0.0110484375 1
vt 0 0.9808640625
vt 0.022096875 0.9808640625
vn -1 1.2246467991473532e-16 0
vn 1 -1.2246467991473532e-16 0
vn -1.2246467991473532e-16 -1 0
vn 1.2246467991473532e-16 1 0
vn 0 0 1
vn 0 0 -1
vn -0.06861750336098923 -0.9976430414895424 0
vn 0.06861750336098899 -0.9976430414895424 0
vn -1.221389738730727e-16 -0.9973404083374129 0.07288422255442342
vn -1.221389738730727e-16 -0.9973404083374129 -0.07288422255442342
vn -0.4246968511466046 0.9053356198814663 0
vn 0.4246968511466048 0.9053356198814663 0
vn 1.0960470398780885e-16 0.8949903275305167 0.4460855451892815
vn 1.0960470398780885e-16 0.8949903275305167 -0.4460855451892815
vn -0.6853634964665527 8.393282122002022e-17 -0.7282011244918136
vn -0.6853634964665527 8.393282122002022e-17 0.7282011244918136
vn 0.6853634964665527 -8.393282122002022e-17 -0.7282011244918136
vn 0.6853634964665527 -8.393282122002022e-17 0.7282011244918136
vn -0.3871100785678912 0.8252110699583339 0.4113058194207603
vn 0.3871100785678913 0.8252110699583337 0.41130581942076017
vn -0.3871100785678912 0.8252110699583339 -0.4113058194207603
vn 0.3871100785678913 0.8252110699583337 -0.41130581942076017
vn -0.0684358646626678 -0.995002161618232 0.07271334680042481
vn 0.06843586466266756 -0.9950021616182322 0.07271334680042482
vn -0.0684358646626678 -0.995002161618232 -0.07271334680042481
vn 0.06843586466266756 -0.9950021616182322 -0.07271334680042482
usemtl none
f 1408/4929/1305 1406/4930/1305 1405/4931/1305 1407/4932/1305
f 1401/4933/1306 1402/4934/1306 1404/4935/1306 1403/4936/1306
f 1393/4937/1307 1394/4938/1307 1396/4939/1307 1395/4940/1307
f 1400/4941/1308 1398/4942/1308 1397/4943/1308 1399/4944/1308
f 1413/4945/1309 1414/4946/1309 1416/4947/1309 1415/4948/1309
f 1412/4949/1310 1410/4950/1310 1409/4951/1310 1411/4952/1310
f 1394/4953/1311 1393/4954/1311 1406/4955/1311 1408/4956/1311
f 1402/4957/1312 1395/4958/1312 1396/4959/1312 1404/4960/1312
f 1414/4961/1313 1393/4962/1313 1395/4963/1313 1416/4964/1313
f 1396/4965/1314 1394/4966/1314 1410/4967/1314 1412/4968/1314
f 1405/4969/1315 1397/4970/1315 1398/4971/1315 1407/4972/1315
f 1400/4973/1316 1399/4974/1316 1401/4975/1316 1403/4976/1316
f 1399/4977/1317 1397/4978/1317 1413/4979/1317 1415/4980/1317
f 1409/4981/1318 1398/4982/1318 1400/4983/1318 1411/4984/1318
f 1407/4985/1319 1409/4986/1319 1410/4987/1319 1408/4988/1319
f 1414/4989/1320 1413/4990/1320 1405/4991/1320 1406/4992/1320
f 1412/4993/1321 1411/4994/1321 1403/4995/1321 1404/4996/1321
f 1401/4997/1322 1415/4998/1322 1416/4999/1322 1402/5000/1322
f 1397/5001/1323 1405/5002/1323 1413/5003/1323
f 1399/5004/1324 1415/5005/1324 1401/5006/1324
f 1398/5007/1325 1409/5008/1325 1407/5009/1325
f 1400/5010/1326 1403/5011/1326 1411/5012/1326
f 1393/5013/1327 1414/5014/1327 1406/5015/1327
f 1395/5016/1328 1402/5017/1328 1416/5018/1328
f 1394/5019/1329 1408/5020/1329 1410/5021/1329
f 1396/5022/1330 1412/5023/1330 1404/5024/1330
o труба
v -0.8828125 1.60833375 -2.2479168750000014
v -0.8828125 1.54166625 -2.2479168750000014
v -0.8828125 1.60833375 -2.177083125000001
v -0.8828125 1.54166625 -2.177083125000001
v 0.08906249999999999 1.60833375 -2.247916875000001
v 0.08906249999999999 1.54166625 -2.247916875000001
v 0.08906249999999999 1.60833375 -2.177083125000001
v 0.08906249999999999 1.54166625 -2.177083125000001
v 0.017187500000000022 1.60833375 -2.111309375000001
v -0.8699837500000001 1.60833375 -2.1062500000000015
v 0.017187500000000022 1.54166625 -2.111309375000001
v -0.8699837500000001 1.54166625 -2.1062500000000015
v 0.017187500000000022 1.60833375 -2.3136906250000013
v -0.8699837500000001 1.60833375 -2.3187500000000014
v 0.017187500000000022 1.54166625 -2.3136906250000013
v -0.8699837500000001 1.54166625 -2.3187500000000014
v 0.017187500000000022 1.475 -2.247916875000001
v -0.8699837500000001 1.475 -2.2479168750000014
v 0.017187500000000022 1.475 -2.177083125000001
v -0.8699837500000001 1.475 -2.177083125000001
v 0.017187500000000022 1.675 -2.247916875000001
v -0.8699837500000001 1.675 -2.2479168750000014
v 0.017187500000000022 1.675 -2.177083125000001
v -0.8699837500000001 1.675 -2.177083125000001
vt 0.015625 1
vt 0 1
vt 0 0.96875
vt 0.015625 0.96875
vt 0.015625 0.96875
vt 0.015625 1
vt 0 1
vt 0 0.96875
vt 0.015625 0.984375
vt 0.015625 1
vt 0 1
vt 0 0.984375
vt 0 0.984375
vt 0.015625 0.984375
vt 0.015625 1
vt 0 1
vt 0.015625 0.96875
vt 0.015625 1
vt 0 1
vt 0 0.96875
vt 0.015625 1
vt 0 1
vt 0 0.96875
vt 0.015625 0.96875
vt 0.015625 1
vt 0 1
vt 0 0.977903125
vt 0.015625 0.977903125
vt 0.015625 0.977903125
vt 0.015625 1
vt 0 1
vt 0 0.977903125
vt 0.015625 0.977903125
vt 0.015625 1
vt 0 1
vt 0 0.977903125
vt 0.015625 1
vt 0 1
vt 0 0.977903125
vt 0.015625 0.977903125
vt 0 1
vt 0 0.977903125
vt 0.015625 0.977903125
vt 0.015625 1
vt 0 0.977903125
vt 0.015625 0.977903125
vt 0.015625 1
vt 0 1
vt 0 0.977903125
vt 0.015625 0.977903125
vt 0.015625 1
vt 0 1
vt 0 1
vt 0 0.977903125
vt 0.015625 0.977903125
vt 0.015625 1
vt 0 0.96875
vt 0.022096875 0.96875
vt 0.022096875 1
vt 0 1
vt 0 1
vt 0 0.96875
vt 0.022096875 0.96875
vt 0.022096875 1
vt 0 1
vt 0 0.96875
vt 0.022096875 0.96875
vt 0.022096875 1
vt 0 0.96875
vt 0.022096875 0.96875
vt 0.022096875 1
vt 0 1
vt 0.0110484375 0.9808625
vt 0.022096875 1
vt 0 1
vt 0.0110484375 0.9808625
vt 0.022096875 1
vt 0 1
vt 0.0110484375 0.9808625
vt 0.022096875 1
vt 0 1
vt 0.0110484375 0.9808625
vt 0.022096875 1
vt 0 1
vt 0.0110484375 1
vt 0 0.9808640625
vt 0.022096875 0.9808640625
vt 0.0110484375 1
vt 0 0.9808640625
vt 0.022096875 0.9808640625
vt 0.0110484375 1
vt 0 0.9808640625
vt 0.022096875 0.9808640625
vt 0.0110484375 1
vt 0 0.9808640625
vt 0.022096875 0.9808640625
vn 0.0057027239455869835 2.2204099433267192e-16 -0.9999837393375957
vn 0.0057027239455865394 -2.2204099433267192e-16 0.9999837393375957
vn -1 4.930380657631324e-32 -2.220446049250313e-16
vn 1 -4.930380657631324e-32 2.220446049250313e-16
vn -4.930380657631324e-32 1 2.220446049250313e-16
vn 4.930380657631324e-32 -1 -2.220446049250313e-16
vn -0.983991927247668 3.9571243738692486e-17 -0.17821303855616255
vn -0.983991927247668 -3.9571243738692387e-17 0.1782130385561621
vn -0.981983719976542 0.1889655357493336 -1.7608540941509618e-16
vn -0.981983719976542 -0.1889655357493336 -2.600029648749115e-16
vn 0.6751015757455809 1.6380780903409178e-16 -0.7377247877263131
vn 0.6751015757455807 -1.6380780903409183e-16 0.7377247877263133
vn 0.6800411491437695 0.7331739462577905 3.1379678753252984e-16
vn 0.6800411491437695 -0.7331739462577905 -1.1797850943744654e-17
vn 1.5806372655893023e-16 -0.7023257117492404 -0.7118557400315901
vn 1.5806372655893018e-16 0.7023257117492406 -0.7118557400315899
vn -1.5806372655893018e-16 -0.7023257117492406 0.7118557400315899
vn -1.5806372655893023e-16 0.7023257117492404 0.7118557400315901
vn 0.5458294905913623 0.5884760975194219 -0.5964612727152415
vn 0.5458294905913621 0.5884760975194216 0.596461272715242
vn 0.5458294905913623 -0.5884760975194216 -0.5964612727152417
vn 0.5458294905913621 -0.5884760975194219 0.5964612727152417
vn -0.9668124305731451 0.18604608731877353 -0.17510162044545113
vn -0.9668124305731451 0.18604608731877348 0.17510162044545075
vn -0.9668124305731451 -0.18604608731877348 -0.1751016204454512
vn -0.9668124305731451 -0.18604608731877353 0.1751016204454507
usemtl none
f 1432/5025/1331 1430/5026/1331 1429/5027/1331 1431/5028/1331
f 1425/5029/1332 1426/5030/1332 1428/5031/1332 1427/5032/1332
f 1417/5033/1333 1418/5034/1333 1420/5035/1333 1419/5036/1333
f 1424/5037/1334 1422/5038/1334 1421/5039/1334 1423/5040/1334
f 1437/5041/1335 1438/5042/1335 1440/5043/1335 1439/5044/1335
f 1436/5045/1336 1434/5046/1336 1433/5047/1336 1435/5048/1336
f 1418/5049/1337 1417/5050/1337 1430/5051/1337 1432/5052/1337
f 1426/5053/1338 1419/5054/1338 1420/5055/1338 1428/5056/1338
f 1438/5057/1339 1417/5058/1339 1419/5059/1339 1440/5060/1339
f 1420/5061/1340 1418/5062/1340 1434/5063/1340 1436/5064/1340
f 1429/5065/1341 1421/5066/1341 1422/5067/1341 1431/5068/1341
f 1424/5069/1342 1423/5070/1342 1425/5071/1342 1427/5072/1342
f 1423/5073/1343 1421/5074/1343 1437/5075/1343 1439/5076/1343
f 1433/5077/1344 1422/5078/1344 1424/5079/1344 1435/5080/1344
f 1431/5081/1345 1433/5082/1345 1434/5083/1345 1432/5084/1345
f 1438/5085/1346 1437/5086/1346 1429/5087/1346 1430/5088/1346
f 1436/5089/1347 1435/5090/1347 1427/5091/1347 1428/5092/1347
f 1425/5093/1348 1439/5094/1348 1440/5095/1348 1426/5096/1348
f 1421/5097/1349 1429/5098/1349 1437/5099/1349
f 1423/5100/1350 1439/5101/1350 1425/5102/1350
f 1422/5103/1351 1433/5104/1351 1431/5105/1351
f 1424/5106/1352 1427/5107/1352 1435/5108/1352
f 1417/5109/1353 1438/5110/1353 1430/5111/1353
f 1419/5112/1354 1426/5113/1354 1440/5114/1354
f 1418/5115/1355 1432/5116/1355 1434/5117/1355
f 1420/5118/1356 1436/5119/1356 1428/5120/1356
o 34
v -0.4859375 1.61875 -2.252083750000001
v -0.4859375 1.54375 -2.252083750000001
v -0.4859375 1.61875 -2.172916250000001
v -0.4859375 1.54375 -2.1729162500000014
v -0.31093750000000003 1.61875 -2.252083750000001
v -0.31093750000000003 1.54375 -2.252083750000001
v -0.31093750000000003 1.61875 -2.172916250000001
v -0.31093750000000003 1.54375 -2.172916250000001
v -0.31212000000000006 1.61875 -2.0937500000000013
v -0.48288812500000006 1.61875 -2.0937500000000013
v -0.31212000000000006 1.54375 -2.0937500000000013
v -0.48288812500000006 1.54375 -2.0937500000000013
v -0.31212 1.61875 -2.331250000000001
v -0.482888125 1.61875 -2.331250000000001
v -0.31212 1.54375 -2.331250000000001
v -0.482888125 1.54375 -2.331250000000001
v -0.31212 1.46875 -2.252083750000001
v -0.482888125 1.46875 -2.252083750000001
v -0.31212 1.46875 -2.172916250000001
v -0.482888125 1.46875 -2.1729162500000014
v -0.31212 1.69375 -2.252083750000001
v -0.482888125 1.69375 -2.252083750000001
v -0.31212 1.69375 -2.172916250000001
v -0.482888125 1.69375 -2.172916250000001
vt 0.015625 0.984375
vt 0.015625 1
vt 0 1
vt 0 0.984375
vt 0 0.984375
vt 0.015625 0.984375
vt 0.015625 1
vt 0 1
vt 0.015625 1
vt 0 1
vt 0 0.977903125
vt 0.015625 0.977903125
vt 0.015625 0.977903125
vt 0.015625 1
vt 0 1
vt 0 0.977903125
vt 0.015625 0.977903125
vt 0.015625 1
vt 0 1
vt 0 0.977903125
vt 0.015625 1
vt 0 1
vt 0 0.977903125
vt 0.015625 0.977903125
vt 0 1
vt 0 0.977903125
vt 0.015625 0.977903125
vt 0.015625 1
vt 0 0.977903125
vt 0.015625 0.977903125
vt 0.015625 1
vt 0 1
vt 0 0.977903125
vt 0.015625 0.977903125
vt 0.015625 1
vt 0 1
vt 0 1
vt 0 0.977903125
vt 0.015625 0.977903125
vt 0.015625 1
vt 0.0110484375 0.9808625
vt 0.022096875 1
vt 0 1
vt 0.0110484375 0.9808625
vt 0.022096875 1
vt 0 1
vt 0.0110484375 0.9808625
vt 0.022096875 1
vt 0 1
vt 0.0110484375 0.9808625
vt 0.022096875 1
vt 0 1
vt 0.0110484375 1
vt 0 0.9808640625
vt 0.022096875 0.9808640625
vt 0.0110484375 1
vt 0 0.9808640625
vt 0.022096875 0.9808640625
vt 0.0110484375 1
vt 0 0.9808640625
vt 0.022096875 0.9808640625
vt 0.0110484375 1
vt 0 0.9808640625
vt 0.022096875 0.9808640625
vt 0.015625 1
vt 0 1
vt 0 0.96875
vt 0.015625 0.96875
vt 0.015625 0.96875
vt 0.015625 1
vt 0 1
vt 0 0.96875
vt 0.015625 0.96875
vt 0.015625 1
vt 0 1
vt 0 0.96875
vt 0.015625 1
vt 0 1
vt 0 0.96875
vt 0.015625 0.96875
vt 0 0.96875
vt 0.022096875 0.96875
vt 0.022096875 1
vt 0 1
vt 0 1
vt 0 0.96875
vt 0.022096875 0.96875
vt 0.022096875 1
vt 0 1
vt 0 0.96875
vt 0.022096875 0.96875
vt 0.022096875 1
vt 0 0.96875
vt 0.022096875 0.96875
vt 0.022096875 1
vt 0 1
vn -1 4.930380657631324e-32 -2.220446049250313e-16
vn 1 -4.930380657631324e-32 2.220446049250313e-16
vn -0.9992589822863902 8.546514784702823e-18 -0.03849008079970407
vn -0.9992589822863902 -8.546514784702725e-18 0.038490080799703626
vn -0.9991744733330402 0.04062476879493246 -2.1284079044516962e-16
vn -0.9991744733330402 -0.04062476879493243 -2.3088181191965267e-16
vn 0.9998884628632677 3.316292729153318e-18 -0.014935254699266369
vn 0.9998884628632677 -3.3162927291534168e-18 0.014935254699266813
vn 0.999875729279768 0.015764707331644347 2.2551747949326733e-16
vn 0.999875729279768 -0.015764707331644333 2.1851654307083992e-16
vn 0.9997642337156333 0.015762949418249825 -0.014933399098336958
vn 0.9997642337156333 0.01576294941824982 0.01493339909833741
vn 0.9997642337156333 -0.015762949418249808 -0.014933399098336965
vn 0.9997642337156333 -0.015762949418249815 0.014933399098337402
vn -0.9984352879388484 0.040594714748780285 -0.03845835322701955
vn -0.9984352879388484 0.04059471474878027 0.03845835322701912
vn -0.9984352879388484 -0.04059471474878024 -0.038458353227019564
vn -0.9984352879388484 -0.04059471474878026 0.038458353227019106
vn 2.220446049250313e-16 2.220446049250313e-16 -1
vn -2.220446049250313e-16 -2.220446049250313e-16 1
vn -4.930380657631324e-32 1 2.220446049250313e-16
vn 4.930380657631324e-32 -1 -2.220446049250313e-16
vn 1.5271041221045323e-16 -0.7259508766860938 -0.687746555526592
vn 1.5271041221045314e-16 0.7259508766860944 -0.6877465555265916
vn -1.527104122104532e-16 -0.7259508766860941 0.6877465555265919
vn -1.5271041221045319e-16 0.7259508766860941 0.6877465555265918
usemtl none
f 1441/5121/1357 1442/5122/1357 1444/5123/1357 1443/5124/1357
f 1448/5125/1358 1446/5126/1358 1445/5127/1358 1447/5128/1358
f 1442/5129/1359 1441/5130/1359 1454/5131/1359 1456/5132/1359
f 1450/5133/1360 1443/5134/1360 1444/5135/1360 1452/5136/1360
f 1462/5137/1361 1441/5138/1361 1443/5139/1361 1464/5140/1361
f 1444/5141/1362 1442/5142/1362 1458/5143/1362 1460/5144/1362
f 1453/5145/1363 1445/5146/1363 1446/5147/1363 1455/5148/1363
f 1448/5149/1364 1447/5150/1364 1449/5151/1364 1451/5152/1364
f 1447/5153/1365 1445/5154/1365 1461/5155/1365 1463/5156/1365
f 1457/5157/1366 1446/5158/1366 1448/5159/1366 1459/5160/1366
f 1445/5161/1367 1453/5162/1367 1461/5163/1367
f 1447/5164/1368 1463/5165/1368 1449/5166/1368
f 1446/5167/1369 1457/5168/1369 1455/5169/1369
f 1448/5170/1370 1451/5171/1370 1459/5172/1370
f 1441/5173/1371 1462/5174/1371 1454/5175/1371
f 1443/5176/1372 1450/5177/1372 1464/5178/1372
f 1442/5179/1373 1456/5180/1373 1458/5181/1373
f 1444/5182/1374 1460/5183/1374 1452/5184/1374
f 1456/5185/1375 1454/5186/1375 1453/5187/1375 1455/5188/1375
f 1449/5189/1376 1450/5190/1376 1452/5191/1376 1451/5192/1376
f 1461/5193/1377 1462/5194/1377 1464/5195/1377 1463/5196/1377
f 1460/5197/1378 1458/5198/1378 1457/5199/1378 1459/5200/1378
f 1455/5201/1379 1457/5202/1379 1458/5203/1379 1456/5204/1379
f 1462/5205/1380 1461/5206/1380 1453/5207/1380 1454/5208/1380
f 1460/5209/1381 1459/5210/1381 1451/5211/1381 1452/5212/1381
f 1449/5213/1382 1463/5214/1382 1464/5215/1382 1450/5216/1382
o 3
v -0.2546875 1.61875 -2.252083750000001
v -0.2546875 1.54375 -2.252083750000001
v -0.25468750000000007 1.61875 -2.172916250000001
v -0.25468750000000007 1.54375 -2.172916250000001
v -0.20468750000000002 1.61875 -2.252083750000001
v -0.20468750000000002 1.54375 -2.252083750000001
v -0.20468750000000002 1.61875 -2.172916250000001
v -0.20468750000000002 1.54375 -2.172916250000001
v -0.20502562500000004 1.61875 -2.0937500000000013
v -0.2538162500000001 1.61875 -2.0937500000000013
v -0.20502562500000004 1.54375 -2.0937500000000013
v -0.2538162500000001 1.54375 -2.0937500000000013
v -0.205025625 1.61875 -2.331250000000001
v -0.25381624999999997 1.61875 -2.331250000000001
v -0.205025625 1.54375 -2.331250000000001
v -0.25381624999999997 1.54375 -2.331250000000001
v -0.205025625 1.46875 -2.252083750000001
v -0.25381625 1.46875 -2.252083750000001
v -0.20502562500000004 1.46875 -2.172916250000001
v -0.25381625 1.46875 -2.172916250000001
v -0.205025625 1.69375 -2.252083750000001
v -0.25381625 1.69375 -2.252083750000001
v -0.20502562500000004 1.69375 -2.172916250000001
v -0.25381625 1.69375 -2.172916250000001
vt 0.015625 0.984375
vt 0.015625 1
vt 0 1
vt 0 0.984375
vt 0 0.984375
vt 0.015625 0.984375
vt 0.015625 1
vt 0 1
vt 0.015625 1
vt 0 1
vt 0 0.977903125
vt 0.015625 0.977903125
vt 0.015625 0.977903125
vt 0.015625 1
vt 0 1
vt 0 0.977903125
vt 0.015625 0.977903125
vt 0.015625 1
vt 0 1
vt 0 0.977903125
vt 0.015625 1
vt 0 1
vt 0 0.977903125
vt 0.015625 0.977903125
vt 0 1
vt 0 0.977903125
vt 0.015625 0.977903125
vt 0.015625 1
vt 0 0.977903125
vt 0.015625 0.977903125
vt 0.015625 1
vt 0 1
vt 0 0.977903125
vt 0.015625 0.977903125
vt 0.015625 1
vt 0 1
vt 0 1
vt 0 0.977903125
vt 0.015625 0.977903125
vt 0.015625 1
vt 0.0110484375 0.9808625
vt 0.022096875 1
vt 0 1
vt 0.0110484375 0.9808625
vt 0.022096875 1
vt 0 1
vt 0.0110484375 0.9808625
vt 0.022096875 1
vt 0 1
vt 0.0110484375 0.9808625
vt 0.022096875 1
vt 0 1
vt 0.0110484375 1
vt 0 0.9808640625
vt 0.022096875 0.9808640625
vt 0.0110484375 1
vt 0 0.9808640625
vt 0.022096875 0.9808640625
vt 0.0110484375 1
vt 0 0.9808640625
vt 0.022096875 0.9808640625
vt 0.0110484375 1
vt 0 0.9808640625
vt 0.022096875 0.9808640625
vt 0.015625 1
vt 0 1
vt 0 0.96875
vt 0.015625 0.96875
vt 0.015625 0.96875
vt 0.015625 1
vt 0 1
vt 0 0.96875
vt 0.015625 0.96875
vt 0.015625 1
vt 0 1
vt 0 0.96875
vt 0.015625 1
vt 0 1
vt 0 0.96875
vt 0.015625 0.96875
vt 0 0.96875
vt 0.022096875 0.96875
vt 0.022096875 1
vt 0 1
vt 0 1
vt 0 0.96875
vt 0.022096875 0.96875
vt 0.022096875 1
vt 0 1
vt 0 0.96875
vt 0.022096875 0.96875
vt 0.022096875 1
vt 0 0.96875
vt 0.022096875 0.96875
vt 0.022096875 1
vt 0 1
vn -1 4.930380657631324e-32 -2.220446049250313e-16
vn 1 -4.930380657631324e-32 2.220446049250313e-16
vn -0.9999394469544073 2.4435241996308717e-18 -0.011004654674928383
vn -0.9999394469544073 -2.443524199630773e-18 0.011004654674927939
vn -0.9999325333560142 0.011615882929152424 -2.194503801848628e-16
vn -0.9999325333560142 -0.011615882929152416 -2.2460886845658094e-16
vn 0.9999908790834867 9.483605356134993e-19 -0.0042710361548018395
vn 0.9999908790834867 -9.48360535613598e-19 0.004271036154802284
vn 0.999989837620191 0.004508287517937626 2.2304338934423043e-16
vn 0.9999898376201909 -0.004508287517937622 2.2104130750261258e-16
vn 0.9999807169817427 0.0045082463990592896 -0.004270992751702005
vn 0.9999807169817427 0.004508246399059288 0.004270992751702451
vn 0.9999807169817427 -0.004508246399059285 -0.0042709927517020066
vn 0.9999807169817427 -0.004508246399059287 0.004270992751702449
vn -0.9998719925647848 0.011615179646960978 -0.011003912317712285
vn -0.9998719925647848 0.011615179646960974 0.011003912317711844
vn -0.9998719925647849 -0.011615179646960969 -0.011003912317712292
vn -0.9998719925647849 -0.011615179646960972 0.011003912317711844
vn 2.220446049250313e-16 2.220446049250313e-16 -1
vn -2.220446049250313e-16 -2.220446049250313e-16 1
vn -4.930380657631324e-32 1 2.220446049250313e-16
vn 4.930380657631324e-32 -1 -2.220446049250313e-16
vn 1.5271041221045323e-16 -0.7259508766860938 -0.687746555526592
vn 1.5271041221045314e-16 0.7259508766860944 -0.6877465555265916
vn -1.527104122104532e-16 -0.7259508766860941 0.6877465555265919
vn -1.5271041221045319e-16 0.7259508766860941 0.6877465555265918
usemtl none
f 1465/5217/1383 1466/5218/1383 1468/5219/1383 1467/5220/1383
f 1472/5221/1384 1470/5222/1384 1469/5223/1384 1471/5224/1384
f 1466/5225/1385 1465/5226/1385 1478/5227/1385 1480/5228/1385
f 1474/5229/1386 1467/5230/1386 1468/5231/1386 1476/5232/1386
f 1486/5233/1387 1465/5234/1387 1467/5235/1387 1488/5236/1387
f 1468/5237/1388 1466/5238/1388 1482/5239/1388 1484/5240/1388
f 1477/5241/1389 1469/5242/1389 1470/5243/1389 1479/5244/1389
f 1472/5245/1390 1471/5246/1390 1473/5247/1390 1475/5248/1390
f 1471/5249/1391 1469/5250/1391 1485/5251/1391 1487/5252/1391
f 1481/5253/1392 1470/5254/1392 1472/5255/1392 1483/5256/1392
f 1469/5257/1393 1477/5258/1393 1485/5259/1393
f 1471/5260/1394 1487/5261/1394 1473/5262/1394
f 1470/5263/1395 1481/5264/1395 1479/5265/1395
f 1472/5266/1396 1475/5267/1396 1483/5268/1396
f 1465/5269/1397 1486/5270/1397 1478/5271/1397
f 1467/5272/1398 1474/5273/1398 1488/5274/1398
f 1466/5275/1399 1480/5276/1399 1482/5277/1399
f 1468/5278/1400 1484/5279/1400 1476/5280/1400
f 1480/5281/1401 1478/5282/1401 1477/5283/1401 1479/5284/1401
f 1473/5285/1402 1474/5286/1402 1476/5287/1402 1475/5288/1402
f 1485/5289/1403 1486/5290/1403 1488/5291/1403 1487/5292/1403
f 1484/5293/1404 1482/5294/1404 1481/5295/1404 1483/5296/1404
f 1479/5297/1405 1481/5298/1405 1482/5299/1405 1480/5300/1405
f 1486/5301/1406 1485/5302/1406 1477/5303/1406 1478/5304/1406
f 1484/5305/1407 1483/5306/1407 1475/5307/1407 1476/5308/1407
f 1473/5309/1408 1487/5310/1408 1488/5311/1408 1474/5312/1408
o труба
v -0.8578125 1.60833375 -2.177083125000001
v -0.8578125 1.54166625 -2.177083125000001
v -0.8578125 1.60833375 -2.2479168750000014
v -0.8578125 1.54166625 -2.2479168750000014
v -1.3359375 1.60833375 -2.177083125000001
v -1.3359375 1.54166625 -2.177083125000001
v -1.3359375 1.60833375 -2.247916875000001
v -1.3359375 1.54166625 -2.247916875000001
v -1.2640625 1.60833375 -2.3136906250000013
v -0.87064125 1.60833375 -2.3187500000000014
v -1.2640625 1.54166625 -2.3136906250000013
v -0.87064125 1.54166625 -2.3187500000000014
v -1.2640625 1.60833375 -2.111309375000001
v -0.87064125 1.60833375 -2.106250000000001
v -1.2640625 1.54166625 -2.111309375000001
v -0.87064125 1.54166625 -2.106250000000001
v -1.2640625 1.475 -2.177083125000001
v -0.87064125 1.475 -2.177083125000001
v -1.2640625 1.475 -2.247916875000001
v -0.87064125 1.475 -2.2479168750000014
v -1.2640625 1.675 -2.177083125000001
v -0.87064125 1.675 -2.177083125000001
v -1.2640625 1.675 -2.247916875000001
v -0.87064125 1.675 -2.2479168750000014
vt 0.015625 1
vt 0 1
vt 0 0.96875
vt 0.015625 0.96875
vt 0.015625 0.96875
vt 0.015625 1
vt 0 1
vt 0 0.96875
vt 0.015625 0.984375
vt 0.015625 1
vt 0 1
vt 0 0.984375
vt 0 0.984375
vt 0.015625 0.984375
vt 0.015625 1
vt 0 1
vt 0.015625 0.96875
vt 0.015625 1
vt 0 1
vt 0 0.96875
vt 0.015625 1
vt 0 1
vt 0 0.96875
vt 0.015625 0.96875
vt 0.015625 1
vt 0 1
vt 0 0.977903125
vt 0.015625 0.977903125
vt 0.015625 0.977903125
vt 0.015625 1
vt 0 1
vt 0 0.977903125
vt 0.015625 0.977903125
vt 0.015625 1
vt 0 1
vt 0 0.977903125
vt 0.015625 1
vt 0 1
vt 0 0.977903125
vt 0.015625 0.977903125
vt 0 1
vt 0 0.977903125
vt 0.015625 0.977903125
vt 0.015625 1
vt 0 0.977903125
vt 0.015625 0.977903125
vt 0.015625 1
vt 0 1
vt 0 0.977903125
vt 0.015625 0.977903125
vt 0.015625 1
vt 0 1
vt 0 1
vt 0 0.977903125
vt 0.015625 0.977903125
vt 0.015625 1
vt 0 0.96875
vt 0.022096875 0.96875
vt 0.022096875 1
vt 0 1
vt 0 1
vt 0 0.96875
vt 0.022096875 0.96875
vt 0.022096875 1
vt 0 1
vt 0 0.96875
vt 0.022096875 0.96875
vt 0.022096875 1
vt 0 0.96875
vt 0.022096875 0.96875
vt 0.022096875 1
vt 0 1
vt 0.0110484375 0.9808625
vt 0.022096875 1
vt 0 1
vt 0.0110484375 0.9808625
vt 0.022096875 1
vt 0 1
vt 0.0110484375 0.9808625
vt 0.022096875 1
vt 0 1
vt 0.0110484375 0.9808625
vt 0.022096875 1
vt 0 1
vt 0.0110484375 1
vt 0 0.9808640625
vt 0.022096875 0.9808640625
vt 0.0110484375 1
vt 0 0.9808640625
vt 0.022096875 0.9808640625
vt 0.0110484375 1
vt 0 0.9808640625
vt 0.022096875 0.9808640625
vt 0.0110484375 1
vt 0 0.9808640625
vt 0.022096875 0.9808640625
vn -0.01285888013639265 -2.2202624653975834e-16 0.9999173211829255
vn -0.012858880136393094 2.2202624653975834e-16 -0.9999173211829255
vn 1 4.930380657631324e-32 -2.220446049250313e-16
vn -1 -4.930380657631324e-32 2.220446049250313e-16
vn 4.930380657631324e-32 1 2.220446049250313e-16
vn -4.930380657631324e-32 -1 -2.220446049250313e-16
vn 0.9839919272476678 -3.957124373869256e-17 0.17821303855616288
vn 0.9839919272476678 3.957124373869266e-17 -0.17821303855616333
vn 0.9819837199765418 0.18896553574933442 -1.7608540941509596e-16
vn 0.9819837199765418 -0.18896553574933442 -2.600029648749116e-16
vn -0.6751015757455807 -1.6380780903409183e-16 0.7377247877263133
vn -0.6751015757455809 1.6380780903409178e-16 -0.7377247877263131
vn -0.6800411491437695 0.7331739462577905 3.1379678753252984e-16
vn -0.6800411491437695 -0.7331739462577905 -1.1797850943744654e-17
vn 1.5806372655893018e-16 -0.7023257117492406 0.7118557400315899
vn 1.5806372655893023e-16 0.7023257117492404 0.7118557400315901
vn -1.5806372655893023e-16 -0.7023257117492404 -0.7118557400315901
vn -1.5806372655893018e-16 0.7023257117492406 -0.7118557400315899
vn -0.5458294905913621 0.5884760975194216 0.596461272715242
vn -0.5458294905913623 0.5884760975194219 -0.5964612727152415
vn -0.5458294905913621 -0.5884760975194219 0.5964612727152417
vn -0.5458294905913623 -0.5884760975194216 -0.5964612727152417
vn 0.966812430573145 0.18604608731877426 0.17510162044545147
vn 0.9668124305731448 0.18604608731877428 -0.17510162044545183
vn 0.966812430573145 -0.1860460873187743 0.1751016204454514
vn 0.9668124305731448 -0.18604608731877423 -0.17510162044545188
usemtl none
f 1504/5313/1409 1502/5314/1409 1501/5315/1409 1503/5316/1409
f 1497/5317/1410 1498/5318/1410 1500/5319/1410 1499/5320/1410
f 1489/5321/1411 1490/5322/1411 1492/5323/1411 1491/5324/1411
f 1496/5325/1412 1494/5326/1412 1493/5327/1412 1495/5328/1412
f 1509/5329/1413 1510/5330/1413 1512/5331/1413 1511/5332/1413
f 1508/5333/1414 1506/5334/1414 1505/5335/1414 1507/5336/1414
f 1490/5337/1415 1489/5338/1415 1502/5339/1415 1504/5340/1415
f 1498/5341/1416 1491/5342/1416 1492/5343/1416 1500/5344/1416
f 1510/5345/1417 1489/5346/1417 1491/5347/1417 1512/5348/1417
f 1492/5349/1418 1490/5350/1418 1506/5351/1418 1508/5352/1418
f 1501/5353/1419 1493/5354/1419 1494/5355/1419 1503/5356/1419
f 1496/5357/1420 1495/5358/1420 1497/5359/1420 1499/5360/1420
f 1495/5361/1421 1493/5362/1421 1509/5363/1421 1511/5364/1421
f 1505/5365/1422 1494/5366/1422 1496/5367/1422 1507/5368/1422
f 1503/5369/1423 1505/5370/1423 1506/5371/1423 1504/5372/1423
f 1510/5373/1424 1509/5374/1424 1501/5375/1424 1502/5376/1424
f 1508/5377/1425 1507/5378/1425 1499/5379/1425 1500/5380/1425
f 1497/5381/1426 1511/5382/1426 1512/5383/1426 1498/5384/1426
f 1493/5385/1427 1501/5386/1427 1509/5387/1427
f 1495/5388/1428 1511/5389/1428 1497/5390/1428
f 1494/5391/1429 1505/5392/1429 1503/5393/1429
f 1496/5394/1430 1499/5395/1430 1507/5396/1430
f 1489/5397/1431 1510/5398/1431 1502/5399/1431
f 1491/5400/1432 1498/5401/1432 1512/5402/1432
f 1490/5403/1433 1504/5404/1433 1506/5405/1433
f 1492/5406/1434 1508/5407/1434 1500/5408/1434
o труба2
v -1.2651043750000002 0.03750000000000009 -2.179166250000001
v -1.2651043750000002 0.03750000000000009 -2.2458337500000014
v -1.1942706250000001 0.03750000000000009 -2.179166250000001
v -1.1942706250000001 0.03750000000000009 -2.2458337500000014
v -1.265104375 1.575 -2.179166250000001
v -1.265104375 1.575 -2.2458337500000014
v -1.194270625 1.575 -2.179166250000001
v -1.194270625 1.575 -2.2458337500000014
v -1.1234375 1.541771875 -2.179166250000001
v -1.1234375 0.04237187499999995 -2.179166250000001
v -1.1234375 1.541771875 -2.2458337500000014
v -1.1234375 0.04237187499999995 -2.2458337500000014
v -1.3359375 1.541771875 -2.179166250000001
v -1.3359375000000002 0.04237187499999995 -2.179166250000001
v -1.3359375 1.541771875 -2.2458337500000014
v -1.3359375000000002 0.04237187499999995 -2.2458337500000014
v -1.265104375 1.541771875 -2.3125000000000013
v -1.2651043750000002 0.04237187499999995 -2.3125000000000013
v -1.1942706250000001 1.541771875 -2.3125000000000013
v -1.1942706250000001 0.04237187499999995 -2.3125000000000013
v -1.265104375 1.541771875 -2.112500000000001
v -1.2651043750000002 0.04237187499999995 -2.112500000000001
v -1.1942706250000001 1.541771875 -2.112500000000001
v -1.1942706250000001 0.04237187499999995 -2.112500000000001
vt 0.015625 1
vt 0 1
vt 0 0.96875
vt 0.015625 0.96875
vt 0.015625 0.96875
vt 0.015625 1
vt 0 1
vt 0 0.96875
vt 0.015625 0.984375
vt 0.015625 1
vt 0 1
vt 0 0.984375
vt 0 0.984375
vt 0.015625 0.984375
vt 0.015625 1
vt 0 1
vt 0.015625 0.96875
vt 0.015625 1
vt 0 1
vt 0 0.96875
vt 0.015625 1
vt 0 1
vt 0 0.96875
vt 0.015625 0.96875
vt 0.015625 1
vt 0 1
vt 0 0.977903125
vt 0.015625 0.977903125
vt 0.015625 0.977903125
vt 0.015625 1
vt 0 1
vt 0 0.977903125
vt 0.015625 0.977903125
vt 0.015625 1
vt 0 1
vt 0 0.977903125
vt 0.015625 1
vt 0 1
vt 0 0.977903125
vt 0.015625 0.977903125
vt 0 1
vt 0 0.977903125
vt 0.015625 0.977903125
vt 0.015625 1
vt 0 0.977903125
vt 0.015625 0.977903125
vt 0.015625 1
vt 0 1
vt 0 0.977903125
vt 0.015625 0.977903125
vt 0.015625 1
vt 0 1
vt 0 1
vt 0 0.977903125
vt 0.015625 0.977903125
vt 0.015625 1
vt 0 0.96875
vt 0.022096875 0.96875
vt 0.022096875 1
vt 0 1
vt 0 1
vt 0 0.96875
vt 0.022096875 0.96875
vt 0.022096875 1
vt 0 1
vt 0 0.96875
vt 0.022096875 0.96875
vt 0.022096875 1
vt 0 0.96875
vt 0.022096875 0.96875
vt 0.022096875 1
vt 0 1
vt 0.0110484375 0.9808625
vt 0.022096875 1
vt 0 1
vt 0.0110484375 0.9808625
vt 0.022096875 1
vt 0 1
vt 0.0110484375 0.9808625
vt 0.022096875 1
vt 0 1
vt 0.0110484375 0.9808625
vt 0.022096875 1
vt 0 1
vt 0.0110484375 1
vt 0 0.9808640625
vt 0.022096875 0.9808640625
vt 0.0110484375 1
vt 0 0.9808640625
vt 0.022096875 0.9808640625
vt 0.0110484375 1
vt 0 0.9808640625
vt 0.022096875 0.9808640625
vt 0.0110484375 1
vt 0 0.9808640625
vt 0.022096875 0.9808640625
vn -1 1.2246467991473532e-16 0
vn 1 -1.2246467991473532e-16 0
vn -1.2246467991473532e-16 -1 0
vn 1.2246467991473532e-16 1 0
vn 0 0 1
vn 0 0 -1
vn -0.06861750336098729 -0.9976430414895424 0
vn 0.06861750336098704 -0.9976430414895424 0
vn -1.2213897387307272e-16 -0.9973404083374131 0.07288422255442135
vn -1.2213897387307272e-16 -0.9973404083374131 -0.07288422255442135
vn -0.4246968511466046 0.9053356198814663 0
vn 0.4246968511466048 0.9053356198814663 0
vn 1.0960470398780885e-16 0.8949903275305167 0.4460855451892815
vn 1.0960470398780885e-16 0.8949903275305167 -0.4460855451892815
vn -0.6853634964665526 8.393282122002019e-17 -0.7282011244918136
vn -0.6853634964665526 8.393282122002019e-17 0.7282011244918136
vn 0.6853634964665526 -8.393282122002019e-17 -0.7282011244918136
vn 0.6853634964665526 -8.393282122002019e-17 0.7282011244918136
vn -0.3871100785678912 0.8252110699583339 0.4113058194207603
vn 0.3871100785678913 0.8252110699583337 0.41130581942076017
vn -0.3871100785678912 0.8252110699583339 -0.4113058194207603
vn 0.3871100785678913 0.8252110699583337 -0.41130581942076017
vn -0.06843586466266587 -0.9950021616182323 0.07271334680042277
vn 0.06843586466266562 -0.9950021616182323 0.07271334680042277
vn -0.06843586466266587 -0.9950021616182323 -0.07271334680042277
vn 0.06843586466266562 -0.9950021616182323 -0.07271334680042277
usemtl none
f 1528/5409/1435 1526/5410/1435 1525/5411/1435 1527/5412/1435
f 1521/5413/1436 1522/5414/1436 1524/5415/1436 1523/5416/1436
f 1513/5417/1437 1514/5418/1437 1516/5419/1437 1515/5420/1437
f 1520/5421/1438 1518/5422/1438 1517/5423/1438 1519/5424/1438
f 1533/5425/1439 1534/5426/1439 1536/5427/1439 1535/5428/1439
f 1532/5429/1440 1530/5430/1440 1529/5431/1440 1531/5432/1440
f 1514/5433/1441 1513/5434/1441 1526/5435/1441 1528/5436/1441
f 1522/5437/1442 1515/5438/1442 1516/5439/1442 1524/5440/1442
f 1534/5441/1443 1513/5442/1443 1515/5443/1443 1536/5444/1443
f 1516/5445/1444 1514/5446/1444 1530/5447/1444 1532/5448/1444
f 1525/5449/1445 1517/5450/1445 1518/5451/1445 1527/5452/1445
f 1520/5453/1446 1519/5454/1446 1521/5455/1446 1523/5456/1446
f 1519/5457/1447 1517/5458/1447 1533/5459/1447 1535/5460/1447
f 1529/5461/1448 1518/5462/1448 1520/5463/1448 1531/5464/1448
f 1527/5465/1449 1529/5466/1449 1530/5467/1449 1528/5468/1449
f 1534/5469/1450 1533/5470/1450 1525/5471/1450 1526/5472/1450
f 1532/5473/1451 1531/5474/1451 1523/5475/1451 1524/5476/1451
f 1521/5477/1452 1535/5478/1452 1536/5479/1452 1522/5480/1452
f 1517/5481/1453 1525/5482/1453 1533/5483/1453
f 1519/5484/1454 1535/5485/1454 1521/5486/1454
f 1518/5487/1455 1529/5488/1455 1527/5489/1455
f 1520/5490/1456 1523/5491/1456 1531/5492/1456
f 1513/5493/1457 1534/5494/1457 1526/5495/1457
f 1515/5496/1458 1522/5497/1458 1536/5498/1458
f 1514/5499/1459 1528/5500/1459 1530/5501/1459
f 1516/5502/1460 1532/5503/1460 1524/5504/1460
o 4
v -1.181770625 0.04999999999999999 -2.165104375000001
v -1.181770625 0.04999999999999999 -2.256770625000001
v -1.2776043750000001 0.04999999999999999 -2.165104375000001
v -1.2776043750000001 0.04999999999999999 -2.256770625000001
v -1.181770625 0 -2.165104375000001
v -1.181770625 0 -2.256770625000001
v -1.2776043750000001 0 -2.165104375000001
v -1.2776043750000001 0 -2.256770625000001
v -1.3734375 0.0003381249999999947 -2.165104375000001
v -1.3734375 0.04912875 -2.165104375000001
v -1.3734375 0.0003381249999999947 -2.256770625000001
v -1.3734375 0.04912875 -2.256770625000001
v -1.0859375 0.0003381249999999947 -2.165104375000001
v -1.0859375 0.04912875 -2.165104375000001
v -1.0859375 0.0003381249999999947 -2.256770625000001
v -1.0859375 0.04912875 -2.256770625000001
v -1.181770625 0.0003381249999999947 -2.348437500000001
v -1.181770625 0.04912875 -2.348437500000001
v -1.2776043750000001 0.0003381249999999947 -2.348437500000001
v -1.2776043750000001 0.04912875 -2.348437500000001
v -1.181770625 0.0003381249999999947 -2.073437500000001
v -1.181770625 0.04912875 -2.073437500000001
v -1.2776043750000001 0.0003381249999999947 -2.073437500000001
v -1.2776043750000001 0.04912875 -2.073437500000001
vt 0.015625 0.984375
vt 0.015625 1
vt 0 1
vt 0 0.984375
vt 0 0.984375
vt 0.015625 0.984375
vt 0.015625 1
vt 0 1
vt 0.015625 1
vt 0 1
vt 0 0.977903125
vt 0.015625 0.977903125
vt 0.015625 0.977903125
vt 0.015625 1
vt 0 1
vt 0 0.977903125
vt 0.015625 0.977903125
vt 0.015625 1
vt 0 1
vt 0 0.977903125
vt 0.015625 1
vt 0 1
vt 0 0.977903125
vt 0.015625 0.977903125
vt 0 1
vt 0 0.977903125
vt 0.015625 0.977903125
vt 0.015625 1
vt 0 0.977903125
vt 0.015625 0.977903125
vt 0.015625 1
vt 0 1
vt 0 0.977903125
vt 0.015625 0.977903125
vt 0.015625 1
vt 0 1
vt 0 1
vt 0 0.977903125
vt 0.015625 0.977903125
vt 0.015625 1
vt 0.0110484375 0.9808625
vt 0.022096875 1
vt 0 1
vt 0.0110484375 0.9808625
vt 0.022096875 1
vt 0 1
vt 0.0110484375 0.9808625
vt 0.022096875 1
vt 0 1
vt 0.0110484375 0.9808625
vt 0.022096875 1
vt 0 1
vt 0.0110484375 1
vt 0 0.9808640625
vt 0.022096875 0.9808640625
vt 0.0110484375 1
vt 0 0.9808640625
vt 0.022096875 0.9808640625
vt 0.0110484375 1
vt 0 0.9808640625
vt 0.022096875 0.9808640625
vt 0.0110484375 1
vt 0 0.9808640625
vt 0.022096875 0.9808640625
vt 0.015625 1
vt 0 1
vt 0 0.96875
vt 0.015625 0.96875
vt 0.015625 0.96875
vt 0.015625 1
vt 0 1
vt 0 0.96875
vt 0.015625 0.96875
vt 0.015625 1
vt 0 1
vt 0 0.96875
vt 0.015625 1
vt 0 1
vt 0 0.96875
vt 0.015625 0.96875
vt 0 0.96875
vt 0.022096875 0.96875
vt 0.022096875 1
vt 0 1
vt 0 1
vt 0 0.96875
vt 0.022096875 0.96875
vt 0.022096875 1
vt 0 1
vt 0 0.96875
vt 0.022096875 0.96875
vt 0.022096875 1
vt 0 0.96875
vt 0.022096875 0.96875
vt 0.022096875 1
vt 0 1
vn 0 1 0
vn 0 -1 0
vn 0.009090948426010676 0.9999586764745411 0
vn -0.009090948426010676 0.9999586764745411 0
vn 0 0.9999548350731509 0.009504094582230196
vn 0 0.9999548350731509 -0.0095040945822302
vn 0.0035282465787781605 -0.999993775718669 0
vn -0.0035282465787781605 -0.999993775718669 0
vn 0 -0.9999931970812314 0.0036886028869543767
vn 0 -0.9999931970812314 -0.003688602886954378
vn 0.0035282225767020794 -0.9999869729269284 0.0036885799283646603
vn -0.0035282225767020794 -0.9999869729269284 0.0036885799283646603
vn 0.003528222576702079 -0.9999869729269284 -0.0036885799283646616
vn -0.003528222576702079 -0.9999869729269284 -0.0036885799283646616
vn 0.009090537867921245 0.9999135171463296 0.009503701875009152
vn -0.009090537867921245 0.9999135171463296 0.009503701875009152
vn 0.009090537867921245 0.9999135171463296 -0.009503701875009157
vn -0.009090537867921245 0.9999135171463296 -0.009503701875009157
vn 1 0 0
vn -1 0 0
vn 0 0 1
vn 0 0 -1
vn 0.6912242510439012 0 -0.7226403218536854
vn 0.6912242510439013 0 0.7226403218536852
vn -0.6912242510439012 0 -0.7226403218536854
vn -0.6912242510439013 0 0.7226403218536852
usemtl none
f 1537/5505/1461 1538/5506/1461 1540/5507/1461 1539/5508/1461
f 1544/5509/1462 1542/5510/1462 1541/5511/1462 1543/5512/1462
f 1538/5513/1463 1537/5514/1463 1550/5515/1463 1552/5516/1463
f 1546/5517/1464 1539/5518/1464 1540/5519/1464 1548/5520/1464
f 1558/5521/1465 1537/5522/1465 1539/5523/1465 1560/5524/1465
f 1540/5525/1466 1538/5526/1466 1554/5527/1466 1556/5528/1466
f 1549/5529/1467 1541/5530/1467 1542/5531/1467 1551/5532/1467
f 1544/5533/1468 1543/5534/1468 1545/5535/1468 1547/5536/1468
f 1543/5537/1469 1541/5538/1469 1557/5539/1469 1559/5540/1469
f 1553/5541/1470 1542/5542/1470 1544/5543/1470 1555/5544/1470
f 1541/5545/1471 1549/5546/1471 1557/5547/1471
f 1543/5548/1472 1559/5549/1472 1545/5550/1472
f 1542/5551/1473 1553/5552/1473 1551/5553/1473
f 1544/5554/1474 1547/5555/1474 1555/5556/1474
f 1537/5557/1475 1558/5558/1475 1550/5559/1475
f 1539/5560/1476 1546/5561/1476 1560/5562/1476
f 1538/5563/1477 1552/5564/1477 1554/5565/1477
f 1540/5566/1478 1556/5567/1478 1548/5568/1478
f 1552/5569/1479 1550/5570/1479 1549/5571/1479 1551/5572/1479
f 1545/5573/1480 1546/5574/1480 1548/5575/1480 1547/5576/1480
f 1557/5577/1481 1558/5578/1481 1560/5579/1481 1559/5580/1481
f 1556/5581/1482 1554/5582/1482 1553/5583/1482 1555/5584/1482
f 1551/5585/1483 1553/5586/1483 1554/5587/1483 1552/5588/1483
f 1558/5589/1484 1557/5590/1484 1549/5591/1484 1550/5592/1484
f 1556/5593/1485 1555/5594/1485 1547/5595/1485 1548/5596/1485
f 1545/5597/1486 1559/5598/1486 1560/5599/1486 1546/5600/1486
o cube
v 0.1937500000000001 1.03125 -2.53125
v 0.1937500000000001 1.03125 -2.54375
v 0.1937500000000001 0.8999999999999999 -2.53125
v 0.1937500000000001 0.8999999999999999 -2.54375
v -0.23750000000000004 1.03125 -2.54375
v -0.23750000000000004 1.03125 -2.53125
v -0.23750000000000004 0.8999999999999999 -2.54375
v -0.23750000000000004 0.8999999999999999 -2.53125
vt 0.303125 0.96875
vt 0.4109375 0.96875
vt 0.4109375 0.9359375
vt 0.303125 0.9359375
vt 0.790625 0.96875
vt 0.79375 0.96875
vt 0.79375 0.9359375
vt 0.790625 0.9359375
vt 0.453125 0.96875
vt 0.5609375 0.96875
vt 0.5609375 0.9359375
vt 0.453125 0.9359375
vt 0.1765625 0.96875
vt 0.1796875 0.96875
vt 0.1796875 0.9359375
vt 0.1765625 0.9359375
vt 0.453125 0.8234375
vt 0.5609375 0.8234375
vt 0.5609375 0.8203125
vt 0.453125 0.8203125
vt 0.453125 0.20937499999999998
vt 0.5609375 0.20937499999999998
vt 0.5609375 0.20625000000000004
vt 0.453125 0.20625000000000004
vn 0 0 -1
vn 1 0 0
vn 0 0 1
vn -1 0 0
vn 0 1 0
vn 0 -1 0
usemtl none
f 1564/5604/1487 1567/5603/1487 1565/5602/1487 1562/5601/1487
f 1563/5608/1488 1564/5607/1488 1562/5606/1488 1561/5605/1488
f 1568/5612/1489 1563/5611/1489 1561/5610/1489 1566/5609/1489
f 1567/5616/1490 1568/5615/1490 1566/5614/1490 1565/5613/1490
f 1566/5620/1491 1561/5619/1491 1562/5618/1491 1565/5617/1491
f 1567/5624/1492 1564/5623/1492 1563/5622/1492 1568/5621/1492
o cube
v 0.4125000000000001 1.1875 -2.35625
v 0.4125000000000001 1.1875 -2.48125
v 0.4125000000000001 1.15625 -2.35625
v 0.4125000000000001 1.15625 -2.48125
v -0.4437500000000001 1.1875 -2.48125
v -0.4437500000000001 1.1875 -2.35625
v -0.4437500000000001 1.15625 -2.48125
v -0.4437500000000001 1.15625 -2.35625
vt 0.065625 1
vt 0.2796875 1
vt 0.2796875 0.9921875
vt 0.065625 0.9921875
vt 0.746875 1
vt 0.778125 1
vt 0.778125 0.9921875
vt 0.746875 0.9921875
vt 0.584375 1
vt 0.7984375 1
vt 0.7984375 0.9921875
vt 0.584375 0.9921875
vt 0.1921875 1
vt 0.2234375 1
vt 0.2234375 0.9921875
vt 0.1921875 0.9921875
vt 0.584375 0.8078125
vt 0.7984375 0.8078125
vt 0.7984375 0.7765625
vt 0.584375 0.7765625
vt 0.584375 0.25312500000000004
vt 0.7984375 0.25312500000000004
vt 0.7984375 0.22187500000000004
vt 0.584375 0.22187500000000004
vn 0 0 -1
vn 1 0 0
vn 0 0 1
vn -1 0 0
vn 0 1 0
vn 0 -1 0
usemtl none
f 1572/5628/1493 1575/5627/1493 1573/5626/1493 1570/5625/1493
f 1571/5632/1494 1572/5631/1494 1570/5630/1494 1569/5629/1494
f 1576/5636/1495 1571/5635/1495 1569/5634/1495 1574/5633/1495
f 1575/5640/1496 1576/5639/1496 1574/5638/1496 1573/5637/1496
f 1574/5644/1497 1569/5643/1497 1570/5642/1497 1573/5641/1497
f 1575/5648/1498 1572/5647/1498 1571/5646/1498 1576/5645/1498
o cube
v 0.4125000000000001 1.1875 -1.6874999999999996
v 0.4125000000000001 1.1875 -1.8124999999999996
v 0.4125000000000001 1.15625 -1.6874999999999996
v 0.4125000000000001 1.15625 -1.8124999999999996
v -0.4437500000000001 1.1875 -1.8124999999999996
v -0.4437500000000001 1.1875 -1.6874999999999996
v -0.4437500000000001 1.15625 -1.8124999999999996
v -0.4437500000000001 1.15625 -1.6874999999999996
vt 0.065625 1
vt 0.2796875 1
vt 0.2796875 0.9921875
vt 0.065625 0.9921875
vt 0.746875 1
vt 0.778125 1
vt 0.778125 0.9921875
vt 0.746875 0.9921875
vt 0.584375 1
vt 0.7984375 1
vt 0.7984375 0.9921875
vt 0.584375 0.9921875
vt 0.1921875 1
vt 0.2234375 1
vt 0.2234375 0.9921875
vt 0.1921875 0.9921875
vt 0.584375 0.8078125
vt 0.7984375 0.8078125
vt 0.7984375 0.7765625
vt 0.584375 0.7765625
vt 0.584375 0.25312500000000004
vt 0.7984375 0.25312500000000004
vt 0.7984375 0.22187500000000004
vt 0.584375 0.22187500000000004
vn 0 0 -1
vn 1 0 0
vn 0 0 1
vn -1 0 0
vn 0 1 0
vn 0 -1 0
usemtl none
f 1580/5652/1499 1583/5651/1499 1581/5650/1499 1578/5649/1499
f 1579/5656/1500 1580/5655/1500 1578/5654/1500 1577/5653/1500
f 1584/5660/1501 1579/5659/1501 1577/5658/1501 1582/5657/1501
f 1583/5664/1502 1584/5663/1502 1582/5662/1502 1581/5661/1502
f 1582/5668/1503 1577/5667/1503 1578/5666/1503 1581/5665/1503
f 1583/5672/1504 1580/5671/1504 1579/5670/1504 1584/5669/1504
o beveled_cuboid
v 0.029166875 0.645833125 -1.71875
v 0.029166875 0.5541668750000001 -1.71875
v -0.066666875 0.645833125 -1.71875
v -0.066666875 0.5541668750000001 -1.71875
v 0.029166875 0.645833125 -1.66875
v 0.029166875 0.5541668750000001 -1.66875
v -0.066666875 0.645833125 -1.66875
v -0.066666875 0.5541668750000001 -1.66875
v -0.16249999999999998 0.645833125 -1.669088125
v -0.16249999999999998 0.645833125 -1.71787875
v -0.16249999999999998 0.5541668750000001 -1.669088125
v -0.16249999999999998 0.5541668750000001 -1.71787875
v 0.12499999999999999 0.645833125 -1.669088125
v 0.12499999999999999 0.645833125 -1.71787875
v 0.12499999999999999 0.5541668750000001 -1.669088125
v 0.12499999999999999 0.5541668750000001 -1.71787875
v 0.029166875 0.4625 -1.669088125
v 0.029166875 0.4625 -1.71787875
v -0.066666875 0.4625 -1.669088125
v -0.066666875 0.4625 -1.71787875
v 0.029166875 0.7375 -1.6690881249999998
v 0.029166875 0.7375 -1.71787875
v -0.066666875 0.7375 -1.6690881249999998
v -0.066666875 0.7375 -1.71787875
vt 0.015625 0.984375
vt 0.015625 1
vt 0 1
vt 0 0.984375
vt 0 0.984375
vt 0.015625 0.984375
vt 0.015625 1
vt 0 1
vt 0.015625 1
vt 0 1
vt 0 0.977903125
vt 0.015625 0.977903125
vt 0.015625 0.977903125
vt 0.015625 1
vt 0 1
vt 0 0.977903125
vt 0.015625 0.977903125
vt 0.015625 1
vt 0 1
vt 0 0.977903125
vt 0.015625 1
vt 0 1
vt 0 0.977903125
vt 0.015625 0.977903125
vt 0 1
vt 0 0.977903125
vt 0.015625 0.977903125
vt 0.015625 1
vt 0 0.977903125
vt 0.015625 0.977903125
vt 0.015625 1
vt 0 1
vt 0 0.977903125
vt 0.015625 0.977903125
vt 0.015625 1
vt 0 1
vt 0 1
vt 0 0.977903125
vt 0.015625 0.977903125
vt 0.015625 1
vt 0.0110484375 0.9808625
vt 0.022096875 1
vt 0 1
vt 0.0110484375 0.9808625
vt 0.022096875 1
vt 0 1
vt 0.0110484375 0.9808625
vt 0.022096875 1
vt 0 1
vt 0.0110484375 0.9808625
vt 0.022096875 1
vt 0 1
vt 0.0110484375 1
vt 0 0.9808640625
vt 0.022096875 0.9808640625
vt 0.0110484375 1
vt 0 0.9808640625
vt 0.022096875 0.9808640625
vt 0.0110484375 1
vt 0 0.9808640625
vt 0.022096875 0.9808640625
vt 0.0110484375 1
vt 0 0.9808640625
vt 0.022096875 0.9808640625
vt 0.015625 1
vt 0 1
vt 0 0.96875
vt 0.015625 0.96875
vt 0.015625 0.96875
vt 0.015625 1
vt 0 1
vt 0 0.96875
vt 0.015625 0.96875
vt 0.015625 1
vt 0 1
vt 0 0.96875
vt 0.015625 1
vt 0 1
vt 0 0.96875
vt 0.015625 0.96875
vt 0 0.96875
vt 0.022096875 0.96875
vt 0.022096875 1
vt 0 1
vt 0 1
vt 0 0.96875
vt 0.022096875 0.96875
vt 0.022096875 1
vt 0 1
vt 0 0.96875
vt 0.022096875 0.96875
vt 0.022096875 1
vt 0 0.96875
vt 0.022096875 0.96875
vt 0.022096875 1
vt 0 1
vn 0 2.220446049250313e-16 -1
vn 0 -2.220446049250313e-16 1
vn 0.00909094842601096 2.2203542925914667e-16 -0.9999586764745411
vn -0.00909094842601096 2.2203542925914667e-16 -0.9999586764745411
vn 0 0.009504094582230721 -0.9999548350731509
vn 0 -0.009504094582230277 -0.9999548350731509
vn 0.0035282465787784484 -2.2204322285694222e-16 0.999993775718669
vn -0.0035282465787784484 -2.2204322285694222e-16 0.999993775718669
vn 0 0.003688602886954458 0.9999931970812314
vn 0 -0.003688602886954902 0.9999931970812314
vn 0.003528222576702368 0.0036885799283647414 0.9999869729269284
vn -0.003528222576702368 0.0036885799283647414 0.9999869729269284
vn 0.003528222576702368 -0.0036885799283651855 0.9999869729269284
vn -0.003528222576702368 -0.0036885799283651855 0.9999869729269284
vn 0.00909053786792153 0.009503701875009677 -0.9999135171463296
vn -0.00909053786792153 0.009503701875009677 -0.9999135171463296
vn 0.00909053786792153 -0.009503701875009233 -0.9999135171463296
vn -0.00909053786792153 -0.009503701875009233 -0.9999135171463296
vn 1 0 0
vn -1 0 0
vn 0 1 2.220446049250313e-16
vn 0 -1 -2.220446049250313e-16
vn 0.6912242510439012 -0.7226403218536853 -1.6045838476889902e-16
vn 0.6912242510439012 0.7226403218536853 1.6045838476889902e-16
vn -0.6912242510439012 -0.7226403218536853 -1.6045838476889902e-16
vn -0.6912242510439012 0.7226403218536853 1.6045838476889902e-16
usemtl none
f 1585/5673/1505 1586/5674/1505 1588/5675/1505 1587/5676/1505
f 1592/5677/1506 1590/5678/1506 1589/5679/1506 1591/5680/1506
f 1586/5681/1507 1585/5682/1507 1598/5683/1507 1600/5684/1507
f 1594/5685/1508 1587/5686/1508 1588/5687/1508 1596/5688/1508
f 1606/5689/1509 1585/5690/1509 1587/5691/1509 1608/5692/1509
f 1588/5693/1510 1586/5694/1510 1602/5695/1510 1604/5696/1510
f 1597/5697/1511 1589/5698/1511 1590/5699/1511 1599/5700/1511
f 1592/5701/1512 1591/5702/1512 1593/5703/1512 1595/5704/1512
f 1591/5705/1513 1589/5706/1513 1605/5707/1513 1607/5708/1513
f 1601/5709/1514 1590/5710/1514 1592/5711/1514 1603/5712/1514
f 1589/5713/1515 1597/5714/1515 1605/5715/1515
f 1591/5716/1516 1607/5717/1516 1593/5718/1516
f 1590/5719/1517 1601/5720/1517 1599/5721/1517
f 1592/5722/1518 1595/5723/1518 1603/5724/1518
f 1585/5725/1519 1606/5726/1519 1598/5727/1519
f 1587/5728/1520 1594/5729/1520 1608/5730/1520
f 1586/5731/1521 1600/5732/1521 1602/5733/1521
f 1588/5734/1522 1604/5735/1522 1596/5736/1522
f 1600/5737/1523 1598/5738/1523 1597/5739/1523 1599/5740/1523
f 1593/5741/1524 1594/5742/1524 1596/5743/1524 1595/5744/1524
f 1605/5745/1525 1606/5746/1525 1608/5747/1525 1607/5748/1525
f 1604/5749/1526 1602/5750/1526 1601/5751/1526 1603/5752/1526
f 1599/5753/1527 1601/5754/1527 1602/5755/1527 1600/5756/1527
f 1606/5757/1528 1605/5758/1528 1597/5759/1528 1598/5760/1528
f 1604/5761/1529 1603/5762/1529 1595/5763/1529 1596/5764/1529
f 1593/5765/1530 1607/5766/1530 1608/5767/1530 1594/5768/1530
o beveled_cuboid
v 0.024999999999999998 0.6416662500000001 -1.6828124999999996
v 0.024999999999999998 0.5583337500000001 -1.6828124999999996
v -0.0625 0.6416662500000001 -1.6828124999999996
v -0.0625 0.5583337500000001 -1.6828124999999996
v 0.024999999999999998 0.6416662499999997 0.07343750000000027
v 0.024999999999999998 0.5583337499999997 0.07343750000000027
v -0.0625 0.6416662499999997 0.07343750000000027
v -0.0625 0.5583337499999997 0.07343750000000027
v -0.15 0.6416662499999997 0.07156895446096678
v -0.15 0.6416662500000001 -1.6779981552044605
v -0.15 0.5583337499999997 0.07156895446096678
v -0.15 0.5583337500000001 -1.6779981552044605
v 0.1125 0.6416662499999997 0.07156895446096678
v 0.1125 0.6416662500000001 -1.6779981552044605
v 0.1125 0.5583337499999997 0.07156895446096678
v 0.1125 0.5583337500000001 -1.6779981552044605
v 0.024999999999999998 0.4749999999999997 0.07156895446096678
v 0.024999999999999998 0.4750000000000001 -1.6779981552044605
v -0.0625 0.4749999999999997 0.07156895446096678
v -0.0625 0.4750000000000001 -1.6779981552044605
v 0.024999999999999998 0.7249999999999996 0.0193384711895912
v 0.024999999999999998 0.7250000000000001 -1.6779981552044605
v -0.0625 0.7249999999999996 0.0193384711895912
v -0.0625 0.7250000000000001 -1.6779981552044605
vt 0.015625 0.984375
vt 0.015625 1
vt 0 1
vt 0 0.984375
vt 0 0.984375
vt 0.015625 0.984375
vt 0.015625 1
vt 0 1
vt 0.015625 1
vt 0 1
vt 0 0.977903125
vt 0.015625 0.977903125
vt 0.015625 0.977903125
vt 0.015625 1
vt 0 1
vt 0 0.977903125
vt 0.015625 0.977903125
vt 0.015625 1
vt 0 1
vt 0 0.977903125
vt 0.015625 1
vt 0 1
vt 0 0.977903125
vt 0.015625 0.977903125
vt 0 1
vt 0 0.977903125
vt 0.015625 0.977903125
vt 0.015625 1
vt 0 0.977903125
vt 0.015625 0.977903125
vt 0.015625 1
vt 0 1
vt 0 0.977903125
vt 0.015625 0.977903125
vt 0.015625 1
vt 0 1
vt 0 1
vt 0 0.977903125
vt 0.015625 0.977903125
vt 0.015625 1
vt 0.0110484375 0.9808625
vt 0.022096875 1
vt 0 1
vt 0.0110484375 0.9808625
vt 0.022096875 1
vt 0 1
vt 0.0110484375 0.9808625
vt 0.022096875 1
vt 0 1
vt 0.0110484375 0.9808625
vt 0.022096875 1
vt 0 1
vt 0.0110484375 1
vt 0 0.9808640625
vt 0.022096875 0.9808640625
vt 0.0110484375 1
vt 0 0.9808640625
vt 0.022096875 0.9808640625
vt 0.0110484375 1
vt 0 0.9808640625
vt 0.022096875 0.9808640625
vt 0.0110484375 1
vt 0 0.9808640625
vt 0.022096875 0.9808640625
vt 0.015625 1
vt 0 1
vt 0 0.96875
vt 0.015625 0.96875
vt 0.015625 0.96875
vt 0.015625 1
vt 0 1
vt 0 0.96875
vt 0.015625 0.96875
vt 0.015625 1
vt 0 1
vt 0 0.96875
vt 0.015625 1
vt 0 1
vt 0 0.96875
vt 0.015625 0.96875
vt 0 0.96875
vt 0.022096875 0.96875
vt 0.022096875 1
vt 0 1
vt 0 1
vt 0 0.96875
vt 0.022096875 0.96875
vt 0.022096875 1
vt 0 1
vt 0 0.96875
vt 0.022096875 0.96875
vt 0.022096875 1
vt 0 0.96875
vt 0.022096875 0.96875
vt 0.022096875 1
vt 0 1
vn 0 2.220446049250313e-16 -1
vn 0 -2.220446049250313e-16 1
vn 0.054937988792961585 2.2170926612248043e-16 -0.998489768293789
vn -0.054937988792961585 2.2170926612248043e-16 -0.998489768293789
vn 0 0.05767568007752146 -0.9983353724713933
vn 0 -0.05767568007752102 -0.9983353724713933
vn 0.021349938633053688 -2.2199399298434648e-16 0.9997720640827913
vn -0.021349938633053688 -2.2199399298434648e-16 0.9997720640827913
vn 0 0.5445077674166124 0.8387557995167463
vn 0 -0.022416799866851262 0.9997487119690277
vn 0.0179085950212337 0.5444204437544975 0.8386212867835646
vn -0.0179085950212337 0.5444204437544975 0.8386212867835646
vn 0.021344576093558304 -0.022411692839772245 0.9995209478022169
vn -0.021344576093558304 -0.022411692839772245 0.9995209478022169
vn 0.05484681283439759 0.05758886553179004 -0.9968326588192574
vn -0.05484681283439759 0.05758886553179004 -0.9968326588192574
vn 0.05484681283439759 -0.057588865531789594 -0.9968326588192574
vn -0.05484681283439759 -0.057588865531789594 -0.9968326588192574
vn 1 0 0
vn -1 0 0
vn 0 1 2.220446049250313e-16
vn 0 -1 -2.220446049250313e-16
vn 0.6896569805995608 -0.7241362089484942 -1.607905384278783e-16
vn 0.6896569805995606 0.7241362089484942 1.607905384278783e-16
vn -0.6896569805995608 -0.7241362089484942 -1.607905384278783e-16
vn -0.6896569805995608 0.7241362089484942 1.607905384278783e-16
usemtl none
f 1609/5769/1531 1610/5770/1531 1612/5771/1531 1611/5772/1531
f 1616/5773/1532 1614/5774/1532 1613/5775/1532 1615/5776/1532
f 1610/5777/1533 1609/5778/1533 1622/5779/1533 1624/5780/1533
f 1618/5781/1534 1611/5782/1534 1612/5783/1534 1620/5784/1534
f 1630/5785/1535 1609/5786/1535 1611/5787/1535 1632/5788/1535
f 1612/5789/1536 1610/5790/1536 1626/5791/1536 1628/5792/1536
f 1621/5793/1537 1613/5794/1537 1614/5795/1537 1623/5796/1537
f 1616/5797/1538 1615/5798/1538 1617/5799/1538 1619/5800/1538
f 1615/5801/1539 1613/5802/1539 1629/5803/1539 1631/5804/1539
f 1625/5805/1540 1614/5806/1540 1616/5807/1540 1627/5808/1540
f 1613/5809/1541 1621/5810/1541 1629/5811/1541
f 1615/5812/1542 1631/5813/1542 1617/5814/1542
f 1614/5815/1543 1625/5816/1543 1623/5817/1543
f 1616/5818/1544 1619/5819/1544 1627/5820/1544
f 1609/5821/1545 1630/5822/1545 1622/5823/1545
f 1611/5824/1546 1618/5825/1546 1632/5826/1546
f 1610/5827/1547 1624/5828/1547 1626/5829/1547
f 1612/5830/1548 1628/5831/1548 1620/5832/1548
f 1624/5833/1549 1622/5834/1549 1621/5835/1549 1623/5836/1549
f 1617/5837/1550 1618/5838/1550 1620/5839/1550 1619/5840/1550
f 1629/5841/1551 1630/5842/1551 1632/5843/1551 1631/5844/1551
f 1628/5845/1552 1626/5846/1552 1625/5847/1552 1627/5848/1552
f 1623/5849/1553 1625/5850/1553 1626/5851/1553 1624/5852/1553
f 1630/5853/1554 1629/5854/1554 1621/5855/1554 1622/5856/1554
f 1628/5857/1555 1627/5858/1555 1619/5859/1555 1620/5860/1555
f 1617/5861/1556 1631/5862/1556 1632/5863/1556 1618/5864/1556
o beveled_cuboid
v 0.9183818749999998 0.5693931249999999 0.10312499999999969
v 0.8465662500000001 0.49600374999999997 0.10312499999999969
v 0.9183818749999998 0.635018125 0.02656249999999972
v 0.9200037499999981 0.5522537499999999 0.02656249999999971
v -0.150286875 0.6428037499999999 0.10312499999999994
v -0.150476875 0.5589481249999999 0.10312499999999994
v -0.15028687500000001 0.64280375 0.015624999999999951
v -0.150476875 0.5589481249999999 0.015624999999999938
v -0.06383625000000004 0.64010375 -0.07187500000000008
v 0.8479262499999998 0.6372012499999999 -0.0718750000000003
v -0.06383625000000004 0.5567712499999999 -0.07187500000000008
v 0.846390625 0.54723875 -0.0718750000000003
v -0.06383624999999998 0.64010375 0.19062499999999993
v 0.8854262499999997 0.66220125 0.18906249999999974
v -0.06383624999999998 0.5567712499999999 0.19062499999999993
v 0.813578125 0.5722387499999999 0.19062499999999974
v -0.069360625 0.47492124999999996 0.10312499999999988
v 0.8309224999999999 0.47785687499999996 0.10312499999999969
v -0.070465625 0.47381687499999997 0.015624999999999896
v 0.8309224999999999 0.47785687499999996 0.015624999999999695
v -0.06383625 0.7234375 0.10312499999999994
v 0.8309224999999999 0.719018125 0.10312499999999974
v -0.06383625000000001 0.7234375 0.015624999999999951
v 0.8309224999999999 0.719018125 0.01562499999999975
vt 0.015625 0.984375
vt 0.015625 1
vt 0 1
vt 0 0.984375
vt 0 0.984375
vt 0.015625 0.984375
vt 0.015625 1
vt 0 1
vt 0.015625 1
vt 0 1
vt 0 0.977903125
vt 0.015625 0.977903125
vt 0.015625 0.977903125
vt 0.015625 1
vt 0 1
vt 0 0.977903125
vt 0.015625 0.977903125
vt 0.015625 1
vt 0 1
vt 0 0.977903125
vt 0.015625 1
vt 0 1
vt 0 0.977903125
vt 0.015625 0.977903125
vt 0 1
vt 0 0.977903125
vt 0.015625 0.977903125
vt 0.015625 1
vt 0 0.977903125
vt 0.015625 0.977903125
vt 0.015625 1
vt 0 1
vt 0 0.977903125
vt 0.015625 0.977903125
vt 0.015625 1
vt 0 1
vt 0 1
vt 0 0.977903125
vt 0.015625 0.977903125
vt 0.015625 1
vt 0.0110484375 0.9808625
vt 0.022096875 1
vt 0 1
vt 0.0110484375 0.9808625
vt 0.022096875 1
vt 0 1
vt 0.0110484375 0.9808625
vt 0.022096875 1
vt 0 1
vt 0.0110484375 0.9808625
vt 0.022096875 1
vt 0 1
vt 0.0110484375 1
vt 0 0.9808640625
vt 0.022096875 0.9808640625
vt 0.0110484375 1
vt 0 0.9808640625
vt 0.022096875 0.9808640625
vt 0.0110484375 1
vt 0 0.9808640625
vt 0.022096875 0.9808640625
vt 0.0110484375 1
vt 0 0.9808640625
vt 0.022096875 0.9808640625
vt 0.015625 1
vt 0 1
vt 0 0.96875
vt 0.015625 0.96875
vt 0.015625 0.96875
vt 0.015625 1
vt 0 1
vt 0 0.96875
vt 0.015625 0.96875
vt 0.015625 1
vt 0 1
vt 0 0.96875
vt 0.015625 1
vt 0 1
vt 0 0.96875
vt 0.015625 0.96875
vt 0 0.96875
vt 0.022096875 0.96875
vt 0.022096875 1
vt 0 1
vt 0 1
vt 0 0.96875
vt 0.022096875 0.96875
vt 0.022096875 1
vt 0 1
vt 0 0.96875
vt 0.022096875 0.96875
vt 0.022096875 1
vt 0 0.96875
vt 0.022096875 0.96875
vt 0.022096875 1
vt 0 1
vn 0.7044193428379576 -0.6893138873031279 0.1692328402136846
vn -0.9999974330870935 0.002265793288005986 2.225471421313462e-16
vn 0.4980142233012377 -0.4873348860821856 0.7172771725051119
vn 0.8132378589204075 0.015936447927446813 -0.581713171972242
vn 0.7923817000243419 0.4631659698951801 0.39699940276729745
vn 0.7353500455941658 -0.6339180864894852 0.23960002100619274
vn -0.7113337421156717 0.0016117393556122886 0.7028525518371294
vn -0.711333742115672 0.00161173935561258 -0.702852551837129
vn -0.6820763495157057 0.7312809675024566 3.138283670752001e-16
vn -0.7194577055449766 -0.6945362553041834 5.533673572875747e-18
vn -0.5597075726972385 0.6000845734808216 0.5715119751463708
vn -0.5597075726972387 0.6000845734808218 -0.5715119751463703
vn -0.5907559821687117 -0.5702926586118165 0.5707658478442337
vn -0.5956997323347621 -0.5598729045887348 -0.5759202719158845
vn 0.8442323718985709 0.4934739221454736 -0.20917741369678544
vn 0.6473287093233657 0.6154369126281267 -0.4496698218254202
vn 0.5758425719144766 -0.49641259083931544 0.6495997783459593
vn 0.6109273507562417 -0.6693592284992069 -0.4227599736504231
vn 0.0012650558812540176 0.016355679884923865 0.9998654366309095
vn -2.220446049250313e-16 2.220446049250313e-16 -1
vn 0.0049391202875024055 0.9999878024710029 2.209451915166084e-16
vn 0.0032607624333033484 -0.9999946837000453 -2.2276745917556544e-16
vn 0.0023815577814599747 -0.7303644988241745 0.6830534584055966
vn 0.003576616590104115 0.7241315772910604 0.6896525694751876
vn 0.003253129801154606 -0.725824894020918 -0.6878718197208111
vn 0.0035766165901038155 0.7241315772910607 -0.6896525694751874
usemtl none
f 1633/5865/1557 1634/5866/1557 1636/5867/1557 1635/5868/1557
f 1640/5869/1558 1638/5870/1558 1637/5871/1558 1639/5872/1558
f 1634/5873/1559 1633/5874/1559 1646/5875/1559 1648/5876/1559
f 1642/5877/1560 1635/5878/1560 1636/5879/1560 1644/5880/1560
f 1654/5881/1561 1633/5882/1561 1635/5883/1561 1656/5884/1561
f 1636/5885/1562 1634/5886/1562 1650/5887/1562 1652/5888/1562
f 1645/5889/1563 1637/5890/1563 1638/5891/1563 1647/5892/1563
f 1640/5893/1564 1639/5894/1564 1641/5895/1564 1643/5896/1564
f 1639/5897/1565 1637/5898/1565 1653/5899/1565 1655/5900/1565
f 1649/5901/1566 1638/5902/1566 1640/5903/1566 1651/5904/1566
f 1637/5905/1567 1645/5906/1567 1653/5907/1567
f 1639/5908/1568 1655/5909/1568 1641/5910/1568
f 1638/5911/1569 1649/5912/1569 1647/5913/1569
f 1640/5914/1570 1643/5915/1570 1651/5916/1570
f 1633/5917/1571 1654/5918/1571 1646/5919/1571
f 1635/5920/1572 1642/5921/1572 1656/5922/1572
f 1634/5923/1573 1648/5924/1573 1650/5925/1573
f 1636/5926/1574 1652/5927/1574 1644/5928/1574
f 1648/5929/1575 1646/5930/1575 1645/5931/1575 1647/5932/1575
f 1641/5933/1576 1642/5934/1576 1644/5935/1576 1643/5936/1576
f 1653/5937/1577 1654/5938/1577 1656/5939/1577 1655/5940/1577
f 1652/5941/1578 1650/5942/1578 1649/5943/1578 1651/5944/1578
f 1647/5945/1579 1649/5946/1579 1650/5947/1579 1648/5948/1579
f 1654/5949/1580 1653/5950/1580 1645/5951/1580 1646/5952/1580
f 1652/5953/1581 1651/5954/1581 1643/5955/1581 1644/5956/1581
f 1641/5957/1582 1655/5958/1582 1656/5959/1582 1642/5960/1582
o beveled_cuboid
v 0.83125 0.6354162500000001 0.02343749999999939
v 0.83125 0.5520837500000001 0.02343749999999939
v 0.7437500000000001 0.6354162500000001 0.02343749999999939
v 0.7437500000000001 0.5520837500000001 0.02343749999999939
v 0.83125 0.63541625 0.2265624999999994
v 0.83125 0.55208375 0.2265624999999994
v 0.7437500000000001 0.63541625 0.2265624999999994
v 0.7437500000000001 0.55208375 0.2265624999999994
v 0.6562500000000001 0.63541625 0.22556874999999943
v 0.6562500000000001 0.6354162500000001 0.025997916666666065
v 0.6562500000000001 0.55208375 0.22556874999999943
v 0.6562500000000001 0.5520837500000001 0.025997916666666065
v 0.9187500000000001 0.63541625 0.22556874999999943
v 0.9187500000000001 0.6354162500000001 0.025997916666666065
v 0.9187500000000001 0.55208375 0.22556874999999943
v 0.9187500000000001 0.5520837500000001 0.025997916666666065
v 0.83125 0.478125 0.2255687499999994
v 0.83125 0.4781250000000001 0.025997916666666065
v 0.7437500000000001 0.478125 0.2255687499999994
v 0.7437500000000001 0.4781250000000001 0.025997916666666065
v 0.83125 0.71875 0.22556874999999946
v 0.83125 0.7187500000000001 0.025997916666666065
v 0.7437500000000001 0.71875 0.22556874999999946
v 0.7437500000000001 0.7187500000000001 0.025997916666666065
vt 0.015625 0.984375
vt 0.015625 1
vt 0 1
vt 0 0.984375
vt 0 0.984375
vt 0.015625 0.984375
vt 0.015625 1
vt 0 1
vt 0.015625 1
vt 0 1
vt 0 0.977903125
vt 0.015625 0.977903125
vt 0.015625 0.977903125
vt 0.015625 1
vt 0 1
vt 0 0.977903125
vt 0.015625 0.977903125
vt 0.015625 1
vt 0 1
vt 0 0.977903125
vt 0.015625 1
vt 0 1
vt 0 0.977903125
vt 0.015625 0.977903125
vt 0 1
vt 0 0.977903125
vt 0.015625 0.977903125
vt 0.015625 1
vt 0 0.977903125
vt 0.015625 0.977903125
vt 0.015625 1
vt 0 1
vt 0 0.977903125
vt 0.015625 0.977903125
vt 0.015625 1
vt 0 1
vt 0 1
vt 0 0.977903125
vt 0.015625 0.977903125
vt 0.015625 1
vt 0.0110484375 0.9808625
vt 0.022096875 1
vt 0 1
vt 0.0110484375 0.9808625
vt 0.022096875 1
vt 0 1
vt 0.0110484375 0.9808625
vt 0.022096875 1
vt 0 1
vt 0.0110484375 0.9808625
vt 0.022096875 1
vt 0 1
vt 0.0110484375 1
vt 0 0.9808640625
vt 0.022096875 0.9808640625
vt 0.0110484375 1
vt 0 0.9808640625
vt 0.022096875 0.9808640625
vt 0.0110484375 1
vt 0 0.9808640625
vt 0.022096875 0.9808640625
vt 0.0110484375 1
vt 0 0.9808640625
vt 0.022096875 0.9808640625
vt 0.015625 1
vt 0 1
vt 0 0.96875
vt 0.015625 0.96875
vt 0.015625 0.96875
vt 0.015625 1
vt 0 1
vt 0 0.96875
vt 0.015625 0.96875
vt 0.015625 1
vt 0 1
vt 0 0.96875
vt 0.015625 1
vt 0 1
vt 0 0.96875
vt 0.015625 0.96875
vt 0 0.96875
vt 0.022096875 0.96875
vt 0.022096875 1
vt 0 1
vt 0 1
vt 0 0.96875
vt 0.022096875 0.96875
vt 0.022096875 1
vt 0 1
vt 0 0.96875
vt 0.022096875 0.96875
vt 0.022096875 1
vt 0 0.96875
vt 0.022096875 0.96875
vt 0.022096875 1
vt 0 1
vn 0 2.220446049250313e-16 -1
vn 0 -2.220446049250313e-16 1
vn 0.02924938491582199 2.219496020774787e-16 -0.9995721452111629
vn -0.02924938491582199 2.219496020774787e-16 -0.9995721452111629
vn 0 0.03071035425942861 -0.9995283258323701
vn 0 -0.03459879595337249 -0.999401282427923
vn 0.011356410479193422 -2.2203028613249856e-16 0.9999355138912851
vn -0.011356410479193422 -2.2203028613249856e-16 0.9999355138912851
vn 0 0.011924092577395995 0.9999289054808875
vn 0 -0.013435331262048133 0.9999097418636741
vn 0.0113556032047665 0.01192332374838586 0.9998644331241346
vn -0.0113556032047665 0.01192332374838586 0.9998644331241346
vn 0.01135538560292367 -0.01343446502619146 0.9998452732134454
vn -0.01135538560292367 -0.01343446502619146 0.9998452732134454
vn 0.02923560053119306 0.030697227071617577 -0.9991010759235996
vn -0.02923560053119306 0.030697227071617577 -0.9991010759235996
vn 0.029231887763743237 -0.03458401040211627 -0.9989741953435407
vn -0.029231887763743237 -0.03458401040211627 -0.9989741953435407
vn 1 0 0
vn -1 0 0
vn 0 1 2.220446049250313e-16
vn 0 -1 -2.220446049250313e-16
vn 0.6455366966550315 -0.7637292539059308 -1.6958196045323133e-16
vn 0.6896569805995607 0.7241362089484942 1.607905384278783e-16
vn -0.6455366966550315 -0.7637292539059308 -1.6958196045323133e-16
vn -0.6896569805995607 0.7241362089484942 1.607905384278783e-16
usemtl none
f 1657/5961/1583 1658/5962/1583 1660/5963/1583 1659/5964/1583
f 1664/5965/1584 1662/5966/1584 1661/5967/1584 1663/5968/1584
f 1658/5969/1585 1657/5970/1585 1670/5971/1585 1672/5972/1585
f 1666/5973/1586 1659/5974/1586 1660/5975/1586 1668/5976/1586
f 1678/5977/1587 1657/5978/1587 1659/5979/1587 1680/5980/1587
f 1660/5981/1588 1658/5982/1588 1674/5983/1588 1676/5984/1588
f 1669/5985/1589 1661/5986/1589 1662/5987/1589 1671/5988/1589
f 1664/5989/1590 1663/5990/1590 1665/5991/1590 1667/5992/1590
f 1663/5993/1591 1661/5994/1591 1677/5995/1591 1679/5996/1591
f 1673/5997/1592 1662/5998/1592 1664/5999/1592 1675/6000/1592
f 1661/6001/1593 1669/6002/1593 1677/6003/1593
f 1663/6004/1594 1679/6005/1594 1665/6006/1594
f 1662/6007/1595 1673/6008/1595 1671/6009/1595
f 1664/6010/1596 1667/6011/1596 1675/6012/1596
f 1657/6013/1597 1678/6014/1597 1670/6015/1597
f 1659/6016/1598 1666/6017/1598 1680/6018/1598
f 1658/6019/1599 1672/6020/1599 1674/6021/1599
f 1660/6022/1600 1676/6023/1600 1668/6024/1600
f 1672/6025/1601 1670/6026/1601 1669/6027/1601 1671/6028/1601
f 1665/6029/1602 1666/6030/1602 1668/6031/1602 1667/6032/1602
f 1677/6033/1603 1678/6034/1603 1680/6035/1603 1679/6036/1603
f 1676/6037/1604 1674/6038/1604 1673/6039/1604 1675/6040/1604
f 1671/6041/1605 1673/6042/1605 1674/6043/1605 1672/6044/1605
f 1678/6045/1606 1677/6046/1606 1669/6047/1606 1670/6048/1606
f 1676/6049/1607 1675/6050/1607 1667/6051/1607 1668/6052/1607
f 1665/6053/1608 1679/6054/1608 1680/6055/1608 1666/6056/1608
o cube
v -0.16249999999999987 1.00625 -2.54375
v -0.16249999999999987 1.00625 -2.5562500000000004
v -0.16249999999999987 0.9875 -2.54375
v -0.16249999999999987 0.9875 -2.5562500000000004
v -0.20625000000000004 1.00625 -2.5562500000000004
v -0.20625000000000004 1.00625 -2.54375
v -0.20625000000000004 0.9875 -2.5562500000000004
v -0.20625000000000004 0.9875 -2.54375
vt 0.39218749999999997 0.9625
vt 0.40312499999999996 0.9625
vt 0.40312499999999996 0.9578125
vt 0.39218749999999997 0.9578125
vt 0.790625 0.9625
vt 0.7937500000000001 0.9625
vt 0.7937500000000001 0.9578125
vt 0.790625 0.9578125
vt 0.4609375 0.9625
vt 0.471875 0.9625
vt 0.471875 0.9578125
vt 0.4609375 0.9578125
vt 0.1765625 0.9625
vt 0.17968750000000006 0.9625
vt 0.17968750000000006 0.9578125
vt 0.1765625 0.9578125
vt 0.4609375 0.8234375
vt 0.471875 0.8234375
vt 0.471875 0.8203125
vt 0.4609375 0.8203125
vt 0.4609375 0.20937499999999998
vt 0.471875 0.20937499999999998
vt 0.471875 0.20624999999999993
vt 0.4609375 0.20624999999999993
vn 0 0 -1
vn 1 0 0
vn 0 0 1
vn -1 0 0
vn 0 1 0
vn 0 -1 0
usemtl none
f 1684/6060/1609 1687/6059/1609 1685/6058/1609 1682/6057/1609
f 1683/6064/1610 1684/6063/1610 1682/6062/1610 1681/6061/1610
f 1688/6068/1611 1683/6067/1611 1681/6066/1611 1686/6065/1611
f 1687/6072/1612 1688/6071/1612 1686/6070/1612 1685/6069/1612
f 1686/6076/1613 1681/6075/1613 1682/6074/1613 1685/6073/1613
f 1687/6080/1614 1684/6079/1614 1683/6078/1614 1688/6077/1614
o cube
v -0.3187500000000001 1.1875 -1.8125
v -0.3187500000000001 1.1875 -2.35625
v -0.3187500000000001 1.0625 -1.8125
v -0.3187500000000001 1.0625 -2.35625
v -0.4437500000000001 1.1875 -2.35625
v -0.4437500000000001 1.1875 -1.8125
v -0.4437500000000001 1.0625 -2.35625
v -0.4437500000000001 1.0625 -1.8125
vt 0.2484375 1
vt 0.2796875 1
vt 0.2796875 0.96875
vt 0.2484375 0.96875
vt 0.7703125 1
vt 0.90625 1
vt 0.90625 0.96875
vt 0.7703125 0.96875
vt 0.584375 1
vt 0.615625 1
vt 0.615625 0.96875
vt 0.584375 0.96875
vt 0.06406249999999997 1
vt 0.2 1
vt 0.2 0.96875
vt 0.06406249999999997 0.96875
vt 0.584375 0.9359375000000001
vt 0.615625 0.9359375000000001
vt 0.615625 0.8
vt 0.584375 0.8
vt 0.584375 0.22968750000000004
vt 0.615625 0.22968750000000004
vt 0.615625 0.09375
vt 0.584375 0.09375
vn 0 0 -1
vn 1 0 0
vn 0 0 1
vn -1 0 0
vn 0 1 0
vn 0 -1 0
usemtl none
f 1692/6084/1615 1695/6083/1615 1693/6082/1615 1690/6081/1615
f 1691/6088/1616 1692/6087/1616 1690/6086/1616 1689/6085/1616
f 1696/6092/1617 1691/6091/1617 1689/6090/1617 1694/6089/1617
f 1695/6096/1618 1696/6095/1618 1694/6094/1618 1693/6093/1618
f 1694/6100/1619 1689/6099/1619 1690/6098/1619 1693/6097/1619
f 1695/6104/1620 1692/6103/1620 1691/6102/1620 1696/6101/1620
o cube
v 0.4125000000000001 1.1875 -1.8125
v 0.4125000000000001 1.1875 -2.35625
v 0.4125000000000001 1.0625 -1.8125
v 0.4125000000000001 1.0625 -2.35625
v 0.2875000000000001 1.1875 -2.35625
v 0.2875000000000001 1.1875 -1.8125
v 0.2875000000000001 1.0625 -2.35625
v 0.2875000000000001 1.0625 -1.8125
vt 0.2484375 1
vt 0.2796875 1
vt 0.2796875 0.96875
vt 0.2484375 0.96875
vt 0.7703125 1
vt 0.90625 1
vt 0.90625 0.96875
vt 0.7703125 0.96875
vt 0.584375 1
vt 0.615625 1
vt 0.615625 0.96875
vt 0.584375 0.96875
vt 0.06406249999999997 1
vt 0.2 1
vt 0.2 0.96875
vt 0.06406249999999997 0.96875
vt 0.584375 0.9359375000000001
vt 0.615625 0.9359375000000001
vt 0.615625 0.8
vt 0.584375 0.8
vt 0.584375 0.22968750000000004
vt 0.615625 0.22968750000000004
vt 0.615625 0.09375
vt 0.584375 0.09375
vn 0 0 -1
vn 1 0 0
vn 0 0 1
vn -1 0 0
vn 0 1 0
vn 0 -1 0
usemtl none
f 1700/6108/1621 1703/6107/1621 1701/6106/1621 1698/6105/1621
f 1699/6112/1622 1700/6111/1622 1698/6110/1622 1697/6109/1622
f 1704/6116/1623 1699/6115/1623 1697/6114/1623 1702/6113/1623
f 1703/6120/1624 1704/6119/1624 1702/6118/1624 1701/6117/1624
f 1702/6124/1625 1697/6123/1625 1698/6122/1625 1701/6121/1625
f 1703/6128/1626 1700/6127/1626 1699/6126/1626 1704/6125/1626
o cube
v -0.36250000000000004 1.025 -1.8875000000000002
v -0.36250000000000004 1.025 -2.3125
v -0.36250000000000004 0.8062499999999999 -1.8875000000000002
v -0.36250000000000004 0.8062499999999999 -2.3125
v -0.375 1.025 -2.3125
v -0.375 1.025 -1.8875000000000002
v -0.375 0.8062499999999999 -2.3125
v -0.375 0.8062499999999999 -1.8875000000000002
vt 0.44218750000000007 0.9671875
vt 0.44531250000000006 0.9671875
vt 0.44531250000000006 0.9125
vt 0.44218750000000007 0.9125
vt 0.6296875 0.9671875
vt 0.7359374999999999 0.9671875
vt 0.7359374999999999 0.9125
vt 0.6296875 0.9125
vt 0.41875 0.9671875
vt 0.421875 0.9671875
vt 0.421875 0.9125
vt 0.41875 0.9125
vt 0.234375 0.9671875
vt 0.340625 0.9671875
vt 0.340625 0.9125
vt 0.234375 0.9125
vt 0.41875 0.765625
vt 0.421875 0.765625
vt 0.421875 0.659375
vt 0.41875 0.659375
vt 0.41875 0.37031250000000004
vt 0.421875 0.37031250000000004
vt 0.421875 0.2640625000000001
vt 0.41875 0.2640625000000001
vn 0 0 -1
vn 1 0 0
vn 0 0 1
vn -1 0 0
vn 0 1 0
vn 0 -1 0
usemtl none
f 1708/6132/1627 1711/6131/1627 1709/6130/1627 1706/6129/1627
f 1707/6136/1628 1708/6135/1628 1706/6134/1628 1705/6133/1628
f 1712/6140/1629 1707/6139/1629 1705/6138/1629 1710/6137/1629
f 1711/6144/1630 1712/6143/1630 1710/6142/1630 1709/6141/1630
f 1710/6148/1631 1705/6147/1631 1706/6146/1631 1709/6145/1631
f 1711/6152/1632 1708/6151/1632 1707/6150/1632 1712/6149/1632
o труба
v -0.38281250000000056 0.6645837499999995 -1.9270831249999978
v -0.38281250000000056 0.5979162499999995 -1.9270831249999978
v -0.38281250000000056 0.6645837499999995 -1.9979168749999978
v -0.38281250000000056 0.5979162499999995 -1.9979168749999978
v -1.3359374999999998 0.6645837499999995 -1.9270831249999976
v -1.3359374999999998 0.5979162499999995 -1.9270831249999976
v -1.3359374999999998 0.6645837499999995 -1.9979168749999976
v -1.2109375000000002 0.5979162499999995 -1.9979168749999976
v -1.2640624999999999 0.6645837499999995 -2.0636906249999973
v -0.3956412500000006 0.6645837499999995 -2.068749999999998
v -1.1390625000000003 0.5979162499999995 -2.063690624999998
v -0.3956412500000006 0.5979162499999995 -2.068749999999998
v -1.2640624999999999 0.6645837499999995 -1.8613093749999976
v -0.3956412500000006 0.6645837499999995 -1.8562499999999977
v -1.2640624999999999 0.5979162499999995 -1.8613093749999976
v -0.3956412500000006 0.5979162499999995 -1.8562499999999977
v -1.1390625000000003 0.5312499999999994 -1.9270831249999976
v -0.3956412500000006 0.5312499999999994 -1.9270831249999978
v -1.1390625000000003 0.5312499999999994 -1.9979168749999976
v -0.3956412500000006 0.5312499999999994 -1.9979168749999978
v -1.2640624999999999 0.7312499999999995 -1.9270831249999976
v -0.3956412500000006 0.7312499999999995 -1.9270831249999978
v -1.2640624999999999 0.7312499999999995 -1.9979168749999976
v -0.3956412500000006 0.7312499999999995 -1.9979168749999976
vt 0.015625 1
vt 0 1
vt 0 0.96875
vt 0.015625 0.96875
vt 0.015625 0.96875
vt 0.015625 1
vt 0 1
vt 0 0.96875
vt 0.015625 0.984375
vt 0.015625 1
vt 0 1
vt 0 0.984375
vt 0 0.984375
vt 0.015625 0.984375
vt 0.015625 1
vt 0 1
vt 0.015625 0.96875
vt 0.015625 1
vt 0 1
vt 0 0.96875
vt 0.015625 1
vt 0 1
vt 0 0.96875
vt 0.015625 0.96875
vt 0.015625 1
vt 0 1
vt 0 0.977903125
vt 0.015625 0.977903125
vt 0.015625 0.977903125
vt 0.015625 1
vt 0 1
vt 0 0.977903125
vt 0.015625 0.977903125
vt 0.015625 1
vt 0 1
vt 0 0.977903125
vt 0.015625 1
vt 0 1
vt 0 0.977903125
vt 0.015625 0.977903125
vt 0 1
vt 0 0.977903125
vt 0.015625 0.977903125
vt 0.015625 1
vt 0 0.977903125
vt 0.015625 0.977903125
vt 0.015625 1
vt 0 1
vt 0 0.977903125
vt 0.015625 0.977903125
vt 0.015625 1
vt 0 1
vt 0 1
vt 0 0.977903125
vt 0.015625 0.977903125
vt 0.015625 1
vt 0 0.96875
vt 0.022096875 0.96875
vt 0.022096875 1
vt 0 1
vt 0 1
vt 0 0.96875
vt 0.022096875 0.96875
vt 0.022096875 1
vt 0 1
vt 0 0.96875
vt 0.022096875 0.96875
vt 0.022096875 1
vt 0 0.96875
vt 0.022096875 0.96875
vt 0.022096875 1
vt 0 1
vt 0.0110484375 0.9808625
vt 0.022096875 1
vt 0 1
vt 0.0110484375 0.9808625
vt 0.022096875 1
vt 0 1
vt 0.0110484375 0.9808625
vt 0.022096875 1
vt 0 1
vt 0.0110484375 0.9808625
vt 0.022096875 1
vt 0 1
vt 0.0110484375 1
vt 0 0.9808640625
vt 0.022096875 0.9808640625
vt 0.0110484375 1
vt 0 0.9808640625
vt 0.022096875 0.9808640625
vt 0.0110484375 1
vt 0 0.9808640625
vt 0.022096875 0.9808640625
vt 0.0110484375 1
vt 0 0.9808640625
vt 0.022096875 0.9808640625
vn -0.0058258467770523695 -2.2204083674163668e-16 0.9999830296106681
vn -0.0058258467770527815 2.2204083674163668e-16 -0.9999830296106681
vn 1 4.930380657631324e-32 -2.220446049250313e-16
vn -0.49301476715410286 1.9318345632367804e-16 -0.8700209419134609
vn 4.930380657631324e-32 1 2.220446049250313e-16
vn -4.930380657631324e-32 -1 -2.220446049250313e-16
vn 0.9839919272476678 -3.9571243738692726e-17 0.17821303855616363
vn 0.9839919272476676 3.957124373869282e-17 -0.17821303855616405
vn 0.9819837199765415 0.18896553574933517 -1.7608540941509573e-16
vn 0.9819837199765415 -0.18896553574933517 -2.6000296487491175e-16
vn -0.675101575745581 -1.6380780903409176e-16 0.737724787726313
vn -0.4184992854800646 -0.78467635182072 -0.45731976881171593
vn -0.6800411491437698 0.7331739462577902 3.1379678753252984e-16
vn -0.27912489326434137 -0.8242958522703326 -0.49257044358152086
vn 1.4560564258152223e-16 -0.7023257117492406 0.7118557400315899
vn 1.4668793064199113e-16 0.7023257117492405 0.7118557400315901
vn -1.4477518670358825e-16 -0.7023257117492405 -0.7118557400315901
vn -1.4739885123132897e-16 0.7023257117492407 -0.7118557400315899
vn -0.5458294905913624 0.5884760975194215 0.596461272715242
vn -0.5458294905913627 0.5884760975194218 -0.5964612727152415
vn -0.3026805289875889 -0.8938590237853706 0.3307575289683638
vn -0.5458294905913623 -0.5884760975194216 -0.5964612727152417
vn 0.9668124305731447 0.18604608731877498 0.17510162044545216
vn 0.9668124305731447 0.18604608731877503 -0.17510162044545255
vn 0.9668124305731447 -0.18604608731877503 0.1751016204454521
vn 0.9668124305731447 -0.18604608731877498 -0.1751016204454526
usemtl none
f 1728/6153/1633 1726/6154/1633 1725/6155/1633 1727/6156/1633
f 1721/6157/1634 1722/6158/1634 1724/6159/1634 1723/6160/1634
f 1713/6161/1635 1714/6162/1635 1716/6163/1635 1715/6164/1635
f 1720/6165/1636 1718/6166/1636 1717/6167/1636 1719/6168/1636
f 1733/6169/1637 1734/6170/1637 1736/6171/1637 1735/6172/1637
f 1732/6173/1638 1730/6174/1638 1729/6175/1638 1731/6176/1638
f 1714/6177/1639 1713/6178/1639 1726/6179/1639 1728/6180/1639
f 1722/6181/1640 1715/6182/1640 1716/6183/1640 1724/6184/1640
f 1734/6185/1641 1713/6186/1641 1715/6187/1641 1736/6188/1641
f 1716/6189/1642 1714/6190/1642 1730/6191/1642 1732/6192/1642
f 1725/6193/1643 1717/6194/1643 1718/6195/1643 1727/6196/1643
f 1720/6197/1644 1719/6198/1644 1721/6199/1644 1723/6200/1644
f 1719/6201/1645 1717/6202/1645 1733/6203/1645 1735/6204/1645
f 1729/6205/1646 1718/6206/1646 1720/6207/1646 1731/6208/1646
f 1727/6209/1647 1729/6210/1647 1730/6211/1647 1728/6212/1647
f 1734/6213/1648 1733/6214/1648 1725/6215/1648 1726/6216/1648
f 1732/6217/1649 1731/6218/1649 1723/6219/1649 1724/6220/1649
f 1721/6221/1650 1735/6222/1650 1736/6223/1650 1722/6224/1650
f 1717/6225/1651 1725/6226/1651 1733/6227/1651
f 1719/6228/1652 1735/6229/1652 1721/6230/1652
f 1718/6231/1653 1729/6232/1653 1727/6233/1653
f 1720/6234/1654 1723/6235/1654 1731/6236/1654
f 1713/6237/1655 1734/6238/1655 1726/6239/1655
f 1715/6240/1656 1722/6241/1656 1736/6242/1656
f 1714/6243/1657 1728/6244/1657 1730/6245/1657
f 1716/6246/1658 1732/6247/1658 1724/6248/1658
o труба2
v -1.2651043750000002 0.04375000000000134 -1.9291662499999993
v -1.2651043750000002 0.04375000000000134 -1.9958337499999992
v -1.1942706250000001 0.04375000000000134 -1.9291662499999993
v -1.1942706250000001 0.04375000000000134 -1.9958337499999992
v -1.265104375 0.6968750000000008 -1.9291662499999993
v -1.265104375 0.6968750000000008 -1.9958337499999992
v -1.194270625 0.6968750000000008 -1.9291662499999993
v -1.194270625 0.6968750000000008 -1.9958337499999992
v -1.1234375 0.6636468750000009 -1.9291662499999993
v -1.1234375 0.0486218750000012 -1.9291662499999993
v -1.1234375 0.6636468750000009 -1.9958337499999992
v -1.1234375 0.0486218750000012 -1.9958337499999992
v -1.3359375 0.663646875000001 -1.9291662499999993
v -1.3359375 0.04862187500000126 -1.9291662499999993
v -1.3359375 0.663646875000001 -1.9958337499999992
v -1.3359375 0.04862187500000126 -1.9958337499999992
v -1.265104375 0.6636468750000009 -2.062499999999999
v -1.2651043750000002 0.0486218750000012 -2.062499999999999
v -1.194270625 0.6636468750000009 -2.062499999999999
v -1.1942706250000001 0.0486218750000012 -2.062499999999999
v -1.265104375 0.6636468750000009 -1.8624999999999992
v -1.2651043750000002 0.0486218750000012 -1.8624999999999992
v -1.194270625 0.6636468750000009 -1.8624999999999992
v -1.1942706250000001 0.0486218750000012 -1.8624999999999992
vt 0.015625 1
vt 0 1
vt 0 0.96875
vt 0.015625 0.96875
vt 0.015625 0.96875
vt 0.015625 1
vt 0 1
vt 0 0.96875
vt 0.015625 0.984375
vt 0.015625 1
vt 0 1
vt 0 0.984375
vt 0 0.984375
vt 0.015625 0.984375
vt 0.015625 1
vt 0 1
vt 0.015625 0.96875
vt 0.015625 1
vt 0 1
vt 0 0.96875
vt 0.015625 1
vt 0 1
vt 0 0.96875
vt 0.015625 0.96875
vt 0.015625 1
vt 0 1
vt 0 0.977903125
vt 0.015625 0.977903125
vt 0.015625 0.977903125
vt 0.015625 1
vt 0 1
vt 0 0.977903125
vt 0.015625 0.977903125
vt 0.015625 1
vt 0 1
vt 0 0.977903125
vt 0.015625 1
vt 0 1
vt 0 0.977903125
vt 0.015625 0.977903125
vt 0 1
vt 0 0.977903125
vt 0.015625 0.977903125
vt 0.015625 1
vt 0 0.977903125
vt 0.015625 0.977903125
vt 0.015625 1
vt 0 1
vt 0 0.977903125
vt 0.015625 0.977903125
vt 0.015625 1
vt 0 1
vt 0 1
vt 0 0.977903125
vt 0.015625 0.977903125
vt 0.015625 1
vt 0 0.96875
vt 0.022096875 0.96875
vt 0.022096875 1
vt 0 1
vt 0 1
vt 0 0.96875
vt 0.022096875 0.96875
vt 0.022096875 1
vt 0 1
vt 0 0.96875
vt 0.022096875 0.96875
vt 0.022096875 1
vt 0 0.96875
vt 0.022096875 0.96875
vt 0.022096875 1
vt 0 1
vt 0.0110484375 0.9808625
vt 0.022096875 1
vt 0 1
vt 0.0110484375 0.9808625
vt 0.022096875 1
vt 0 1
vt 0.0110484375 0.9808625
vt 0.022096875 1
vt 0 1
vt 0.0110484375 0.9808625
vt 0.022096875 1
vt 0 1
vt 0.0110484375 1
vt 0 0.9808640625
vt 0.022096875 0.9808640625
vt 0.0110484375 1
vt 0 0.9808640625
vt 0.022096875 0.9808640625
vt 0.0110484375 1
vt 0 0.9808640625
vt 0.022096875 0.9808640625
vt 0.0110484375 1
vt 0 0.9808640625
vt 0.022096875 0.9808640625
vn -1 1.2246467991473532e-16 0
vn 1 -1.2246467991473532e-16 0
vn -1.2246467991473532e-16 -1 0
vn 1.2246467991473532e-16 1 0
vn 0 0 1
vn 0 0 -1
vn -0.06861750336098729 -0.9976430414895424 0
vn 0.06861750336098704 -0.9976430414895424 0
vn -1.2213897387307272e-16 -0.9973404083374131 0.07288422255442135
vn -1.2213897387307272e-16 -0.9973404083374131 -0.07288422255442135
vn -0.4246968511466029 0.9053356198814673 0
vn 0.424696851146603 0.905335619881467 0
vn 1.0960470398780896e-16 0.8949903275305175 0.44608554518927973
vn 1.0960470398780896e-16 0.8949903275305175 -0.44608554518927973
vn -0.6853634964665527 8.393282122002022e-17 -0.7282011244918136
vn -0.6853634964665527 8.393282122002022e-17 0.7282011244918136
vn 0.6853634964665527 -8.393282122002022e-17 -0.7282011244918136
vn 0.6853634964665527 -8.393282122002022e-17 0.7282011244918136
vn -0.38711007856788987 0.8252110699583353 0.41130581942075883
vn 0.3871100785678901 0.8252110699583353 0.41130581942075883
vn -0.38711007856788987 0.8252110699583353 -0.41130581942075883
vn 0.3871100785678901 0.8252110699583353 -0.41130581942075883
vn -0.06843586466266587 -0.9950021616182323 0.07271334680042277
vn 0.06843586466266562 -0.9950021616182323 0.07271334680042277
vn -0.06843586466266587 -0.9950021616182323 -0.07271334680042277
vn 0.06843586466266562 -0.9950021616182323 -0.07271334680042277
usemtl none
f 1752/6249/1659 1750/6250/1659 1749/6251/1659 1751/6252/1659
f 1745/6253/1660 1746/6254/1660 1748/6255/1660 1747/6256/1660
f 1737/6257/1661 1738/6258/1661 1740/6259/1661 1739/6260/1661
f 1744/6261/1662 1742/6262/1662 1741/6263/1662 1743/6264/1662
f 1757/6265/1663 1758/6266/1663 1760/6267/1663 1759/6268/1663
f 1756/6269/1664 1754/6270/1664 1753/6271/1664 1755/6272/1664
f 1738/6273/1665 1737/6274/1665 1750/6275/1665 1752/6276/1665
f 1746/6277/1666 1739/6278/1666 1740/6279/1666 1748/6280/1666
f 1758/6281/1667 1737/6282/1667 1739/6283/1667 1760/6284/1667
f 1740/6285/1668 1738/6286/1668 1754/6287/1668 1756/6288/1668
f 1749/6289/1669 1741/6290/1669 1742/6291/1669 1751/6292/1669
f 1744/6293/1670 1743/6294/1670 1745/6295/1670 1747/6296/1670
f 1743/6297/1671 1741/6298/1671 1757/6299/1671 1759/6300/1671
f 1753/6301/1672 1742/6302/1672 1744/6303/1672 1755/6304/1672
f 1751/6305/1673 1753/6306/1673 1754/6307/1673 1752/6308/1673
f 1758/6309/1674 1757/6310/1674 1749/6311/1674 1750/6312/1674
f 1756/6313/1675 1755/6314/1675 1747/6315/1675 1748/6316/1675
f 1745/6317/1676 1759/6318/1676 1760/6319/1676 1746/6320/1676
f 1741/6321/1677 1749/6322/1677 1757/6323/1677
f 1743/6324/1678 1759/6325/1678 1745/6326/1678
f 1742/6327/1679 1753/6328/1679 1751/6329/1679
f 1744/6330/1680 1747/6331/1680 1755/6332/1680
f 1737/6333/1681 1758/6334/1681 1750/6335/1681
f 1739/6336/1682 1746/6337/1682 1760/6338/1682
f 1738/6339/1683 1752/6340/1683 1754/6341/1683
f 1740/6342/1684 1756/6343/1684 1748/6344/1684
o 4
v -1.181770625 0.04999999999999999 -1.9213543750000004
v -1.181770625 0.04999999999999999 -2.0130206250000002
v -1.2776043750000001 0.04999999999999999 -1.9213543750000004
v -1.2776043750000001 0.04999999999999999 -2.0130206250000002
v -1.181770625 0 -1.9213543750000004
v -1.181770625 0 -2.0130206250000002
v -1.2776043750000001 0 -1.9213543750000004
v -1.2776043750000001 0 -2.0130206250000002
v -1.3734375 0.0003381249999999947 -1.9213543750000004
v -1.3734375 0.04912875 -1.9213543750000004
v -1.3734375 0.0003381249999999947 -2.0130206250000002
v -1.3734375 0.04912875 -2.0130206250000002
v -1.0859375 0.0003381249999999947 -1.9213543750000004
v -1.0859375 0.04912875 -1.9213543750000004
v -1.0859375 0.0003381249999999947 -2.0130206250000002
v -1.0859375 0.04912875 -2.0130206250000002
v -1.181770625 0.0003381249999999947 -2.1046875000000003
v -1.181770625 0.04912875 -2.1046875000000003
v -1.2776043750000001 0.0003381249999999947 -2.1046875000000003
v -1.2776043750000001 0.04912875 -2.1046875000000003
v -1.181770625 0.0003381249999999947 -1.8296875000000004
v -1.181770625 0.04912875 -1.8296875000000004
v -1.2776043750000001 0.0003381249999999947 -1.8296875000000004
v -1.2776043750000001 0.04912875 -1.8296875000000004
vt 0.015625 0.984375
vt 0.015625 1
vt 0 1
vt 0 0.984375
vt 0 0.984375
vt 0.015625 0.984375
vt 0.015625 1
vt 0 1
vt 0.015625 1
vt 0 1
vt 0 0.977903125
vt 0.015625 0.977903125
vt 0.015625 0.977903125
vt 0.015625 1
vt 0 1
vt 0 0.977903125
vt 0.015625 0.977903125
vt 0.015625 1
vt 0 1
vt 0 0.977903125
vt 0.015625 1
vt 0 1
vt 0 0.977903125
vt 0.015625 0.977903125
vt 0 1
vt 0 0.977903125
vt 0.015625 0.977903125
vt 0.015625 1
vt 0 0.977903125
vt 0.015625 0.977903125
vt 0.015625 1
vt 0 1
vt 0 0.977903125
vt 0.015625 0.977903125
vt 0.015625 1
vt 0 1
vt 0 1
vt 0 0.977903125
vt 0.015625 0.977903125
vt 0.015625 1
vt 0.0110484375 0.9808625
vt 0.022096875 1
vt 0 1
vt 0.0110484375 0.9808625
vt 0.022096875 1
vt 0 1
vt 0.0110484375 0.9808625
vt 0.022096875 1
vt 0 1
vt 0.0110484375 0.9808625
vt 0.022096875 1
vt 0 1
vt 0.0110484375 1
vt 0 0.9808640625
vt 0.022096875 0.9808640625
vt 0.0110484375 1
vt 0 0.9808640625
vt 0.022096875 0.9808640625
vt 0.0110484375 1
vt 0 0.9808640625
vt 0.022096875 0.9808640625
vt 0.0110484375 1
vt 0 0.9808640625
vt 0.022096875 0.9808640625
vt 0.015625 1
vt 0 1
vt 0 0.96875
vt 0.015625 0.96875
vt 0.015625 0.96875
vt 0.015625 1
vt 0 1
vt 0 0.96875
vt 0.015625 0.96875
vt 0.015625 1
vt 0 1
vt 0 0.96875
vt 0.015625 1
vt 0 1
vt 0 0.96875
vt 0.015625 0.96875
vt 0 0.96875
vt 0.022096875 0.96875
vt 0.022096875 1
vt 0 1
vt 0 1
vt 0 0.96875
vt 0.022096875 0.96875
vt 0.022096875 1
vt 0 1
vt 0 0.96875
vt 0.022096875 0.96875
vt 0.022096875 1
vt 0 0.96875
vt 0.022096875 0.96875
vt 0.022096875 1
vt 0 1
vn 0 1 0
vn 0 -1 0
vn 0.009090948426010676 0.9999586764745411 0
vn -0.009090948426010676 0.9999586764745411 0
vn 0 0.9999548350731509 0.009504094582230196
vn 0 0.9999548350731509 -0.0095040945822302
vn 0.0035282465787781605 -0.999993775718669 0
vn -0.0035282465787781605 -0.999993775718669 0
vn 0 -0.9999931970812314 0.0036886028869543767
vn 0 -0.9999931970812314 -0.003688602886954378
vn 0.0035282225767020794 -0.9999869729269284 0.0036885799283646603
vn -0.0035282225767020794 -0.9999869729269284 0.0036885799283646603
vn 0.003528222576702079 -0.9999869729269284 -0.0036885799283646616
vn -0.003528222576702079 -0.9999869729269284 -0.0036885799283646616
vn 0.009090537867921245 0.9999135171463296 0.009503701875009152
vn -0.009090537867921245 0.9999135171463296 0.009503701875009152
vn 0.009090537867921245 0.9999135171463296 -0.009503701875009157
vn -0.009090537867921245 0.9999135171463296 -0.009503701875009157
vn 1 0 0
vn -1 0 0
vn 0 0 1
vn 0 0 -1
vn 0.6912242510439012 0 -0.7226403218536854
vn 0.6912242510439013 0 0.7226403218536852
vn -0.6912242510439012 0 -0.7226403218536854
vn -0.6912242510439013 0 0.7226403218536852
usemtl none
f 1761/6345/1685 1762/6346/1685 1764/6347/1685 1763/6348/1685
f 1768/6349/1686 1766/6350/1686 1765/6351/1686 1767/6352/1686
f 1762/6353/1687 1761/6354/1687 1774/6355/1687 1776/6356/1687
f 1770/6357/1688 1763/6358/1688 1764/6359/1688 1772/6360/1688
f 1782/6361/1689 1761/6362/1689 1763/6363/1689 1784/6364/1689
f 1764/6365/1690 1762/6366/1690 1778/6367/1690 1780/6368/1690
f 1773/6369/1691 1765/6370/1691 1766/6371/1691 1775/6372/1691
f 1768/6373/1692 1767/6374/1692 1769/6375/1692 1771/6376/1692
f 1767/6377/1693 1765/6378/1693 1781/6379/1693 1783/6380/1693
f 1777/6381/1694 1766/6382/1694 1768/6383/1694 1779/6384/1694
f 1765/6385/1695 1773/6386/1695 1781/6387/1695
f 1767/6388/1696 1783/6389/1696 1769/6390/1696
f 1766/6391/1697 1777/6392/1697 1775/6393/1697
f 1768/6394/1698 1771/6395/1698 1779/6396/1698
f 1761/6397/1699 1782/6398/1699 1774/6399/1699
f 1763/6400/1700 1770/6401/1700 1784/6402/1700
f 1762/6403/1701 1776/6404/1701 1778/6405/1701
f 1764/6406/1702 1780/6407/1702 1772/6408/1702
f 1776/6409/1703 1774/6410/1703 1773/6411/1703 1775/6412/1703
f 1769/6413/1704 1770/6414/1704 1772/6415/1704 1771/6416/1704
f 1781/6417/1705 1782/6418/1705 1784/6419/1705 1783/6420/1705
f 1780/6421/1706 1778/6422/1706 1777/6423/1706 1779/6424/1706
f 1775/6425/1707 1777/6426/1707 1778/6427/1707 1776/6428/1707
f 1782/6429/1708 1781/6430/1708 1773/6431/1708 1774/6432/1708
f 1780/6433/1709 1779/6434/1709 1771/6435/1709 1772/6436/1709
f 1769/6437/1710 1783/6438/1710 1784/6439/1710 1770/6440/1710
o 4
v -0.3609375000000001 0.5833331249999998 -1.9151043750000003
v -0.3609375000000001 0.5833331249999998 -2.006770625
v -0.36093750000000013 0.6791668749999998 -1.9151043750000003
v -0.36093750000000013 0.6791668749999998 -2.006770625
v -0.41093750000000007 0.5833331249999998 -1.9151043750000003
v -0.41093750000000007 0.5833331249999998 -2.006770625
v -0.41093750000000007 0.6791668749999998 -1.9151043750000003
v -0.41093750000000007 0.6791668749999998 -2.006770625
v -0.4105993750000001 0.7749999999999998 -1.9151043750000003
v -0.3618087500000001 0.7749999999999998 -1.9151043750000003
v -0.4105993750000001 0.7749999999999998 -2.006770625
v -0.3618087500000001 0.7749999999999998 -2.006770625
v -0.41059937500000004 0.4874999999999998 -1.9151043750000003
v -0.36180875 0.4874999999999998 -1.9151043750000003
v -0.41059937500000004 0.4874999999999998 -2.006770625
v -0.36180875 0.4874999999999998 -2.006770625
v -0.4105993750000001 0.5833331249999998 -2.0984375
v -0.36180875000000007 0.5833331249999998 -2.0984375
v -0.4105993750000001 0.6791668749999998 -2.0984375
v -0.3618087500000001 0.6791668749999998 -2.0984375
v -0.4105993750000001 0.5833331249999998 -1.8234375000000003
v -0.36180875000000007 0.5833331249999998 -1.8234375000000003
v -0.4105993750000001 0.6791668749999998 -1.8234375000000003
v -0.3618087500000001 0.6791668749999998 -1.8234375000000003
vt 0.015625 0.984375
vt 0.015625 1
vt 0 1
vt 0 0.984375
vt 0 0.984375
vt 0.015625 0.984375
vt 0.015625 1
vt 0 1
vt 0.015625 1
vt 0 1
vt 0 0.977903125
vt 0.015625 0.977903125
vt 0.015625 0.977903125
vt 0.015625 1
vt 0 1
vt 0 0.977903125
vt 0.015625 0.977903125
vt 0.015625 1
vt 0 1
vt 0 0.977903125
vt 0.015625 1
vt 0 1
vt 0 0.977903125
vt 0.015625 0.977903125
vt 0 1
vt 0 0.977903125
vt 0.015625 0.977903125
vt 0.015625 1
vt 0 0.977903125
vt 0.015625 0.977903125
vt 0.015625 1
vt 0 1
vt 0 0.977903125
vt 0.015625 0.977903125
vt 0.015625 1
vt 0 1
vt 0 1
vt 0 0.977903125
vt 0.015625 0.977903125
vt 0.015625 1
vt 0.0110484375 0.9808625
vt 0.022096875 1
vt 0 1
vt 0.0110484375 0.9808625
vt 0.022096875 1
vt 0 1
vt 0.0110484375 0.9808625
vt 0.022096875 1
vt 0 1
vt 0.0110484375 0.9808625
vt 0.022096875 1
vt 0 1
vt 0.0110484375 1
vt 0 0.9808640625
vt 0.022096875 0.9808640625
vt 0.0110484375 1
vt 0 0.9808640625
vt 0.022096875 0.9808640625
vt 0.0110484375 1
vt 0 0.9808640625
vt 0.022096875 0.9808640625
vt 0.0110484375 1
vt 0 0.9808640625
vt 0.022096875 0.9808640625
vt 0.015625 1
vt 0 1
vt 0 0.96875
vt 0.015625 0.96875
vt 0.015625 0.96875
vt 0.015625 1
vt 0 1
vt 0 0.96875
vt 0.015625 0.96875
vt 0.015625 1
vt 0 1
vt 0 0.96875
vt 0.015625 1
vt 0 1
vt 0 0.96875
vt 0.015625 0.96875
vt 0 0.96875
vt 0.022096875 0.96875
vt 0.022096875 1
vt 0 1
vt 0 1
vt 0 0.96875
vt 0.022096875 0.96875
vt 0.022096875 1
vt 0 1
vt 0 0.96875
vt 0.022096875 0.96875
vt 0.022096875 1
vt 0 0.96875
vt 0.022096875 0.96875
vt 0.022096875 1
vt 0 1
vn 1 2.220446049250313e-16 0
vn -1 -2.220446049250313e-16 0
vn 0.9999586764745411 -0.009090948426010454 0
vn 0.9999586764745411 0.009090948426010898 0
vn 0.9999548350731509 2.2203457629669262e-16 0.009504094582230196
vn 0.9999548350731509 2.2203457629669262e-16 -0.0095040945822302
vn -0.999993775718669 -0.0035282465787783825 0
vn -0.999993775718669 0.0035282465787779384 0
vn -0.9999931970812314 -2.2204309437362099e-16 0.0036886028869543767
vn -0.9999931970812314 -2.2204309437362099e-16 -0.003688602886954378
vn -0.9999869729269284 -0.0035282225767023015 0.0036885799283646603
vn -0.9999869729269284 0.0035282225767018574 0.0036885799283646603
vn -0.9999869729269284 -0.003528222576702301 -0.0036885799283646616
vn -0.9999869729269284 0.003528222576701857 -0.0036885799283646616
vn 0.9999135171463296 -0.009090537867921022 0.009503701875009152
vn 0.9999135171463296 0.009090537867921467 0.009503701875009152
vn 0.9999135171463296 -0.009090537867921022 -0.009503701875009157
vn 0.9999135171463296 0.009090537867921467 -0.009503701875009157
vn 2.220446049250313e-16 -1 0
vn -2.220446049250313e-16 1 0
vn 0 0 1
vn 0 0 -1
vn 1.534826157376437e-16 -0.6912242510439012 -0.7226403218536854
vn 1.5348261573764372e-16 -0.6912242510439013 0.7226403218536852
vn -1.534826157376437e-16 0.6912242510439012 -0.7226403218536854
vn -1.5348261573764372e-16 0.6912242510439013 0.7226403218536852
usemtl none
f 1785/6441/1711 1786/6442/1711 1788/6443/1711 1787/6444/1711
f 1792/6445/1712 1790/6446/1712 1789/6447/1712 1791/6448/1712
f 1786/6449/1713 1785/6450/1713 1798/6451/1713 1800/6452/1713
f 1794/6453/1714 1787/6454/1714 1788/6455/1714 1796/6456/1714
f 1806/6457/1715 1785/6458/1715 1787/6459/1715 1808/6460/1715
f 1788/6461/1716 1786/6462/1716 1802/6463/1716 1804/6464/1716
f 1797/6465/1717 1789/6466/1717 1790/6467/1717 1799/6468/1717
f 1792/6469/1718 1791/6470/1718 1793/6471/1718 1795/6472/1718
f 1791/6473/1719 1789/6474/1719 1805/6475/1719 1807/6476/1719
f 1801/6477/1720 1790/6478/1720 1792/6479/1720 1803/6480/1720
f 1789/6481/1721 1797/6482/1721 1805/6483/1721
f 1791/6484/1722 1807/6485/1722 1793/6486/1722
f 1790/6487/1723 1801/6488/1723 1799/6489/1723
f 1792/6490/1724 1795/6491/1724 1803/6492/1724
f 1785/6493/1725 1806/6494/1725 1798/6495/1725
f 1787/6496/1726 1794/6497/1726 1808/6498/1726
f 1786/6499/1727 1800/6500/1727 1802/6501/1727
f 1788/6502/1728 1804/6503/1728 1796/6504/1728
f 1800/6505/1729 1798/6506/1729 1797/6507/1729 1799/6508/1729
f 1793/6509/1730 1794/6510/1730 1796/6511/1730 1795/6512/1730
f 1805/6513/1731 1806/6514/1731 1808/6515/1731 1807/6516/1731
f 1804/6517/1732 1802/6518/1732 1801/6519/1732 1803/6520/1732
f 1799/6521/1733 1801/6522/1733 1802/6523/1733 1800/6524/1733
f 1806/6525/1734 1805/6526/1734 1797/6527/1734 1798/6528/1734
f 1804/6529/1735 1803/6530/1735 1795/6531/1735 1796/6532/1735
f 1793/6533/1736 1807/6534/1736 1808/6535/1736 1794/6536/1736
o beveled_cuboid
v -0.7151043749999997 0.7562499999999995 -2.006250000000001
v -0.8067706249999997 0.7562499999999995 -2.006250000000001
v -0.7151043749999997 0.7562499999999995 -1.9187500000000008
v -0.8067706249999997 0.7562499999999995 -1.9187500000000008
v -0.7151043749999997 0.6797793749999995 -1.8812500000000008
v -0.7151043749999997 0.7562499999999995 -1.8812500000000008
v -0.8067706249999997 0.6797793749999995 -1.8812500000000008
v -0.8067706249999997 0.7562499999999995 -1.8812500000000008
v -0.7151043749999997 0.6797793749999995 -2.0437500000000006
v -0.7151043749999997 0.7562499999999995 -2.0437500000000006
v -0.8067706249999997 0.6749999999999995 -2.0437500000000006
v -0.8067706249999997 0.7562499999999995 -2.0437500000000006
v -0.8421874999999996 0.7084556249999995 -2.006250000000001
v -0.8421874999999996 0.7562499999999995 -2.006250000000001
v -0.8421874999999998 0.7084556249999995 -1.9187500000000008
v -0.8421874999999998 0.7562499999999995 -1.9187500000000008
v -0.6734374999999997 0.6797793749999995 -2.006250000000001
v -0.6734374999999997 0.7562499999999995 -2.006250000000001
v -0.6734374999999997 0.7084556249999995 -1.9187500000000008
v -0.6734374999999997 0.7562499999999995 -1.9187500000000008
vt 0.015625 1
vt 0 1
vt 0 0.984375
vt 0.015625 0.984375
vt 0.015625 0.984375
vt 0.015625 1
vt 0 1
vt 0 0.984375
vt 0.015625 0.984375
vt 0.015625 1
vt 0 1
vt 0 0.984375
vt 0.015625 0.984375
vt 0.015625 1
vt 0 1
vt 0 0.984375
vt 0.015625 1
vt 0 1
vt 0 0.984375
vt 0.015625 0.984375
vt 0.015625 1
vt 0 1
vt 0 0.977903125
vt 0.015625 0.977903125
vt 0.015625 0.977903125
vt 0.015625 1
vt 0 1
vt 0 0.977903125
vt 0.015625 0.977903125
vt 0.015625 1
vt 0 1
vt 0 0.977903125
vt 0.015625 1
vt 0 1
vt 0 0.977903125
vt 0.015625 0.977903125
vt 0 0.984375
vt 0.022096875 0.984375
vt 0.022096875 1
vt 0 1
vt 0 1
vt 0 0.984375
vt 0.022096875 0.984375
vt 0.022096875 1
vt 0 1
vt 0 0.984375
vt 0.022096875 0.984375
vt 0.022096875 1
vt 0 0.984375
vt 0.022096875 0.984375
vt 0.022096875 1
vt 0 1
vt 0.0110484375 1
vt 0 0.9808640625
vt 0.022096875 0.9808640625
vt 0.0110484375 1
vt 0 0.9808640625
vt 0.022096875 0.9808640625
vt 0.0110484375 1
vt 0 0.9808640625
vt 0.022096875 0.9808640625
vt 0.0110484375 1
vt 0 0.9808640625
vt 0.022096875 0.9808640625
vn 2.220446049250313e-16 1.165592393275421e-19 -1
vn -2.220446049250313e-16 -1.165592393275421e-19 1
vn -1.8072259420058102e-36 1 1.165592393275421e-19
vn 1 -2.588135024684626e-35 2.220446049250313e-16
vn -1 2.588135024684626e-35 -2.220446049250313e-16
vn -1.8072259420058102e-36 1 1.165592393275421e-19
vn -1.8072259420058102e-36 1 1.165592393275421e-19
vn -1.8072259420058102e-36 1 1.165592393275421e-19
vn -1.8072259420058102e-36 1 1.165592393275421e-19
vn -0.7270111363657178 8.003256553461028e-20 -0.6866256677406023
vn 0.6689628836566155 8.663799414044264e-20 -0.7432958094122591
vn -0.727011136365718 -8.003256553461023e-20 0.6866256677406021
vn 0.6689628836566154 -8.663799414044266e-20 0.7432958094122594
vn -1.8072259420058102e-36 1 1.165592393275421e-19
vn -1.8072259420058102e-36 1 1.165592393275421e-19
vn -1.8072259420058102e-36 1 1.165592393275421e-19
vn -1.8072259420058102e-36 1 1.165592393275421e-19
usemtl none
f 1820/6537/1737 1818/6538/1737 1817/6539/1737 1819/6540/1737
f 1813/6541/1738 1814/6542/1738 1816/6543/1738 1815/6544/1738
f 1809/6545/1739 1810/6546/1739 1812/6547/1739 1811/6548/1739
f 1825/6549/1740 1826/6550/1740 1828/6551/1740 1827/6552/1740
f 1824/6553/1741 1822/6554/1741 1821/6555/1741 1823/6556/1741
f 1810/6557/1742 1809/6558/1742 1818/6559/1742 1820/6560/1742
f 1814/6561/1743 1811/6562/1743 1812/6563/1743 1816/6564/1743
f 1826/6565/1744 1809/6566/1744 1811/6567/1744 1828/6568/1744
f 1812/6569/1745 1810/6570/1745 1822/6571/1745 1824/6572/1745
f 1819/6573/1746 1821/6574/1746 1822/6575/1746 1820/6576/1746
f 1826/6577/1747 1825/6578/1747 1817/6579/1747 1818/6580/1747
f 1824/6581/1748 1823/6582/1748 1815/6583/1748 1816/6584/1748
f 1813/6585/1749 1827/6586/1749 1828/6587/1749 1814/6588/1749
f 1809/6589/1750 1826/6590/1750 1818/6591/1750
f 1811/6592/1751 1814/6593/1751 1828/6594/1751
f 1810/6595/1752 1820/6596/1752 1822/6597/1752
f 1812/6598/1753 1824/6599/1753 1816/6600/1753
o beveled_cuboid
v -0.7309218749999997 0.8749999999999996 -1.9894231250000007
v -0.7886381249999997 0.8749999999999996 -1.9894231250000007
v -0.7309218749999997 0.8749999999999996 -1.9355768750000009
v -0.7886381249999997 0.8749999999999996 -1.9355768750000009
v -0.7309218749999997 0.7555337499999994 -1.9125000000000008
v -0.7309218749999997 0.8624999999999995 -1.9125000000000008
v -0.7886381249999997 0.7555337499999994 -1.9125000000000008
v -0.7886381249999997 0.8624999999999995 -1.9125000000000008
v -0.7309218749999997 0.7555337499999994 -2.0125000000000006
v -0.7309218749999997 0.8624999999999995 -2.0125000000000006
v -0.7886381249999997 0.7511856249999995 -2.0125000000000006
v -0.7886381249999997 0.8624999999999995 -2.0125000000000006
v -0.8109374999999998 0.7522056249999995 -1.9894231250000007
v -0.8109374999999998 0.8624999999999995 -1.9894231250000007
v -0.8109374999999998 0.7522056249999995 -1.9355768750000009
v -0.8109374999999998 0.8624999999999995 -1.9355768750000009
v -0.7046874999999997 0.7555337499999994 -1.9894231250000007
v -0.7046874999999997 0.8624999999999995 -1.9894231250000007
v -0.7046874999999997 0.7522056249999995 -1.9355768750000009
v -0.7046874999999997 0.8624999999999995 -1.9355768750000009
vt 0.015625 1
vt 0 1
vt 0 0.984375
vt 0.015625 0.984375
vt 0.015625 0.984375
vt 0.015625 1
vt 0 1
vt 0 0.984375
vt 0.015625 0.984375
vt 0.015625 1
vt 0 1
vt 0 0.984375
vt 0.015625 0.984375
vt 0.015625 1
vt 0 1
vt 0 0.984375
vt 0.015625 1
vt 0 1
vt 0 0.984375
vt 0.015625 0.984375
vt 0.015625 1
vt 0 1
vt 0 0.977903125
vt 0.015625 0.977903125
vt 0.015625 0.977903125
vt 0.015625 1
vt 0 1
vt 0 0.977903125
vt 0.015625 0.977903125
vt 0.015625 1
vt 0 1
vt 0 0.977903125
vt 0.015625 1
vt 0 1
vt 0 0.977903125
vt 0.015625 0.977903125
vt 0 0.984375
vt 0.022096875 0.984375
vt 0.022096875 1
vt 0 1
vt 0 1
vt 0 0.984375
vt 0.022096875 0.984375
vt 0.022096875 1
vt 0 1
vt 0 0.984375
vt 0.022096875 0.984375
vt 0.022096875 1
vt 0 0.984375
vt 0.022096875 0.984375
vt 0.022096875 1
vt 0 1
vt 0.0110484375 1
vt 0 0.9808640625
vt 0.022096875 0.9808640625
vt 0.0110484375 1
vt 0 0.9808640625
vt 0.022096875 0.9808640625
vt 0.0110484375 1
vt 0 0.9808640625
vt 0.022096875 0.9808640625
vt 0.0110484375 1
vt 0 0.9808640625
vt 0.022096875 0.9808640625
vn 2.220446049250313e-16 1.165592393275421e-19 -1
vn -2.220446049250313e-16 -1.165592393275421e-19 1
vn -1.8072259420058102e-36 1 1.165592393275421e-19
vn 1 -2.588135024684626e-35 2.220446049250313e-16
vn -1 2.588135024684626e-35 -2.220446049250313e-16
vn 1.057562738958173e-16 0.8792915509867141 -0.4762839157092949
vn -1.057562738958173e-16 0.8792915509867141 0.4762839157092949
vn 0.43014227934556926 0.9027611087765127 9.561599762697286e-17
vn -0.4889710961133654 0.8722999869114375 -1.0847171923331192e-16
vn -0.7191171567471885 8.099571585852863e-20 -0.6948888507321438
vn 0.6604766646254449 8.751810534619255e-20 -0.7508465725334624
vn -0.7191171567471887 -8.099571585852859e-20 0.6948888507321436
vn 0.6604766646254444 -8.751810534619259e-20 0.7508465725334628
vn 0.3864166693868031 0.810991984875552 -0.4392882403247582
vn 0.38641666938680286 0.810991984875552 0.43928824032475844
vn -0.4421045671065274 0.7886924424896891 -0.42720929636794946
vn -0.4421045671065276 0.7886924424896891 0.42720929636794924
usemtl none
f 1840/6601/1754 1838/6602/1754 1837/6603/1754 1839/6604/1754
f 1833/6605/1755 1834/6606/1755 1836/6607/1755 1835/6608/1755
f 1829/6609/1756 1830/6610/1756 1832/6611/1756 1831/6612/1756
f 1845/6613/1757 1846/6614/1757 1848/6615/1757 1847/6616/1757
f 1844/6617/1758 1842/6618/1758 1841/6619/1758 1843/6620/1758
f 1830/6621/1759 1829/6622/1759 1838/6623/1759 1840/6624/1759
f 1834/6625/1760 1831/6626/1760 1832/6627/1760 1836/6628/1760
f 1846/6629/1761 1829/6630/1761 1831/6631/1761 1848/6632/1761
f 1832/6633/1762 1830/6634/1762 1842/6635/1762 1844/6636/1762
f 1839/6637/1763 1841/6638/1763 1842/6639/1763 1840/6640/1763
f 1846/6641/1764 1845/6642/1764 1837/6643/1764 1838/6644/1764
f 1844/6645/1765 1843/6646/1765 1835/6647/1765 1836/6648/1765
f 1833/6649/1766 1847/6650/1766 1848/6651/1766 1834/6652/1766
f 1829/6653/1767 1846/6654/1767 1838/6655/1767
f 1831/6656/1768 1834/6657/1768 1848/6658/1768
f 1830/6659/1769 1840/6660/1769 1842/6661/1769
f 1832/6662/1770 1844/6663/1770 1836/6664/1770
o beveled_cuboid
v -0.7245949999999997 0.8437499999999994 -1.9961537500000008
v -0.7958912499999997 0.8437499999999994 -1.9961537500000008
v -0.7245949999999998 0.8437499999999994 -1.9288462500000008
v -0.7958912499999997 0.8437499999999994 -1.9288462500000008
v -0.7245949999999998 0.8208656249999994 -1.9000000000000008
v -0.7245949999999998 0.8437499999999994 -1.9000000000000008
v -0.7958912499999997 0.8208656249999994 -1.9000000000000008
v -0.7958912499999997 0.8437499999999994 -1.9000000000000008
v -0.7245949999999997 0.8208656249999994 -2.025000000000001
v -0.7245949999999997 0.8437499999999994 -2.025000000000001
v -0.7958912499999997 0.8199356249999994 -2.025000000000001
v -0.7958912499999997 0.8437499999999994 -2.025000000000001
v -0.8234374999999997 0.8201537499999993 -1.9961537500000008
v -0.8234374999999997 0.8437499999999994 -1.9961537500000008
v -0.8234374999999997 0.8201537499999993 -1.9288462500000008
v -0.8234374999999997 0.8437499999999994 -1.9288462500000008
v -0.6921874999999997 0.8208656249999994 -1.9961537500000008
v -0.6921874999999997 0.8437499999999994 -1.9961537500000008
v -0.6921874999999997 0.8201537499999993 -1.9288462500000008
v -0.6921874999999997 0.8437499999999994 -1.9288462500000008
vt 0.015625 1
vt 0 1
vt 0 0.984375
vt 0.015625 0.984375
vt 0.015625 0.984375
vt 0.015625 1
vt 0 1
vt 0 0.984375
vt 0.015625 0.984375
vt 0.015625 1
vt 0 1
vt 0 0.984375
vt 0.015625 0.984375
vt 0.015625 1
vt 0 1
vt 0 0.984375
vt 0.015625 1
vt 0 1
vt 0 0.984375
vt 0.015625 0.984375
vt 0.015625 1
vt 0 1
vt 0 0.977903125
vt 0.015625 0.977903125
vt 0.015625 0.977903125
vt 0.015625 1
vt 0 1
vt 0 0.977903125
vt 0.015625 0.977903125
vt 0.015625 1
vt 0 1
vt 0 0.977903125
vt 0.015625 1
vt 0 1
vt 0 0.977903125
vt 0.015625 0.977903125
vt 0 0.984375
vt 0.022096875 0.984375
vt 0.022096875 1
vt 0 1
vt 0 1
vt 0 0.984375
vt 0.022096875 0.984375
vt 0.022096875 1
vt 0 1
vt 0 0.984375
vt 0.022096875 0.984375
vt 0.022096875 1
vt 0 0.984375
vt 0.022096875 0.984375
vt 0.022096875 1
vt 0 1
vt 0.0110484375 1
vt 0 0.9808640625
vt 0.022096875 0.9808640625
vt 0.0110484375 1
vt 0 0.9808640625
vt 0.022096875 0.9808640625
vt 0.0110484375 1
vt 0 0.9808640625
vt 0.022096875 0.9808640625
vt 0.0110484375 1
vt 0 0.9808640625
vt 0.022096875 0.9808640625
vn 2.220446049250313e-16 1.165592393275421e-19 -1
vn -2.220446049250313e-16 -1.165592393275421e-19 1
vn -1.8072259420058102e-36 1 1.165592393275421e-19
vn 1 -2.588135024684626e-35 2.220446049250313e-16
vn -1 2.588135024684626e-35 -2.220446049250313e-16
vn -1.8072259420058102e-36 1 1.165592393275421e-19
vn -1.8072259420058102e-36 1 1.165592393275421e-19
vn -1.8072259420058102e-36 1 1.165592393275421e-19
vn -1.8072259420058102e-36 1 1.165592393275421e-19
vn -0.72321536665992 8.049844135695395e-20 -0.690622569445104
vn 0.66487334247776 8.706463663214417e-20 -0.7469561154863459
vn -0.7232153666599203 -8.04984413569539e-20 0.6906225694451038
vn 0.6648733424777598 -8.706463663214422e-20 0.7469561154863462
vn -1.8072259420058102e-36 1 1.165592393275421e-19
vn -1.8072259420058102e-36 1 1.165592393275421e-19
vn -1.8072259420058102e-36 1 1.165592393275421e-19
vn -1.8072259420058102e-36 1 1.165592393275421e-19
usemtl none
f 1860/6665/1771 1858/6666/1771 1857/6667/1771 1859/6668/1771
f 1853/6669/1772 1854/6670/1772 1856/6671/1772 1855/6672/1772
f 1849/6673/1773 1850/6674/1773 1852/6675/1773 1851/6676/1773
f 1865/6677/1774 1866/6678/1774 1868/6679/1774 1867/6680/1774
f 1864/6681/1775 1862/6682/1775 1861/6683/1775 1863/6684/1775
f 1850/6685/1776 1849/6686/1776 1858/6687/1776 1860/6688/1776
f 1854/6689/1777 1851/6690/1777 1852/6691/1777 1856/6692/1777
f 1866/6693/1778 1849/6694/1778 1851/6695/1778 1868/6696/1778
f 1852/6697/1779 1850/6698/1779 1862/6699/1779 1864/6700/1779
f 1859/6701/1780 1861/6702/1780 1862/6703/1780 1860/6704/1780
f 1866/6705/1781 1865/6706/1781 1857/6707/1781 1858/6708/1781
f 1864/6709/1782 1863/6710/1782 1855/6711/1782 1856/6712/1782
f 1853/6713/1783 1867/6714/1783 1868/6715/1783 1854/6716/1783
f 1849/6717/1784 1866/6718/1784 1858/6719/1784
f 1851/6720/1785 1854/6721/1785 1868/6722/1785
f 1850/6723/1786 1860/6724/1786 1862/6725/1786
f 1852/6726/1787 1864/6727/1787 1856/6728/1787
o beveled_cuboid
v -0.6968923845583029 0.8812499999999989 -1.9840906118417332
v -0.7851458046480975 0.8812499999999989 -2.0252438574879745
v -0.7363094615580306 0.8812499999999989 -1.8995604174295586
v -0.8245628816478252 0.8812499999999989 -1.9407136630757997
v -0.753961716357698 0.8713537499999988 -1.8764937947437765
v -0.753961716357698 0.9062499999999989 -1.8764937947437765
v -0.8308862891095345 0.8713537499999988 -1.9123643121182587
v -0.8308862891095345 0.9062499999999989 -1.9123643121182587
v -0.6905689770965935 0.8713537499999988 -2.012439962799274
v -0.6905689770965935 0.9062499999999989 -2.012439962799274
v -0.76749354984843 0.8699356249999989 -2.0483104801737566
v -0.76749354984843 0.9062499999999989 -2.0483104801737566
v -0.8118434096637641 0.8702681249999988 -2.030797043167661
v -0.8118434096637641 0.9062499999999989 -2.030797043167661
v -0.845977758391733 0.8702681249999988 -1.9575956960934449
v -0.845977758391733 0.9062499999999989 -1.9575956960934449
v -0.6702328179392874 0.8713537499999988 -1.9647629397706774
v -0.6702328179392874 0.9062499999999989 -1.9647629397706774
v -0.7043671666672563 0.8702681249999988 -1.8915615926964608
v -0.7043671666672563 0.9062499999999989 -1.8915615926964608
v -0.7013565723639384 0.9065643749999989 -1.9893058900927967
v -0.7775051123326535 0.9078912499999989 -2.026840615141225
v -0.8197653536882417 0.9059956249999989 -1.9362132350917614
v -0.7423848814865525 0.9052162499999988 -1.9013203972425448
v -0.7329430511925219 0.9045687499999988 -1.904886746489145
v -0.6999189295036728 0.9037749999999989 -1.978605800933994
v -0.7923017144481532 0.9085624999999988 -2.0216846010352914
v -0.8236644606748906 0.9062312499999988 -1.947190834489389
vt 0.015625 1
vt 0 1
vt 0 0.984375
vt 0.015625 0.984375
vt 0.015625 0.984375
vt 0.015625 1
vt 0 1
vt 0 0.984375
vt 0.015625 0.984375
vt 0.015625 1
vt 0 1
vt 0 0.984375
vt 0.015625 0.984375
vt 0.015625 1
vt 0 1
vt 0 0.984375
vt 0.015625 1
vt 0 1
vt 0 0.984375
vt 0.015625 0.984375
vt 0 0.984375
vt 0.022096875 0.984375
vt 0.022096875 1
vt 0 1
vt 0 1
vt 0 0.984375
vt 0.022096875 0.984375
vt 0.022096875 1
vt 0 1
vt 0 0.984375
vt 0.022096875 0.984375
vt 0.022096875 1
vt 0 0.984375
vt 0.022096875 0.984375
vt 0.022096875 1
vt 0 1
vt 0.015625 1
vt 0 1
vt 0 0.99419765625
vt 0.015625 0.9930253125
vt 0.015625 0.9930253125
vt 0 0.99419765625
vt 0 0.977903125
vt 0.015625 0.977903125
vt 0.015625 0.977903125
vt 0.015625 0.9953896875
vt 0 0.99470078125
vt 0 0.977903125
vt 0.015625 0.9953896875
vt 0.015625 1
vt 0 1
vt 0 0.99470078125
vt 0.015625 0.977903125
vt 0.015625 0.99666359375
vt 0 0.995961875
vt 0 0.977903125
vt 0.015625 0.99666359375
vt 0.015625 1
vt 0 1
vt 0 0.995961875
vt 0.015625 0.9944925
vt 0.015625 1
vt 0 1
vt 0 0.99243203125
vt 0 0.99243203125
vt 0 0.977903125
vt 0.015625 0.977903125
vt 0.015625 0.9944925
vt 0.0110484375 1
vt 0.0093803125 0.997110625
vt 0.0139496875 0.99497515625
vt 0.0139496875 0.99497515625
vt 0.0093803125 0.997110625
vt 0 0.9808640625
vt 0.022096875 0.9808640625
vt 0.0110484375 1
vt 0.00874328125 0.9960075
vt 0.0130675 0.99650296875
vt 0.0130675 0.99650296875
vt 0.00874328125 0.9960075
vt 0 0.9808640625
vt 0.022096875 0.9808640625
vt 0.0110484375 1
vt 0.00756109375 0.99395984375
vt 0.01483234375 0.99344609375
vt 0.01483234375 0.99344609375
vt 0.00756109375 0.99395984375
vt 0 0.9808640625
vt 0.022096875 0.9808640625
vt 0.0110484375 1
vt 0.0082946875 0.995230625
vt 0.01369796875 0.9954109375
vt 0.01369796875 0.9954109375
vt 0.0082946875 0.995230625
vt 0 0.9808640625
vt 0.022096875 0.9808640625
vn 0.42261826174069694 0 -0.9063077870366512
vn -0.42261826174069694 0 0.9063077870366512
vn 0 1 0
vn 0.9063077870366512 0 0.42261826174069694
vn -0.9063077870366512 0 -0.42261826174069694
vn -0.3672919731940781 0 -0.9301056963739125
vn 0.9198202058308251 0 -0.39234014444782306
vn -0.9485930297270153 0 0.3164984422604984
vn 0.2906990439806299 0 0.9568145409789443
vn -0.41998348192648066 0.1114897858123638 0.9006574834910455
vn 0.019610763120038125 0.9997978234577154 -0.0044418666194477995
vn 0.02381813748049636 0.9992509111351553 -0.030501031499319403
vn 0.4222707564694392 0.04054453011355051 -0.9055625595775253
vn -0.06462592344275743 0.9971200742581693 -0.03968686849014125
vn -0.9061465079559123 -0.018864566947613393 -0.4225430560702482
vn 0.9036341201201709 0.07675563297165706 0.42137151038218656
vn -0.09664679553410821 0.9942979179927194 -0.045067140893694645
vn -0.98370386576499 -0.1545469074275469 0.09188012779483817
vn -0.20549427509381077 0.9399164190039637 0.27263387205267564
vn -0.358378567440373 -0.15841230900678813 -0.9200382289636251
vn 0.06401282022095692 0.9978804779413133 -0.011700879923134632
vn 0.3273165372770063 -0.03728429000331783 0.9441788846102939
vn 0.02230666215805028 0.997579667802529 -0.06585756760131889
vn 0.9346561437434813 -0.12035938807913803 -0.33456166944792215
vn -0.010984407810671929 0.999618097252392 0.025357492592055483
usemtl none
f 1880/6729/1788 1878/6730/1788 1877/6731/1788 1879/6732/1788
f 1873/6733/1789 1874/6734/1789 1876/6735/1789 1875/6736/1789
f 1869/6737/1790 1870/6738/1790 1872/6739/1790 1871/6740/1790
f 1885/6741/1791 1886/6742/1791 1888/6743/1791 1887/6744/1791
f 1884/6745/1792 1882/6746/1792 1881/6747/1792 1883/6748/1792
f 1879/6749/1793 1881/6750/1793 1882/6751/1793 1880/6752/1793
f 1886/6753/1794 1885/6754/1794 1877/6755/1794 1878/6756/1794
f 1884/6757/1795 1883/6758/1795 1875/6759/1795 1876/6760/1795
f 1873/6761/1796 1887/6762/1796 1888/6763/1796 1874/6764/1796
f 1870/6765/1797 1869/6766/1797 1889/6767/1797 1890/6768/1797
f 1890/6769/1798 1889/6770/1798 1878/6771/1798 1880/6772/1798
f 1874/6773/1799 1892/6774/1799 1891/6775/1799 1876/6776/1799
f 1892/6777/1800 1871/6778/1800 1872/6779/1800 1891/6780/1800
f 1886/6781/1801 1894/6782/1801 1893/6783/1801 1888/6784/1801
f 1894/6785/1802 1869/6786/1802 1871/6787/1802 1893/6788/1802
f 1896/6789/1803 1872/6790/1803 1870/6791/1803 1895/6792/1803
f 1895/6793/1804 1882/6794/1804 1884/6795/1804 1896/6796/1804
f 1869/6797/1805 1894/6798/1805 1889/6799/1805
f 1889/6800/1806 1894/6801/1806 1886/6802/1806 1878/6803/1806
f 1871/6804/1807 1892/6805/1807 1893/6806/1807
f 1893/6807/1808 1892/6808/1808 1874/6809/1808 1888/6810/1808
f 1870/6811/1809 1890/6812/1809 1895/6813/1809
f 1895/6814/1810 1890/6815/1810 1880/6816/1810 1882/6817/1810
f 1872/6818/1811 1896/6819/1811 1891/6820/1811
f 1891/6821/1812 1896/6822/1812 1884/6823/1812 1876/6824/1812
o cube
v 0.41249999999999987 1.15625 -2.35625
v 0.41249999999999987 1.15625 -2.48125
v 0.41249999999999987 0 -2.35625
v 0.41249999999999987 0 -2.48125
v 0.28749999999999987 1.15625 -2.48125
v 0.28749999999999987 1.15625 -2.35625
v 0.28749999999999987 0 -2.48125
v 0.28749999999999987 0 -2.35625
vt 0.2484375 1
vt 0.2796875 1
vt 0.2796875 0.7109375
vt 0.2484375 0.7109375
vt 0.746875 1
vt 0.778125 1
vt 0.778125 0.7109375
vt 0.746875 0.7109375
vt 0.584375 1
vt 0.615625 1
vt 0.615625 0.7109375
vt 0.584375 0.7109375
vt 0.1921875 1
vt 0.2234375 1
vt 0.2234375 0.7109375
vt 0.1921875 0.7109375
vt 0.584375 0.8078125
vt 0.615625 0.8078125
vt 0.615625 0.7765625
vt 0.584375 0.7765625
vt 0.584375 0.25312500000000004
vt 0.615625 0.25312500000000004
vt 0.615625 0.22187500000000004
vt 0.584375 0.22187500000000004
vn 0 0 -1
vn 1 0 0
vn 0 0 1
vn -1 0 0
vn 0 1 0
vn 0 -1 0
usemtl none
f 1900/6828/1813 1903/6827/1813 1901/6826/1813 1898/6825/1813
f 1899/6832/1814 1900/6831/1814 1898/6830/1814 1897/6829/1814
f 1904/6836/1815 1899/6835/1815 1897/6834/1815 1902/6833/1815
f 1903/6840/1816 1904/6839/1816 1902/6838/1816 1901/6837/1816
f 1902/6844/1817 1897/6843/1817 1898/6842/1817 1901/6841/1817
f 1903/6848/1818 1900/6847/1818 1899/6846/1818 1904/6845/1818
o cube
v 1.4562499999999998 0.7062499999999998 -2.35625
v 1.4562499999999998 0.7062499999999998 -2.5875000000000004
v 1.4562499999999998 0 -2.35625
v 1.4562499999999998 0 -2.5875000000000004
v 0.6562500000000008 0.7062499999999998 -2.5875000000000004
v 0.6562500000000008 0.7062499999999998 -2.35625
v 0.6562500000000008 0 -2.5875000000000004
v 0.6562500000000008 0 -2.35625
vt 0.2484375 0.8875
vt 0.4484374999999998 0.8875
vt 0.4484374999999998 0.7109375
vt 0.2484375 0.7109375
vt 0.746875 0.8875
vt 0.8046875 0.8875
vt 0.8046875 0.7109375
vt 0.746875 0.7109375
vt 0.4156250000000001 0.8875
vt 0.6156249999999999 0.8875
vt 0.6156249999999999 0.7109375
vt 0.4156250000000001 0.7109375
vt 0.16562499999999997 0.8875
vt 0.2234375 0.8875
vt 0.2234375 0.7109375
vt 0.16562499999999997 0.7109375
vt 0.4156250000000001 0.8343750000000001
vt 0.6156249999999999 0.8343750000000001
vt 0.6156249999999999 0.7765625
vt 0.4156250000000001 0.7765625
vt 0.4156250000000001 0.25312500000000004
vt 0.6156249999999999 0.25312500000000004
vt 0.6156249999999999 0.1953125
vt 0.4156250000000001 0.1953125
vn 0 0 -1
vn 1 0 0
vn 0 0 1
vn -1 0 0
vn 0 1 0
vn 0 -1 0
usemtl none
f 1908/6852/1819 1911/6851/1819 1909/6850/1819 1906/6849/1819
f 1907/6856/1820 1908/6855/1820 1906/6854/1820 1905/6853/1820
f 1912/6860/1821 1907/6859/1821 1905/6858/1821 1910/6857/1821
f 1911/6864/1822 1912/6863/1822 1910/6862/1822 1909/6861/1822
f 1910/6868/1823 1905/6867/1823 1906/6866/1823 1909/6865/1823
f 1911/6872/1824 1908/6871/1824 1907/6870/1824 1912/6869/1824
o cube
v 1.53125 1.625 -2.2249999999999988
v 1.53125 1.625 -2.3562499999999984
v 1.53125 0 -2.2249999999999988
v 1.53125 0 -2.3562499999999984
v 0.5812500000000007 1.625 -2.3562499999999984
v 0.5812500000000007 1.625 -2.2249999999999988
v 0.5812500000000007 0 -2.3562499999999984
v 0.5812500000000007 0 -2.2249999999999988
vt 0.2296875000000002 0.984375
vt 0.46718750000000003 0.984375
vt 0.46718750000000003 0.578125
vt 0.2296875000000002 0.578125
vt 0.7453124999999999 0.984375
vt 0.778125 0.984375
vt 0.778125 0.578125
vt 0.7453124999999999 0.578125
vt 0.3968750000000001 0.984375
vt 0.6343749999999999 0.984375
vt 0.6343749999999999 0.578125
vt 0.3968750000000001 0.578125
vt 0.1921875 0.984375
vt 0.22500000000000003 0.984375
vt 0.22500000000000003 0.578125
vt 0.1921875 0.578125
vt 0.3968750000000001 0.8078125
vt 0.6343749999999999 0.8078125
vt 0.6343749999999999 0.7749999999999999
vt 0.3968750000000001 0.7749999999999999
vt 0.3968750000000001 0.25468750000000007
vt 0.6343749999999999 0.25468750000000007
vt 0.6343749999999999 0.22187500000000004
vt 0.3968750000000001 0.22187500000000004
vn 0 0 -1
vn 1 0 0
vn 0 0 1
vn -1 0 0
vn 0 1 0
vn 0 -1 0
usemtl none
f 1916/6876/1825 1919/6875/1825 1917/6874/1825 1914/6873/1825
f 1915/6880/1826 1916/6879/1826 1914/6878/1826 1913/6877/1826
f 1920/6884/1827 1915/6883/1827 1913/6882/1827 1918/6881/1827
f 1919/6888/1828 1920/6887/1828 1918/6886/1828 1917/6885/1828
f 1918/6892/1829 1913/6891/1829 1914/6890/1829 1917/6889/1829
f 1919/6896/1830 1916/6895/1830 1915/6894/1830 1920/6893/1830
o mesh
v 1.3812499999999994 0.9500000000000004 -2.4749999999999974
v 1.3812499999999994 0.9187500000000003 -2.543749999999997
v 1.3812499999999994 0.9250000000000002 -2.4749999999999974
v 1.3812499999999994 0.89375 -2.543749999999997
v 1.231249999999999 0.9500000000000004 -2.4749999999999974
v 1.231249999999999 0.9187500000000003 -2.543749999999997
v 1.231249999999999 0.9250000000000002 -2.4749999999999974
v 1.231249999999999 0.89375 -2.543749999999997
vt 0.25 1
vt 0 1
vt 0 0.875
vt 0.25 0.875
vt 0.25 0.875
vt 0.25 1
vt 0 1
vt 0 0.875
vt 0 0.75
vt 0.25 0.75
vt 0.25 1
vt 0 1
vt 0.25 0.75
vt 0.25 1
vt 0 1
vt 0 0.75
vt 0.25 1
vt 0 1
vt 0.25 0.875
vt 0.25 1
vt 0 1
vt 0 0.875
vt 0.25 0.875
vt 0.25 0.875
vt 0 1
vt 0 0.875
vn 1 0 0
vn -1 0 0
vn 0 0.9103664774626044 -0.413802944301185
vn 0 -0.9103664774626046 0.41380294430118436
vn 0 2.2204460492502914e-15 1
vn 0 0 -1
vn 0 2.2204460492502914e-15 1
usemtl none
f 1922/6897/1831 1921/6898/1831 1923/6899/1831 1924/6900/1831
f 1927/6901/1832 1925/6902/1832 1926/6903/1832 1928/6904/1832
f 1925/6905/1833 1921/6906/1833 1922/6907/1833 1926/6908/1833
f 1924/6909/1834 1923/6910/1834 1927/6911/1834 1928/6912/1834
f 1921/6913/1835 1925/6914/1835 1923/6915/1835
f 1926/6916/1836 1922/6917/1836 1924/6918/1836 1928/6919/1836
f 1923/6920/1837 1925/6921/1837 1927/6922/1837
o cube
v 1.48125 1.575 -1.6874999999999982
v 1.48125 1.575 -2.2249999999999983
v 1.48125 0 -1.6874999999999982
v 1.48125 0 -2.2249999999999983
v 0.6312500000000008 1.575 -2.2249999999999983
v 0.6312500000000008 1.575 -1.6874999999999982
v 0.6312500000000008 0 -2.2249999999999983
v 0.6312500000000008 0 -1.6874999999999982
vt 0.24218750000000022 0.971875
vt 0.4546875 0.971875
vt 0.4546875 0.578125
vt 0.24218750000000022 0.578125
vt 0.6109374999999999 0.971875
vt 0.7453124999999999 0.971875
vt 0.7453124999999999 0.578125
vt 0.6109374999999999 0.578125
vt 0.40937500000000016 0.971875
vt 0.621875 0.971875
vt 0.621875 0.578125
vt 0.40937500000000016 0.578125
vt 0.22500000000000003 0.971875
vt 0.35937500000000006 0.971875
vt 0.35937500000000006 0.578125
vt 0.22500000000000003 0.578125
vt 0.40937500000000016 0.7749999999999999
vt 0.621875 0.7749999999999999
vt 0.621875 0.640625
vt 0.40937500000000016 0.640625
vt 0.40937500000000016 0.3890625000000001
vt 0.621875 0.3890625000000001
vt 0.621875 0.25468750000000007
vt 0.40937500000000016 0.25468750000000007
vn 0 0 -1
vn 1 0 0
vn 0 0 1
vn -1 0 0
vn 0 1 0
vn 0 -1 0
usemtl none
f 1932/6926/1838 1935/6925/1838 1933/6924/1838 1930/6923/1838
f 1931/6930/1839 1932/6929/1839 1930/6928/1839 1929/6927/1839
f 1936/6934/1840 1931/6933/1840 1929/6932/1840 1934/6931/1840
f 1935/6938/1841 1936/6937/1841 1934/6936/1841 1933/6935/1841
f 1934/6942/1842 1929/6941/1842 1930/6940/1842 1933/6939/1842
f 1935/6946/1843 1932/6945/1843 1931/6944/1843 1936/6943/1843
o cube
v 1.45625 1.525 -2.3562499999999984
v 1.45625 1.525 -2.3749999999999982
v 1.45625 1.0437499999999997 -2.3562499999999984
v 1.45625 1.0437499999999997 -2.3749999999999982
v 0.6625000000000008 1.525 -2.3749999999999982
v 0.6625000000000008 1.525 -2.3562499999999984
v 0.6625000000000008 1.0437499999999997 -2.3749999999999982
v 0.6625000000000008 1.0437499999999997 -2.3562499999999984
vt 0.2484375000000002 0.959375
vt 0.446875 0.959375
vt 0.446875 0.8390625
vt 0.2484375000000002 0.8390625
vt 0.778125 0.959375
vt 0.7828124999999999 0.959375
vt 0.7828124999999999 0.8390625
vt 0.778125 0.8390625
vt 0.41718750000000004 0.959375
vt 0.6156249999999999 0.959375
vt 0.6156249999999999 0.8390625
vt 0.41718750000000004 0.8390625
vt 0.18750000000000006 0.959375
vt 0.1921875 0.959375
vt 0.1921875 0.8390625
vt 0.18750000000000006 0.8390625
vt 0.41718750000000004 0.8125
vt 0.6156249999999999 0.8125
vt 0.6156249999999999 0.8078125
vt 0.41718750000000004 0.8078125
vt 0.41718750000000004 0.22187500000000004
vt 0.6156249999999999 0.22187500000000004
vt 0.6156249999999999 0.2171875000000001
vt 0.41718750000000004 0.2171875000000001
vn 0 0 -1
vn 1 0 0
vn 0 0 1
vn -1 0 0
vn 0 1 0
vn 0 -1 0
usemtl none
f 1940/6950/1844 1943/6949/1844 1941/6948/1844 1938/6947/1844
f 1939/6954/1845 1940/6953/1845 1938/6952/1845 1937/6951/1845
f 1944/6958/1846 1939/6957/1846 1937/6956/1846 1942/6955/1846
f 1943/6962/1847 1944/6961/1847 1942/6960/1847 1941/6959/1847
f 1942/6966/1848 1937/6965/1848 1938/6964/1848 1941/6963/1848
f 1943/6970/1849 1940/6969/1849 1939/6968/1849 1944/6967/1849
o mesh
v 1.4562499999999994 0.9874999999999997 -2.356249999999999
v 1.4562499999999994 0.8437500000000002 -2.6437499999999985
v 1.4562499999999994 0.7062500000000003 -2.356249999999999
v 1.4562499999999994 0.7062500000000003 -2.6437499999999985
v 0.6562499999999991 0.9874999999999997 -2.356249999999999
v 0.6562499999999991 0.8437500000000002 -2.6437499999999985
v 0.6562499999999991 0.7062500000000003 -2.356249999999999
v 0.6562499999999991 0.7062500000000003 -2.6437499999999985
vt 0.25 1
vt 0 1
vt 0 0.875
vt 0.25 0.875
vt 0.25 0.875
vt 0.25 1
vt 0 1
vt 0 0.875
vt 0 0.75
vt 0.25 0.75
vt 0.25 1
vt 0 1
vt 0.25 0.75
vt 0.25 1
vt 0 1
vt 0 0.75
vt 0.25 0.875
vt 0.25 1
vt 0 1
vt 0 0.875
vt 0.25 1
vt 0 1
vt 0 0.875
vt 0.25 0.875
vn 1 0 0
vn -1 0 0
vn 0 0.8944271909999165 -0.4472135954999567
vn 0 -1 0
vn 0 0 1
vn 0 0 -1
usemtl none
f 1946/6971/1850 1945/6972/1850 1947/6973/1850 1948/6974/1850
f 1951/6975/1851 1949/6976/1851 1950/6977/1851 1952/6978/1851
f 1949/6979/1852 1945/6980/1852 1946/6981/1852 1950/6982/1852
f 1948/6983/1853 1947/6984/1853 1951/6985/1853 1952/6986/1853
f 1947/6987/1854 1945/6988/1854 1949/6989/1854 1951/6990/1854
f 1950/6991/1855 1946/6992/1855 1948/6993/1855 1952/6994/1855
o mesh
v 0.8999999999999994 0.9500000000000004 -2.4749999999999974
v 0.8999999999999994 0.9187500000000003 -2.543749999999997
v 0.8999999999999994 0.9250000000000002 -2.4749999999999974
v 0.8999999999999994 0.89375 -2.543749999999997
v 0.7499999999999991 0.9500000000000004 -2.4749999999999974
v 0.7499999999999991 0.9187500000000003 -2.543749999999997
v 0.7499999999999991 0.9250000000000002 -2.4749999999999974
v 0.7499999999999991 0.89375 -2.543749999999997
vt 0.25 1
vt 0 1
vt 0 0.875
vt 0.25 0.875
vt 0.25 0.875
vt 0.25 1
vt 0 1
vt 0 0.875
vt 0 0.75
vt 0.25 0.75
vt 0.25 1
vt 0 1
vt 0.25 0.75
vt 0.25 1
vt 0 1
vt 0 0.75
vt 0.25 1
vt 0 1
vt 0.25 0.875
vt 0.25 1
vt 0 1
vt 0 0.875
vt 0.25 0.875
vt 0.25 0.875
vt 0 1
vt 0 0.875
vn 1 0 0
vn -1 0 0
vn 0 0.9103664774626044 -0.413802944301185
vn 0 -0.9103664774626046 0.41380294430118436
vn 0 2.2204460492502914e-15 1
vn 0 0 -1
vn 0 2.2204460492502914e-15 1
usemtl none
f 1954/6995/1856 1953/6996/1856 1955/6997/1856 1956/6998/1856
f 1959/6999/1857 1957/7000/1857 1958/7001/1857 1960/7002/1857
f 1957/7003/1858 1953/7004/1858 1954/7005/1858 1958/7006/1858
f 1956/7007/1859 1955/7008/1859 1959/7009/1859 1960/7010/1859
f 1953/7011/1860 1957/7012/1860 1955/7013/1860
f 1958/7014/1861 1954/7015/1861 1956/7016/1861 1960/7017/1861
f 1955/7018/1862 1957/7019/1862 1959/7020/1862
o mesh
v 1.137499999999999 0.9500000000000004 -2.4749999999999974
v 1.137499999999999 0.9187500000000003 -2.543749999999997
v 1.137499999999999 0.9250000000000002 -2.4749999999999974
v 1.137499999999999 0.89375 -2.543749999999997
v 0.9874999999999988 0.9500000000000004 -2.4749999999999974
v 0.9874999999999988 0.9187500000000003 -2.543749999999997
v 0.9874999999999988 0.9250000000000002 -2.4749999999999974
v 0.9874999999999988 0.89375 -2.543749999999997
v 1.09048468991875 0.9187500000000003 -2.581249999999997
v 1.0356189503380777 0.9187500000000003 -2.581249999999997
v 1.089503699313079 0.8750000000000001 -2.581249999999997
v 1.034842207706932 0.8750000000000001 -2.581249999999997
vt 0.25 1
vt 0 1
vt 0 0.875
vt 0.25 0.875
vt 0.25 0.875
vt 0.25 1
vt 0 1
vt 0 0.875
vt 0.25 1
vt 0 1
vt 0.25 0.875
vt 0.25 0.875
vt 0 1
vt 0 0.875
vt 0.08019825056346463 0.9999999999999998
vt 0 0.75
vt 0.25 0.75
vt 0.17164114986458484 0.9999999999999999
vt 0.25 0.75
vt 0.25 1
vt 0.17164114986458484 0.9999999999999999
vt 0 1
vt 0 0.75
vt 0.08019825056346463 0.9999999999999998
vt 0.1700061655218002 0.75
vt 0.25 0.75
vt 0.25 1
vt 0 1
vt 0 1
vt 0 0.75
vt 0.07890367951155508 0.75
vt 0.07890367951155508 0.75
vt 0.1700061655218002 0.75
vt 0 1
vt 0.16980174943653614 1
vt 0.07835885013541605 1
vt 0.0799938344782019 0.875000000000001
vt 0.17109632048844542 0.875000000000001
vt 0.07835885013541605 1
vt 0 1
vt 0 0.875
vt 0.0799938344782019 0.875000000000001
vt 0.17109632048844542 0.875000000000001
vt 0.25 0.875
vt 0.25 1
vt 0.16980174943653614 1
vn 1 0 0
vn -1 0 0
vn 0 2.2204460492502914e-15 1
vn 0 2.2204460492502914e-15 1
vn 0 0.9593655015712704 -0.2821663239915508
vn 0.31342404782404387 0.8644960893282349 -0.39295276787647154
vn -0.3069198047161357 0.8664279853333028 -0.39383090242422963
vn 0.032313962512984844 -0.9098910545466712 0.4135868429757601
vn -0.03275994523431735 -0.9098778372938184 0.4135808351335543
vn 0 -0.9048187022009941 0.4257970363298799
vn 0 0 -1
vn 0.6235562867112528 0 -0.7817784579424493
vn -0.6209141481419733 0 -0.7838785751869533
usemtl none
f 1962/7021/1863 1961/7022/1863 1963/7023/1863 1964/7024/1863
f 1967/7025/1864 1965/7026/1864 1966/7027/1864 1968/7028/1864
f 1961/7029/1865 1965/7030/1865 1963/7031/1865
f 1963/7032/1866 1965/7033/1866 1967/7034/1866
f 1970/7035/1867 1965/7036/1867 1961/7037/1867 1969/7038/1867
f 1961/7039/1868 1962/7040/1868 1969/7041/1868
f 1966/7042/1869 1965/7043/1869 1970/7044/1869
f 1971/7045/1870 1964/7046/1870 1963/7047/1870 1967/7048/1870
f 1967/7049/1871 1968/7050/1871 1972/7051/1871
f 1972/7052/1872 1971/7053/1872 1967/7054/1872
f 1970/7055/1873 1969/7056/1873 1971/7057/1873 1972/7058/1873
f 1969/7059/1874 1962/7060/1874 1964/7061/1874 1971/7062/1874
f 1972/7063/1875 1968/7064/1875 1966/7065/1875 1970/7066/1875