# Made in Blockbench 5.1.6
mtllib tank.mtl

o cylinder
v 0.5625 0.1875 0.4375
v 0.5625 2.125 0.4375
v 0.746715 0.1875 1.125
v 0.746715 1.9375 1.125
v 1.065785 0.1875 0.940785
v 1.065785 1.9375 0.940785
v 1.25 0.1875 0.621715
v 1.25 1.9375 0.621715
v 1.25 0.1875 0.253285
v 1.25 1.9375 0.253285
v 1.065785 0.1875 -0.06578499999999998
v 1.065785 1.9375 -0.06578499999999998
v 0.746715 0.1875 -0.25
v 0.746715 1.9375 -0.25
v 0.378285 0.1875 -0.25
v 0.378285 1.9375 -0.25
v 0.05921500000000002 0.1875 -0.06578499999999998
v 0.05921500000000002 1.9375 -0.06578499999999998
v -0.125 0.1875 0.253285
v -0.125 1.9375 0.253285
v -0.125 0.1875 0.621715
v -0.125 1.9375 0.621715
v 0.05921500000000002 0.1875 0.940785
v 0.05921500000000002 1.9375 0.940785
v 0.378285 0.1875 1.125
v 0.378285 1.9375 1.125
v 0.724256875 1.99160875 1.041185625
v 1.001385 1.9927425 0.876385
v 1.168185625 1.991063125 0.599793125
v 1.168739375 1.990911875 0.27505875
v 1.0111581250000001 1.98910125 -0.011158125000000019
v 0.7281387500000001 1.9876575 -0.180673125
v 0.395218125 1.985985625 -0.18680375000000005
v 0.10552499999999998 1.986003125 -0.01947500000000002
v -0.044801250000000015 1.9906225 0.274774375
v -0.042976875000000025 1.99112 0.5997368750000001
v 0.11953187500000001 1.99122125 0.8804681249999999
v 0.40018437500000004 1.99104 1.043269375
vt 0.129409375 0.9352953125
vt 0.11207203125 1
vt 0 0.9352953125
vt 0 0.875
vt 0.0669875 0.875
vt 0.0669875 1
vt 0 1
vt 0.12940953125 0.93529546875
vt 0.112071875 1
vt 0 0.93529546875
vt 0 0.875
vt 0.0669875 0.875
vt 0.0669875 1
vt 0 1
vt 0.125 0.9330125
vt 0.125 1
vt 0 0.96650625
vt 0 0.875
vt 0.0669875 0.875
vt 0.0669875 1
vt 0 1
vt 0 0.870590625
vt 0.0647046875 0.88792796875
vt 0 1
vt 0 0.875
vt 0.0669875 0.875
vt 0.0669875 1
vt 0 1
vt 0 0.87059046875
vt 0.06470453125 0.887928125
vt 0 1
vt 0 0.875
vt 0.0669875 0.875
vt 0.0669875 1
vt 0 1
vt 0 0.875
vt 0.0669875 0.875
vt 0.03349375 1
vt 0 0.875
vt 0.0669875 0.875
vt 0.0669875 1
vt 0 1
vt 0 1
vt 0.01733734375 0.9352953125
vt 0.129409375 1
vt 0 0.875
vt 0.0669875 0.875
vt 0.0669875 1
vt 0 1
vt 0 1
vt 0.01733765625 0.93529546875
vt 0.12940953125 1
vt 0 0.875
vt 0.0669875 0.875
vt 0.0669875 1
vt 0 1
vt 0 1
vt 0 0.9330125
vt 0.125 0.96650625
vt 0 0.875
vt 0.0669875 0.875
vt 0.0669875 1
vt 0 1
vt 0.0647046875 1
vt 0 0.98266265625
vt 0.0647046875 0.870590625
vt 0 0.875
vt 0.0669875 0.875
vt 0.0669875 1
vt 0 1
vt 0.06470453125 1
vt 0 0.98266234375
vt 0.06470453125 0.87059046875
vt 0 0.875
vt 0.0669875 0.875
vt 0.0669875 1
vt 0 1
vt 0.0669875 1
vt 0 1
vt 0.03349375 0.875
vt 0 0.875
vt 0.0669875 0.875
vt 0.0669875 1
vt 0 1
vt 0 0.88636703125
vt 0 0.87059046875
vt 0.06470453125 0.887928125
vt 0.05642515625 0.90226875
vt 0.05642515625 0.90226875
vt 0 1
vt 0 0.88636703125
vt 0 0.870590625
vt 0.0647046875 0.88792796875
vt 0.0570046875 0.90126484375
vt 0 0.8871496875
vt 0.0570046875 0.90126484375
vt 0 1
vt 0 0.8871496875
vt 0.125 0.9330125
vt 0.125 1
vt 0.1102253125 0.99604109375
vt 0.1101246875 0.93699828125
vt 0.1102253125 0.99604109375
vt 0 0.96650625
vt 0.1101246875 0.93699828125
vt 0.12940953125 0.93529546875
vt 0.112071875 1
vt 0.0999075 0.992976875
vt 0.11411375 0.93529546875
vt 0.0999075 0.992976875
vt 0 0.93529546875
vt 0.11411375 0.93529546875
vt 0.129409375 0.9352953125
vt 0.11207203125 1
vt 0.10077078125 0.9934753125
vt 0.115363125 0.9352953125
vt 0.10077078125 0.9934753125
vt 0 0.9352953125
vt 0.115363125 0.9352953125
vt 0.0669875 1
vt 0 1
vt 0.00307875 0.98850984375
vt 0.06361 0.98739515625
vt 0.00307875 0.98850984375
vt 0.03349375 0.875
vt 0.06361 0.98739515625
vt 0.06470453125 0.988104375
vt 0.06470453125 1
vt 0 0.98266234375
vt 0.00595375 0.97235
vt 0.00595375 0.97235
vt 0.06470453125 0.87059046875
vt 0.06470453125 0.988104375
vt 0.0647046875 0.98809234375
vt 0.0647046875 1
vt 0 0.98266265625
vt 0.00754796875 0.9695890625
vt 0.00754796875 0.9695890625
vt 0.0647046875 0.870590625
vt 0.0647046875 0.98809234375
vt 0.0145815625 0.9960928125
vt 0 1
vt 0 0.9330125
vt 0.01491328125 0.93700859375
vt 0.01491328125 0.93700859375
vt 0.125 0.96650625
vt 0.0145815625 0.9960928125
vt 0.015439375 1
vt 0 1
vt 0.01733765625 0.93529546875
vt 0.0307690625 0.9430499999999999
vt 0.0307690625 0.9430499999999999
vt 0.12940953125 1
vt 0.015439375 1
vt 0 1
vt 0.01733734375 0.9352953125
vt 0.030660625 0.9429875
vt 0.01550921875 1
vt 0.030660625 0.9429875
vt 0.129409375 1
vt 0.01550921875 1
vt 0.00398171875 0.88986015625
vt 0 0.875
vt 0.0669875 0.875
vt 0.06290421875 0.89023890625
vt 0.06290421875 0.89023890625
vt 0.03349375 1
vt 0.00398171875 0.88986015625
vn 0 -1 0
vn 0.4999996938558401 0 0.8660255805367797
vn 0 -1 0
vn 0.8660255805367797 0 0.4999996938558401
vn 0 -1 0
vn 1 0 0
vn 0 -1 0
vn 0.8660255805367797 0 -0.4999996938558401
vn 0 -1 0
vn 0.4999996938558401 0 -0.8660255805367797
vn 0 -1 0
vn 0 0 -1
vn 0 -1 0
vn -0.4999996938558401 0 -0.8660255805367797
vn 0 -1 0
vn -0.8660255805367797 0 -0.4999996938558401
vn 0 -1 0
vn -1 0 0
vn 0 -1 0
vn -0.8660255805367797 0 0.4999996938558401
vn 0 -1 0
vn -0.4999996938558401 0 0.8660255805367797
vn 0 -1 0
vn 0 0 1
vn 0.2711868078998605 0.8401371915653718 0.4697097130885567
vn 0.10722886391941124 0.976483730158621 0.1870334073850392
vn 0.47436103323978956 0.836645446207148 0.2738722466489104
vn 0.18725828400418165 0.976465888979901 0.10699861088117366
vn 0.5492643251520265 0.835648670863114 0
vn 0.215938654762217 0.9764069284313333 -0.00008654925383395754
vn 0.49256366879484303 0.8225011701863749 -0.2843815346069578
vn 0.18674384571298602 0.9763440242806349 -0.10899120303868406
vn 0.2930830256904235 0.8101906809234041 -0.5076351057570958
vn 0.1076533017576191 0.9762416148893265 -0.18805072714287346
vn 0 0.7933931331987608 -0.6087095663722177
vn -0.0009039071694808999 0.9761451535306039 -0.21711707024216842
vn -0.3043549715033596 0.7933925582866644 -0.5271587045440216
vn -0.1086647756745675 0.9760947276360163 -0.18823137147873914
vn -0.5269399169951242 0.793586321469868 -0.30422865455623166
vn -0.1863903061339157 0.9762364388562231 -0.110548944945779
vn -0.5522268561518727 0.8336938882735193 0
vn -0.21597218713459201 0.9763994749475567 -0.0002823232830950623
vn -0.4738666883845132 0.8370188793560498 0.27358683674664847
vn -0.1869910878230795 0.9764187211984224 0.10789260386133573
vn -0.27398587675727026 0.8364966166354223 0.47455784652141364
vn -0.1078586670125148 0.9764161212319618 0.18702423946808214
vn 0 0.836497023043832 0.5479714686357376
vn -0.0003258109798731576 0.9764286068633697 0.21584037978576762
usemtl none
f 5/1/1 3/2/1 1/3/1
f 3/4/2 5/5/2 6/6/2 4/7/2
f 7/8/3 5/9/3 1/10/3
f 5/11/4 7/12/4 8/13/4 6/14/4
f 9/15/5 7/16/5 1/17/5
f 7/18/6 9/19/6 10/20/6 8/21/6
f 11/22/7 9/23/7 1/24/7
f 9/25/8 11/26/8 12/27/8 10/28/8
f 13/29/9 11/30/9 1/31/9
f 11/32/10 13/33/10 14/34/10 12/35/10
f 15/36/11 13/37/11 1/38/11
f 13/39/12 15/40/12 16/41/12 14/42/12
f 17/43/13 15/44/13 1/45/13
f 15/46/14 17/47/14 18/48/14 16/49/14
f 19/50/15 17/51/15 1/52/15
f 17/53/16 19/54/16 20/55/16 18/56/16
f 21/57/17 19/58/17 1/59/17
f 19/60/18 21/61/18 22/62/18 20/63/18
f 23/64/19 21/65/19 1/66/19
f 21/67/20 23/68/20 24/69/20 22/70/20
f 25/71/21 23/72/21 1/73/21
f 23/74/22 25/75/22 26/76/22 24/77/22
f 3/78/23 25/79/23 1/80/23
f 25/81/24 3/82/24 4/83/24 26/84/24
f 27/85/25 4/86/25 6/87/25 28/88/25
f 28/89/26 2/90/26 27/91/26
f 6/92/27 8/93/27 29/94/27 28/95/27
f 29/96/28 2/97/28 28/98/28
f 8/99/29 10/100/29 30/101/29 29/102/29
f 30/103/30 2/104/30 29/105/30
f 10/106/31 12/107/31 31/108/31 30/109/31
f 31/110/32 2/111/32 30/112/32
f 12/113/33 14/114/33 32/115/33 31/116/33
f 32/117/34 2/118/34 31/119/34
f 14/120/35 16/121/35 33/122/35 32/123/35
f 33/124/36 2/125/36 32/126/36
f 33/127/37 16/128/37 18/129/37 34/130/37
f 34/131/38 2/132/38 33/133/38
f 34/134/39 18/135/39 20/136/39 35/137/39
f 35/138/40 2/139/40 34/140/40
f 35/141/41 20/142/41 22/143/41 36/144/41
f 36/145/42 2/146/42 35/147/42
f 36/148/43 22/149/43 24/150/43 37/151/43
f 37/152/44 2/153/44 36/154/44
f 24/155/45 26/156/45 38/157/45 37/158/45
f 38/159/46 2/160/46 37/161/46
f 38/162/47 26/163/47 4/164/47 27/165/47
f 27/166/48 2/167/48 38/168/48
o mesh
v 0.7875 2.09375 0.6625
v 0.7875 2.09375 0.2125
v 0.7875 2.0437499999999997 0.6625
v 0.7875 2.0437499999999997 0.2125
v 0.3375 2.09375 0.6625
v 0.3375 2.09375 0.2125
v 0.3375 2.0437499999999997 0.6625
v 0.3375 2.0437499999999997 0.2125
vt 0.25 1
vt 0 1
vt 0 0.875
vt 0.25 0.875
vt 0.25 0.875
vt 0.25 1
vt 0 1
vt 0 0.875
vt 0 0.75
vt 0.25 0.75
vt 0.25 1
vt 0 1
vt 0.25 0.75
vt 0.25 1
vt 0 1
vt 0 0.75
vt 0.25 0.875
vt 0.25 1
vt 0 1
vt 0 0.875
vt 0.25 1
vt 0 1
vt 0 0.875
vt 0.25 0.875
vn 1 0 0
vn -1 0 0
vn 0 1 0
vn 0 -1 0
vn 0 0 1
vn 0 0 -1
usemtl none
f 40/169/49 39/170/49 41/171/49 42/172/49
f 45/173/50 43/174/50 44/175/50 46/176/50
f 43/177/51 39/178/51 40/179/51 44/180/51
f 42/181/52 41/182/52 45/183/52 46/184/52
f 41/185/53 39/186/53 43/187/53 45/188/53
f 44/189/54 40/190/54 42/191/54 46/192/54
o cube
v 1 0.13125 0.95625
v 1 0.13125 0.83125
v 1 0.012500000000000011 0.95625
v 1 0.012500000000000011 0.83125
v 0.875 0.13125 0.83125
v 0.875 0.13125 0.95625
v 0.875 0.012500000000000011 0.83125
v 0.875 0.012500000000000011 0.95625
vt 0 0.9703125
vt 0.03125 0.9703125
vt 0.03125 0.940625
vt 0 0.940625
vt 0.0625 0.9703125
vt 0.09375 0.9703125
vt 0.09375 0.940625
vt 0.0625 0.940625
vt 0.359375 0.9703125
vt 0.390625 0.9703125
vt 0.390625 0.940625
vt 0.359375 0.940625
vt 0.265625 0.9703125
vt 0.296875 0.9703125
vt 0.296875 0.940625
vt 0.265625 0.940625
vt 0.359375 0.734375
vt 0.390625 0.734375
vt 0.390625 0.703125
vt 0.359375 0.703125
vt 0.359375 0.9375
vt 0.390625 0.9375
vt 0.390625 0.90625
vt 0.359375 0.90625
vn 0 0 -1
vn 1 0 0
vn 0 0 1
vn -1 0 0
vn 0 1 0
vn 0 -1 0
usemtl none
f 50/196/55 53/195/55 51/194/55 48/193/55
f 49/200/56 50/199/56 48/198/56 47/197/56
f 54/204/57 49/203/57 47/202/57 52/201/57
f 53/208/58 54/207/58 52/206/58 51/205/58
f 52/212/59 47/211/59 48/210/59 51/209/59
f 53/216/60 50/215/60 49/214/60 54/213/60
o cube
v 1 0.13125 0.04375000000000001
v 1 0.13125 -0.08124999999999999
v 1 0.012500000000000011 0.04375000000000001
v 1 0.012500000000000011 -0.08124999999999999
v 0.875 0.13125 -0.08124999999999999
v 0.875 0.13125 0.04375000000000001
v 0.875 0.012500000000000011 -0.08124999999999999
v 0.875 0.012500000000000011 0.04375000000000001
vt 0 0.9703125
vt 0.03125 0.9703125
vt 0.03125 0.940625
vt 0 0.940625
vt 0.0625 0.9703125
vt 0.09375 0.9703125
vt 0.09375 0.940625
vt 0.0625 0.940625
vt 0.359375 0.9703125
vt 0.390625 0.9703125
vt 0.390625 0.940625
vt 0.359375 0.940625
vt 0.265625 0.9703125
vt 0.296875 0.9703125
vt 0.296875 0.940625
vt 0.265625 0.940625
vt 0.359375 0.734375
vt 0.390625 0.734375
vt 0.390625 0.703125
vt 0.359375 0.703125
vt 0.359375 0.9375
vt 0.390625 0.9375
vt 0.390625 0.90625
vt 0.359375 0.90625
vn 0 0 -1
vn 1 0 0
vn 0 0 1
vn -1 0 0
vn 0 1 0
vn 0 -1 0
usemtl none
f 58/220/61 61/219/61 59/218/61 56/217/61
f 57/224/62 58/223/62 56/222/62 55/221/62
f 62/228/63 57/227/63 55/226/63 60/225/63
f 61/232/64 62/231/64 60/230/64 59/229/64
f 60/236/65 55/235/65 56/234/65 59/233/65
f 61/240/66 58/239/66 57/238/66 62/237/66
o cube
v 0.19999999999999996 0.13125 0.10625000000000001
v 0.19999999999999996 0.13125 -0.01874999999999999
v 0.19999999999999996 0.012500000000000011 0.10625000000000001
v 0.19999999999999996 0.012500000000000011 -0.01874999999999999
v 0.07499999999999996 0.13125 -0.01874999999999999
v 0.07499999999999996 0.13125 0.10625000000000001
v 0.07499999999999996 0.012500000000000011 -0.01874999999999999
v 0.07499999999999996 0.012500000000000011 0.10625000000000001
vt 0 0.9703125
vt 0.03125 0.9703125
vt 0.03125 0.940625
vt 0 0.940625
vt 0.0625 0.9703125
vt 0.09375 0.9703125
vt 0.09375 0.940625
vt 0.0625 0.940625
vt 0.359375 0.9703125
vt 0.390625 0.9703125
vt 0.390625 0.940625
vt 0.359375 0.940625
vt 0.265625 0.9703125
vt 0.296875 0.9703125
vt 0.296875 0.940625
vt 0.265625 0.940625
vt 0.359375 0.734375
vt 0.390625 0.734375
vt 0.390625 0.703125
vt 0.359375 0.703125
vt 0.359375 0.9375
vt 0.390625 0.9375
vt 0.390625 0.90625
vt 0.359375 0.90625
vn 0 0 -1
vn 1 0 0
vn 0 0 1
vn -1 0 0
vn 0 1 0
vn 0 -1 0
usemtl none
f 66/244/67 69/243/67 67/242/67 64/241/67
f 65/248/68 66/247/68 64/246/68 63/245/68
f 70/252/69 65/251/69 63/250/69 68/249/69
f 69/256/70 70/255/70 68/254/70 67/253/70
f 68/260/71 63/259/71 64/258/71 67/257/71
f 69/264/72 66/263/72 65/262/72 70/261/72
o cube
v 0.20000000000000007 0.13125 0.9437500000000001
v 0.20000000000000007 0.13125 0.8187500000000001
v 0.20000000000000007 0.012500000000000011 0.9437500000000001
v 0.20000000000000007 0.012500000000000011 0.8187500000000001
v 0.07500000000000007 0.13125 0.8187500000000001
v 0.07500000000000007 0.13125 0.9437500000000001
v 0.07500000000000007 0.012500000000000011 0.8187500000000001
v 0.07500000000000007 0.012500000000000011 0.9437500000000001
vt 0 0.9703125
vt 0.03125 0.9703125
vt 0.03125 0.940625
vt 0 0.940625
vt 0.065625 0.9703125
vt 0.096875 0.9703125
vt 0.096875 0.940625
vt 0.065625 0.940625
vt 0.3609375 0.9703125
vt 0.3921875 0.9703125
vt 0.3921875 0.940625
vt 0.3609375 0.940625
vt 0.2625 0.9703125
vt 0.29375 0.9703125
vt 0.29375 0.940625
vt 0.2625 0.940625
vt 0.3609375 0.7375
vt 0.3921875 0.7375
vt 0.3921875 0.70625
vt 0.3609375 0.70625
vt 0.3609375 0.934375
vt 0.3921875 0.934375
vt 0.3921875 0.903125
vt 0.3609375 0.903125
vn 0 0 -1
vn 1 0 0
vn 0 0 1
vn -1 0 0
vn 0 1 0
vn 0 -1 0
usemtl none
f 74/268/73 77/267/73 75/266/73 72/265/73
f 73/272/74 74/271/74 72/270/74 71/269/74
f 78/276/75 73/275/75 71/274/75 76/273/75
f 77/280/76 78/279/76 76/278/76 75/277/76
f 76/284/77 71/283/77 72/282/77 75/281/77
f 77/288/78 74/287/78 73/286/78 78/285/78
o cube
v 1.21875 0.13125 0.5
v 1.21875 0.13125 0.375
v 1.21875 0.012500000000000011 0.5
v 1.21875 0.012500000000000011 0.375
v 1.09375 0.13125 0.375
v 1.09375 0.13125 0.5
v 1.09375 0.012500000000000011 0.375
v 1.09375 0.012500000000000011 0.5
vt 0 0.9703125
vt 0.03125 0.9703125
vt 0.03125 0.940625
vt 0 0.940625
vt 0.0625 0.9703125
vt 0.09375 0.9703125
vt 0.09375 0.940625
vt 0.0625 0.940625
vt 0.359375 0.9703125
vt 0.390625 0.9703125
vt 0.390625 0.940625
vt 0.359375 0.940625
vt 0.265625 0.9703125
vt 0.296875 0.9703125
vt 0.296875 0.940625
vt 0.265625 0.940625
vt 0.359375 0.734375
vt 0.390625 0.734375
vt 0.390625 0.703125
vt 0.359375 0.703125
vt 0.359375 0.9375
vt 0.390625 0.9375
vt 0.390625 0.90625
vt 0.359375 0.90625
vn 0 0 -1
vn 1 0 0
vn 0 0 1
vn -1 0 0
vn 0 1 0
vn 0 -1 0
usemtl none
f 82/292/79 85/291/79 83/290/79 80/289/79
f 81/296/80 82/295/80 80/294/80 79/293/80
f 86/300/81 81/299/81 79/298/81 84/297/81
f 85/304/82 86/303/82 84/302/82 83/301/82
f 84/308/83 79/307/83 80/306/83 83/305/83
f 85/312/84 82/311/84 81/310/84 86/309/84
o cube
v 0.03125 0.13125 0.5
v 0.03125 0.13125 0.375
v 0.03125 0.012500000000000011 0.5
v 0.03125 0.012500000000000011 0.375
v -0.09375 0.13125 0.375
v -0.09375 0.13125 0.5
v -0.09375 0.012500000000000011 0.375
v -0.09375 0.012500000000000011 0.5
vt 0 0.9703125
vt 0.03125 0.9703125
vt 0.03125 0.940625
vt 0 0.940625
vt 0.0625 0.9703125
vt 0.09375 0.9703125
vt 0.09375 0.940625
vt 0.0625 0.940625
vt 0.359375 0.9703125
vt 0.390625 0.9703125
vt 0.390625 0.940625
vt 0.359375 0.940625
vt 0.265625 0.9703125
vt 0.296875 0.9703125
vt 0.296875 0.940625
vt 0.265625 0.940625
vt 0.359375 0.734375
vt 0.390625 0.734375
vt 0.390625 0.703125
vt 0.359375 0.703125
vt 0.359375 0.9375
vt 0.390625 0.9375
vt 0.390625 0.90625
vt 0.359375 0.90625
vn 0 0 -1
vn 1 0 0
vn 0 0 1
vn -1 0 0
vn 0 1 0
vn 0 -1 0
usemtl none
f 90/316/85 93/315/85 91/314/85 88/313/85
f 89/320/86 90/319/86 88/318/86 87/317/86
f 94/324/87 89/323/87 87/322/87 92/321/87
f 93/328/88 94/327/88 92/326/88 91/325/88
f 92/332/89 87/331/89 88/330/89 91/329/89
f 93/336/90 90/335/90 89/334/90 94/333/90
o cube
v 0.625 0.13125 1.0875
v 0.625 0.13125 0.9624999999999998
v 0.625 0.012500000000000011 1.0875
v 0.625 0.012500000000000011 0.9624999999999998
v 0.5 0.13125 0.9624999999999998
v 0.5 0.13125 1.0875
v 0.5 0.012500000000000011 0.9624999999999998
v 0.5 0.012500000000000011 1.0875
vt 0 0.9703125
vt 0.03125 0.9703125
vt 0.03125 0.940625
vt 0 0.940625
vt 0.0625 0.9703125
vt 0.09375 0.9703125
vt 0.09375 0.940625
vt 0.0625 0.940625
vt 0.359375 0.9703125
vt 0.390625 0.9703125
vt 0.390625 0.940625
vt 0.359375 0.940625
vt 0.265625 0.9703125
vt 0.296875 0.9703125
vt 0.296875 0.940625
vt 0.265625 0.940625
vt 0.359375 0.734375
vt 0.390625 0.734375
vt 0.390625 0.703125
vt 0.359375 0.703125
vt 0.359375 0.9375
vt 0.390625 0.9375
vt 0.390625 0.90625
vt 0.359375 0.90625
vn 0 0 -1
vn 1 0 0
vn 0 0 1
vn -1 0 0
vn 0 1 0
vn 0 -1 0
usemtl none
f 98/340/91 101/339/91 99/338/91 96/337/91
f 97/344/92 98/343/92 96/342/92 95/341/92
f 102/348/93 97/347/93 95/346/93 100/345/93
f 101/352/94 102/351/94 100/350/94 99/349/94
f 100/356/95 95/355/95 96/354/95 99/353/95
f 101/360/96 98/359/96 97/358/96 102/357/96
o cube
v 0.625 0.13125 -0.09375
v 0.625 0.13125 -0.21875
v 0.625 0.012500000000000011 -0.09375
v 0.625 0.012500000000000011 -0.21875
v 0.5 0.13125 -0.21875
v 0.5 0.13125 -0.09375
v 0.5 0.012500000000000011 -0.21875
v 0.5 0.012500000000000011 -0.09375
vt 0 0.9703125
vt 0.03125 0.9703125
vt 0.03125 0.940625
vt 0 0.940625
vt 0.0625 0.9703125
vt 0.09375 0.9703125
vt 0.09375 0.940625
vt 0.0625 0.940625
vt 0.359375 0.9703125
vt 0.390625 0.9703125
vt 0.390625 0.940625
vt 0.359375 0.940625
vt 0.265625 0.9703125
vt 0.296875 0.9703125
vt 0.296875 0.940625
vt 0.265625 0.940625
vt 0.359375 0.734375
vt 0.390625 0.734375
vt 0.390625 0.703125
vt 0.359375 0.703125
vt 0.359375 0.9375
vt 0.390625 0.9375
vt 0.390625 0.90625
vt 0.359375 0.90625
vn 0 0 -1
vn 1 0 0
vn 0 0 1
vn -1 0 0
vn 0 1 0
vn 0 -1 0
usemtl none
f 106/364/97 109/363/97 107/362/97 104/361/97
f 105/368/98 106/367/98 104/366/98 103/365/98
f 110/372/99 105/371/99 103/370/99 108/369/99
f 109/376/100 110/375/100 108/374/100 107/373/100
f 108/380/101 103/379/101 104/378/101 107/377/101
f 109/384/102 106/383/102 105/382/102 110/381/102
o cube
v 0.63125 0.012499999999999997 -0.08750000000000002
v 0.63125 0.012499999999999997 -0.22499999999999998
v 0.63125 0 -0.08750000000000002
v 0.63125 0 -0.22499999999999998
v 0.49375 0.012499999999999997 -0.22499999999999998
v 0.49375 0.012499999999999997 -0.08750000000000002
v 0.49375 0 -0.22499999999999998
v 0.49375 0 -0.08750000000000002
vt 0 0.940625
vt 0.034375 0.940625
vt 0.034375 0.9375
vt 0 0.9375
vt 0.0609375 0.940625
vt 0.0953125 0.940625
vt 0.0953125 0.9375
vt 0.0609375 0.9375
vt 0.3578125 0.940625
vt 0.3921875 0.940625
vt 0.3921875 0.9375
vt 0.3578125 0.9375
vt 0.2640625 0.940625
vt 0.2984375 0.940625
vt 0.2984375 0.9375
vt 0.2640625 0.9375
vt 0.3578125 0.7359375
vt 0.3921875 0.7359375
vt 0.3921875 0.7015625
vt 0.3578125 0.7015625
vt 0.3578125 0.9390625
vt 0.3921875 0.9390625
vt 0.3921875 0.9046875
vt 0.3578125 0.9046875
vn 0 0 -1
vn 1 0 0
vn 0 0 1
vn -1 0 0
vn 0 1 0
vn 0 -1 0
usemtl none
f 114/388/103 117/387/103 115/386/103 112/385/103
f 113/392/104 114/391/104 112/390/104 111/389/104
f 118/396/105 113/395/105 111/394/105 116/393/105
f 117/400/106 118/399/106 116/398/106 115/397/106
f 116/404/107 111/403/107 112/402/107 115/401/107
f 117/408/108 114/407/108 113/406/108 118/405/108
o cube
v 0.20625000000000004 0.012499999999999997 0.11249999999999999
v 0.20625000000000004 0.012499999999999997 -0.025000000000000022
v 0.20625000000000004 0 0.11249999999999999
v 0.20625000000000004 0 -0.025000000000000022
v 0.06874999999999998 0.012499999999999997 -0.025000000000000022
v 0.06874999999999998 0.012499999999999997 0.11249999999999999
v 0.06874999999999998 0 -0.025000000000000022
v 0.06874999999999998 0 0.11249999999999999
vt 0 0.940625
vt 0.034375 0.940625
vt 0.034375 0.9375
vt 0 0.9375
vt 0.0609375 0.940625
vt 0.0953125 0.940625
vt 0.0953125 0.9375
vt 0.0609375 0.9375
vt 0.3578125 0.940625
vt 0.3921875 0.940625
vt 0.3921875 0.9375
vt 0.3578125 0.9375
vt 0.2640625 0.940625
vt 0.2984375 0.940625
vt 0.2984375 0.9375
vt 0.2640625 0.9375
vt 0.3578125 0.7359375
vt 0.3921875 0.7359375
vt 0.3921875 0.7015625
vt 0.3578125 0.7015625
vt 0.3578125 0.9390625
vt 0.3921875 0.9390625
vt 0.3921875 0.9046875
vt 0.3578125 0.9046875
vn 0 0 -1
vn 1 0 0
vn 0 0 1
vn -1 0 0
vn 0 1 0
vn 0 -1 0
usemtl none
f 122/412/109 125/411/109 123/410/109 120/409/109
f 121/416/110 122/415/110 120/414/110 119/413/110
f 126/420/111 121/419/111 119/418/111 124/417/111
f 125/424/112 126/423/112 124/422/112 123/421/112
f 124/428/113 119/427/113 120/426/113 123/425/113
f 125/432/114 122/431/114 121/430/114 126/429/114
o cube
v 0.03749999999999998 0.012499999999999997 0.50625
v 0.03749999999999998 0.012499999999999997 0.36875
v 0.03749999999999998 0 0.50625
v 0.03749999999999998 0 0.36875
v -0.09999999999999998 0.012499999999999997 0.36875
v -0.09999999999999998 0.012499999999999997 0.50625
v -0.09999999999999998 0 0.36875
v -0.09999999999999998 0 0.50625
vt 0 0.940625
vt 0.034375 0.940625
vt 0.034375 0.9375
vt 0 0.9375
vt 0.0609375 0.940625
vt 0.0953125 0.940625
vt 0.0953125 0.9375
vt 0.0609375 0.9375
vt 0.3578125 0.940625
vt 0.3921875 0.940625
vt 0.3921875 0.9375
vt 0.3578125 0.9375
vt 0.2640625 0.940625
vt 0.2984375 0.940625
vt 0.2984375 0.9375
vt 0.2640625 0.9375
vt 0.3578125 0.7359375
vt 0.3921875 0.7359375
vt 0.3921875 0.7015625
vt 0.3578125 0.7015625
vt 0.3578125 0.9390625
vt 0.3921875 0.9390625
vt 0.3921875 0.9046875
vt 0.3578125 0.9046875
vn 0 0 -1
vn 1 0 0
vn 0 0 1
vn -1 0 0
vn 0 1 0
vn 0 -1 0
usemtl none
f 130/436/115 133/435/115 131/434/115 128/433/115
f 129/440/116 130/439/116 128/438/116 127/437/116
f 134/444/117 129/443/117 127/442/117 132/441/117
f 133/448/118 134/447/118 132/446/118 131/445/118
f 132/452/119 127/451/119 128/450/119 131/449/119
f 133/456/120 130/455/120 129/454/120 134/453/120
o cube
v 0.20625000000000004 0.012499999999999997 0.9500000000000001
v 0.20625000000000004 0.012499999999999997 0.8125000000000001
v 0.20625000000000004 0 0.9500000000000001
v 0.20625000000000004 0 0.8125000000000001
v 0.06874999999999998 0.012499999999999997 0.8125000000000001
v 0.06874999999999998 0.012499999999999997 0.9500000000000001
v 0.06874999999999998 0 0.8125000000000001
v 0.06874999999999998 0 0.9500000000000001
vt 0 0.940625
vt 0.034375 0.940625
vt 0.034375 0.9375
vt 0 0.9375
vt 0.0609375 0.940625
vt 0.0953125 0.940625
vt 0.0953125 0.9375
vt 0.0609375 0.9375
vt 0.3578125 0.940625
vt 0.3921875 0.940625
vt 0.3921875 0.9375
vt 0.3578125 0.9375
vt 0.2640625 0.940625
vt 0.2984375 0.940625
vt 0.2984375 0.9375
vt 0.2640625 0.9375
vt 0.3578125 0.7359375
vt 0.3921875 0.7359375
vt 0.3921875 0.7015625
vt 0.3578125 0.7015625
vt 0.3578125 0.9390625
vt 0.3921875 0.9390625
vt 0.3921875 0.9046875
vt 0.3578125 0.9046875
vn 0 0 -1
vn 1 0 0
vn 0 0 1
vn -1 0 0
vn 0 1 0
vn 0 -1 0
usemtl none
f 138/460/121 141/459/121 139/458/121 136/457/121
f 137/464/122 138/463/122 136/462/122 135/461/122
f 142/468/123 137/467/123 135/466/123 140/465/123
f 141/472/124 142/471/124 140/470/124 139/469/124
f 140/476/125 135/475/125 136/474/125 139/473/125
f 141/480/126 138/479/126 137/478/126 142/477/126
o cube
v 0.63125 0.012499999999999997 1.09375
v 0.63125 0.012499999999999997 0.9562499999999998
v 0.63125 0 1.09375
v 0.63125 0 0.9562499999999998
v 0.49375 0.012499999999999997 0.9562499999999998
v 0.49375 0.012499999999999997 1.09375
v 0.49375 0 0.9562499999999998
v 0.49375 0 1.09375
vt 0 0.940625
vt 0.034375 0.940625
vt 0.034375 0.9375
vt 0 0.9375
vt 0.0609375 0.940625
vt 0.0953125 0.940625
vt 0.0953125 0.9375
vt 0.0609375 0.9375
vt 0.3578125 0.940625
vt 0.3921875 0.940625
vt 0.3921875 0.9375
vt 0.3578125 0.9375
vt 0.2640625 0.940625
vt 0.2984375 0.940625
vt 0.2984375 0.9375
vt 0.2640625 0.9375
vt 0.3578125 0.7359375
vt 0.3921875 0.7359375
vt 0.3921875 0.7015625
vt 0.3578125 0.7015625
vt 0.3578125 0.9390625
vt 0.3921875 0.9390625
vt 0.3921875 0.9046875
vt 0.3578125 0.9046875
vn 0 0 -1
vn 1 0 0
vn 0 0 1
vn -1 0 0
vn 0 1 0
vn 0 -1 0
usemtl none
f 146/484/127 149/483/127 147/482/127 144/481/127
f 145/488/128 146/487/128 144/486/128 143/485/128
f 150/492/129 145/491/129 143/490/129 148/489/129
f 149/496/130 150/495/130 148/494/130 147/493/130
f 148/500/131 143/499/131 144/498/131 147/497/131
f 149/504/132 146/503/132 145/502/132 150/501/132
o cube
v 1.00625 0.012499999999999997 0.9625000000000001
v 1.00625 0.012499999999999997 0.825
v 1.00625 0 0.9625000000000001
v 1.00625 0 0.825
v 0.8687499999999999 0.012499999999999997 0.825
v 0.8687499999999999 0.012499999999999997 0.9625000000000001
v 0.8687499999999999 0 0.825
v 0.8687499999999999 0 0.9625000000000001
vt 0 0.940625
vt 0.034375 0.940625
vt 0.034375 0.9375
vt 0 0.9375
vt 0.0609375 0.940625
vt 0.0953125 0.940625
vt 0.0953125 0.9375
vt 0.0609375 0.9375
vt 0.3578125 0.940625
vt 0.3921875 0.940625
vt 0.3921875 0.9375
vt 0.3578125 0.9375
vt 0.2640625 0.940625
vt 0.2984375 0.940625
vt 0.2984375 0.9375
vt 0.2640625 0.9375
vt 0.3578125 0.7359375
vt 0.3921875 0.7359375
vt 0.3921875 0.7015625
vt 0.3578125 0.7015625
vt 0.3578125 0.9390625
vt 0.3921875 0.9390625
vt 0.3921875 0.9046875
vt 0.3578125 0.9046875
vn 0 0 -1
vn 1 0 0
vn 0 0 1
vn -1 0 0
vn 0 1 0
vn 0 -1 0
usemtl none
f 154/508/133 157/507/133 155/506/133 152/505/133
f 153/512/134 154/511/134 152/510/134 151/509/134
f 158/516/135 153/515/135 151/514/135 156/513/135
f 157/520/136 158/519/136 156/518/136 155/517/136
f 156/524/137 151/523/137 152/522/137 155/521/137
f 157/528/138 154/527/138 153/526/138 158/525/138
o cube
v 1.225 0.012499999999999997 0.50625
v 1.225 0.012499999999999997 0.36875
v 1.225 0 0.50625
v 1.225 0 0.36875
v 1.0875 0.012499999999999997 0.36875
v 1.0875 0.012499999999999997 0.50625
v 1.0875 0 0.36875
v 1.0875 0 0.50625
vt 0 0.940625
vt 0.034375 0.940625
vt 0.034375 0.9375
vt 0 0.9375
vt 0.0609375 0.940625
vt 0.0953125 0.940625
vt 0.0953125 0.9375
vt 0.0609375 0.9375
vt 0.3578125 0.940625
vt 0.3921875 0.940625
vt 0.3921875 0.9375
vt 0.3578125 0.9375
vt 0.2640625 0.940625
vt 0.2984375 0.940625
vt 0.2984375 0.9375
vt 0.2640625 0.9375
vt 0.3578125 0.7359375
vt 0.3921875 0.7359375
vt 0.3921875 0.7015625
vt 0.3578125 0.7015625
vt 0.3578125 0.9390625
vt 0.3921875 0.9390625
vt 0.3921875 0.9046875
vt 0.3578125 0.9046875
vn 0 0 -1
vn 1 0 0
vn 0 0 1
vn -1 0 0
vn 0 1 0
vn 0 -1 0
usemtl none
f 162/532/139 165/531/139 163/530/139 160/529/139
f 161/536/140 162/535/140 160/534/140 159/533/140
f 166/540/141 161/539/141 159/538/141 164/537/141
f 165/544/142 166/543/142 164/542/142 163/541/142
f 164/548/143 159/547/143 160/546/143 163/545/143
f 165/552/144 162/551/144 161/550/144 166/549/144
o cube
v 1.00625 0.012499999999999997 0.04999999999999999
v 1.00625 0.012499999999999997 -0.08749999999999997
v 1.00625 0 0.04999999999999999
v 1.00625 0 -0.08749999999999997
v 0.8687499999999999 0.012499999999999997 -0.08749999999999997
v 0.8687499999999999 0.012499999999999997 0.04999999999999999
v 0.8687499999999999 0 -0.08749999999999997
v 0.8687499999999999 0 0.04999999999999999
vt 0 0.940625
vt 0.034375 0.940625
vt 0.034375 0.9375
vt 0 0.9375
vt 0.0609375 0.940625
vt 0.0953125 0.940625
vt 0.0953125 0.9375
vt 0.0609375 0.9375
vt 0.3578125 0.940625
vt 0.3921875 0.940625
vt 0.3921875 0.9375
vt 0.3578125 0.9375
vt 0.2640625 0.940625
vt 0.2984375 0.940625
vt 0.2984375 0.9375
vt 0.2640625 0.9375
vt 0.3578125 0.7359375
vt 0.3921875 0.7359375
vt 0.3921875 0.7015625
vt 0.3578125 0.7015625
vt 0.3578125 0.9390625
vt 0.3921875 0.9390625
vt 0.3921875 0.9046875
vt 0.3578125 0.9046875
vn 0 0 -1
vn 1 0 0
vn 0 0 1
vn -1 0 0
vn 0 1 0
vn 0 -1 0
usemtl none
f 170/556/145 173/555/145 171/554/145 168/553/145
f 169/560/146 170/559/146 168/558/146 167/557/146
f 174/564/147 169/563/147 167/562/147 172/561/147
f 173/568/148 174/567/148 172/566/148 171/565/148
f 172/572/149 167/571/149 168/570/149 171/569/149
f 173/576/150 170/575/150 169/574/150 174/573/150
o beveled_cuboid
v -0.6921875 1.5744793750000001 -1.6124999999999996
v -0.6921875 1.4911456250000001 -1.6124999999999996
v -0.7796874999999999 1.5744793750000001 -1.6124999999999996
v -0.7796874999999999 1.4911456250000001 -1.6124999999999996
v -0.6921875 1.574479375 -0.5125
v -0.6921875 1.491145625 -0.5125
v -0.7796874999999999 1.574479375 -0.5125
v -0.7796874999999999 1.491145625 -0.5125
v -0.8609374999999999 1.574479375 -0.6
v -0.8609374999999999 1.5744793750000001 -1.52467125
v -0.8609374999999999 1.491145625 -0.6
v -0.8609374999999999 1.492708125 -1.52467125
v -0.6109374999999999 1.574479375 -0.6
v -0.6109374999999999 1.5744793750000001 -1.52467125
v -0.6109374999999999 1.491145625 -0.6
v -0.6109374999999999 1.492708125 -1.52467125
v -0.6921875 1.4078125 -0.6
v -0.6921875 1.4078125000000001 -1.4871712499999998
v -0.7796874999999999 1.4078125 -0.6
v -0.7796874999999999 1.4078125000000001 -1.4871712499999998
v -0.6921875 1.6578125 -0.6
v -0.6921875 1.6578125000000001 -1.52467125
v -0.7796874999999999 1.6578125 -0.6
v -0.7796874999999999 1.6578125000000001 -1.52467125
vt 0.015625 1
vt 0 1
vt 0 0.96875
vt 0.015625 0.96875
vt 0.015625 0.96875
vt 0.015625 1
vt 0 1
vt 0 0.96875
vt 0.015625 0.984375
vt 0.015625 1
vt 0 1
vt 0 0.984375
vt 0 0.984375
vt 0.015625 0.984375
vt 0.015625 1
vt 0 1
vt 0.015625 0.96875
vt 0.015625 1
vt 0 1
vt 0 0.96875
vt 0.015625 1
vt 0 1
vt 0 0.96875
vt 0.015625 0.96875
vt 0.015625 1
vt 0 1
vt 0 0.977903125
vt 0.015625 0.977903125
vt 0.015625 0.977903125
vt 0.015625 1
vt 0 1
vt 0 0.977903125
vt 0.015625 0.977903125
vt 0.015625 1
vt 0 1
vt 0 0.977903125
vt 0.015625 1
vt 0 1
vt 0 0.977903125
vt 0.015625 0.977903125
vt 0 1
vt 0 0.977903125
vt 0.015625 0.977903125
vt 0.015625 1
vt 0 0.977903125
vt 0.015625 0.977903125
vt 0.015625 1
vt 0 1
vt 0 0.977903125
vt 0.015625 0.977903125
vt 0.015625 1
vt 0 1
vt 0 1
vt 0 0.977903125
vt 0.015625 0.977903125
vt 0.015625 1
vt 0 0.96875
vt 0.022096875 0.96875
vt 0.022096875 1
vt 0 1
vt 0 1
vt 0 0.96875
vt 0.022096875 0.96875
vt 0.022096875 1
vt 0 1
vt 0 0.96875
vt 0.022096875 0.96875
vt 0.022096875 1
vt 0 0.96875
vt 0.022096875 0.96875
vt 0.022096875 1
vt 0 1
vt 0.0110484375 0.9808625
vt 0.022096875 1
vt 0 1
vt 0.0110484375 0.9808625
vt 0.022096875 1
vt 0 1
vt 0.0110484375 0.9808625
vt 0.022096875 1
vt 0 1
vt 0.0110484375 0.9808625
vt 0.022096875 1
vt 0 1
vt 0.0110484375 1
vt 0 0.9808640625
vt 0.022096875 0.9808640625
vt 0.0110484375 1
vt 0 0.9808640625
vt 0.022096875 0.9808640625
vt 0.0110484375 1
vt 0 0.9808640625
vt 0.022096875 0.9808640625
vt 0.0110484375 1
vt 0 0.9808640625
vt 0.022096875 0.9808640625
vn 1 0 0
vn -1 0 0
vn 0 2.220446049250313e-16 -1
vn 0 -2.220446049250313e-16 1
vn 0 1 2.220446049250313e-16
vn 0 -1 -2.220446049250313e-16
vn 0.7340644157756802 1.5078601550429512e-16 -0.6790798432378253
vn -0.7340644157756802 1.5078601550429512e-16 -0.6790798432378253
vn 0 0.7254289998293545 -0.6882970043568274
vn 0 -0.8327224182846906 -0.5536906844855681
vn 0.7327934916262994 -1.5109049552981041e-16 0.6804510993672778
vn -0.7327934916262994 -1.5109049552981041e-16 0.6804510993672778
vn 0 0.7241387920788555 0.6896542683160717
vn 0 -0.7241387920788557 0.6896542683160715
vn 0.7159992672727917 -0.6981010308435489 -1.5500956759141291e-16
vn 0.7159992672727916 0.6981010308435489 1.5500956759141291e-16
vn -0.7159992672727917 -0.6981010308435489 -1.5500956759141291e-16
vn -0.7159992672727916 0.6981010308435489 1.5500956759141291e-16
vn 0.5962450826330873 0.5813404089182822 0.5536561481592953
vn -0.5962450826330873 0.5813404089182822 0.5536561481592953
vn 0.5962450826330873 -0.5813404089182824 0.5536561481592951
vn -0.5962450826330873 -0.5813404089182824 0.5536561481592951
vn 0.5969291004327727 0.5820073279402733 -0.552216551074254
vn -0.5969291004327727 0.5820073279402733 -0.552216551074254
vn 0.5235732161548773 -0.7094634162043847 -0.4717337685526043
vn -0.5235732161548773 -0.7094634162043847 -0.4717337685526043
usemtl none
f 190/577/151 188/578/151 187/579/151 189/580/151
f 183/581/152 184/582/152 186/583/152 185/584/152
f 175/585/153 176/586/153 178/587/153 177/588/153
f 182/589/154 180/590/154 179/591/154 181/592/154
f 195/593/155 196/594/155 198/595/155 197/596/155
f 194/597/156 192/598/156 191/599/156 193/600/156
f 176/601/157 175/602/157 188/603/157 190/604/157
f 184/605/158 177/606/158 178/607/158 186/608/158
f 196/609/159 175/610/159 177/611/159 198/612/159
f 178/613/160 176/614/160 192/615/160 194/616/160
f 187/617/161 179/618/161 180/619/161 189/620/161
f 182/621/162 181/622/162 183/623/162 185/624/162
f 181/625/163 179/626/163 195/627/163 197/628/163
f 191/629/164 180/630/164 182/631/164 193/632/164
f 189/633/165 191/634/165 192/635/165 190/636/165
f 196/637/166 195/638/166 187/639/166 188/640/166
f 194/641/167 193/642/167 185/643/167 186/644/167
f 183/645/168 197/646/168 198/647/168 184/648/168
f 179/649/169 187/650/169 195/651/169
f 181/652/170 197/653/170 183/654/170
f 180/655/171 191/656/171 189/657/171
f 182/658/172 185/659/172 193/660/172
f 175/661/173 196/662/173 188/663/173
f 177/664/174 184/665/174 198/666/174
f 176/667/175 190/668/175 192/669/175
f 178/670/176 194/671/176 186/672/176
o beveled_cuboid
v 0.60625 0.5416668750000001 -0.70625
v 0.60625 0.4583331250000001 -0.70625
v 0.51875 0.5416668750000001 -0.70625
v 0.51875 0.4583331250000001 -0.70625
v 0.60625 0.541666875 -0.29374999999999996
v 0.60625 0.458333125 -0.29375
v 0.51875 0.541666875 -0.29374999999999996
v 0.51875 0.458333125 -0.29375
v 0.43125 0.541666875 -0.296536875
v 0.43125 0.5416668750000001 -0.6990618749999999
v 0.43125 0.458333125 -0.296536875
v 0.43125 0.4583331250000001 -0.6990618749999999
v 0.69375 0.541666875 -0.296536875
v 0.69375 0.5416668750000001 -0.6990618749999999
v 0.69375 0.458333125 -0.296536875
v 0.69375 0.4583331250000001 -0.6990618749999999
v 0.60625 0.375 -0.29653687500000003
v 0.60625 0.3750000000000001 -0.6990618749999999
v 0.51875 0.375 -0.29653687500000003
v 0.51875 0.3750000000000001 -0.6990618749999999
v 0.60625 0.625 -0.296536875
v 0.60625 0.6250000000000001 -0.6990618749999999
v 0.51875 0.625 -0.296536875
v 0.51875 0.6250000000000001 -0.6990618749999999
vt 0.015625 0.984375
vt 0.015625 1
vt 0 1
vt 0 0.984375
vt 0 0.984375
vt 0.015625 0.984375
vt 0.015625 1
vt 0 1
vt 0.015625 1
vt 0 1
vt 0 0.977903125
vt 0.015625 0.977903125
vt 0.015625 0.977903125
vt 0.015625 1
vt 0 1
vt 0 0.977903125
vt 0.015625 0.977903125
vt 0.015625 1
vt 0 1
vt 0 0.977903125
vt 0.015625 1
vt 0 1
vt 0 0.977903125
vt 0.015625 0.977903125
vt 0 1
vt 0 0.977903125
vt 0.015625 0.977903125
vt 0.015625 1
vt 0 0.977903125
vt 0.015625 0.977903125
vt 0.015625 1
vt 0 1
vt 0 0.977903125
vt 0.015625 0.977903125
vt 0.015625 1
vt 0 1
vt 0 1
vt 0 0.977903125
vt 0.015625 0.977903125
vt 0.015625 1
vt 0.0110484375 0.9808625
vt 0.022096875 1
vt 0 1
vt 0.0110484375 0.9808625
vt 0.022096875 1
vt 0 1
vt 0.0110484375 0.9808625
vt 0.022096875 1
vt 0 1
vt 0.0110484375 0.9808625
vt 0.022096875 1
vt 0 1
vt 0.0110484375 1
vt 0 0.9808640625
vt 0.022096875 0.9808640625
vt 0.0110484375 1
vt 0 0.9808640625
vt 0.022096875 0.9808640625
vt 0.0110484375 1
vt 0 0.9808640625
vt 0.022096875 0.9808640625
vt 0.0110484375 1
vt 0 0.9808640625
vt 0.022096875 0.9808640625
vt 0.015625 1
vt 0 1
vt 0 0.96875
vt 0.015625 0.96875
vt 0.015625 0.96875
vt 0.015625 1
vt 0 1
vt 0 0.96875
vt 0.015625 0.96875
vt 0.015625 1
vt 0 1
vt 0 0.96875
vt 0.015625 1
vt 0 1
vt 0 0.96875
vt 0.015625 0.96875
vt 0 0.96875
vt 0.022096875 0.96875
vt 0.022096875 1
vt 0 1
vt 0 1
vt 0 0.96875
vt 0.022096875 0.96875
vt 0.022096875 1
vt 0 1
vt 0 0.96875
vt 0.022096875 0.96875
vt 0.022096875 1
vt 0 0.96875
vt 0.022096875 0.96875
vt 0.022096875 1
vt 0 1
vn 0 2.220446049250313e-16 -1
vn 0 -2.220446049250313e-16 1
vn 0.08187419552359583 2.2129912840647146e-16 -0.9966426722288004
vn -0.08187419552359583 2.2129912840647146e-16 -0.9966426722288004
vn 0 0.08593859963202205 -0.9963004351566284
vn 0 -0.0859385996320216 -0.9963004351566284
vn 0.03183385760205857 -2.219320670169168e-16 0.9994931743189505
vn -0.03183385760205857 -2.219320670169168e-16 0.9994931743189505
vn 0 0.03342389807876897 0.9994412654264482
vn 0 -0.033423898078769415 0.9994412654264482
vn 0.031816088935038477 0.03340697689923243 0.9989352883842536
vn -0.031816088935038477 0.03340697689923243 0.9989352883842536
vn 0.031816088935038477 -0.033406976899232874 0.9989352883842536
vn -0.031816088935038477 -0.033406976899232874 0.9989352883842536
vn 0.08157331589704693 0.08565219582238905 -0.9929801083024594
vn -0.08157331589704693 0.08565219582238905 -0.9929801083024594
vn 0.08157331589704693 -0.0856521958223886 -0.9929801083024594
vn -0.08157331589704693 -0.0856521958223886 -0.9929801083024594
vn 1 0 0
vn -1 0 0
vn 0 1 2.220446049250313e-16
vn 0 -1 -2.220446049250313e-16
vn 0.6896542683160717 -0.7241387920788555 -1.6079111199803885e-16
vn 0.6896542683160717 0.7241387920788555 1.6079111199803885e-16
vn -0.6896542683160717 -0.7241387920788555 -1.6079111199803885e-16
vn -0.6896542683160717 0.7241387920788555 1.6079111199803885e-16
usemtl none
f 199/673/177 200/674/177 202/675/177 201/676/177
f 206/677/178 204/678/178 203/679/178 205/680/178
f 200/681/179 199/682/179 212/683/179 214/684/179
f 208/685/180 201/686/180 202/687/180 210/688/180
f 220/689/181 199/690/181 201/691/181 222/692/181
f 202/693/182 200/694/182 216/695/182 218/696/182
f 211/697/183 203/698/183 204/699/183 213/700/183
f 206/701/184 205/702/184 207/703/184 209/704/184
f 205/705/185 203/706/185 219/707/185 221/708/185
f 215/709/186 204/710/186 206/711/186 217/712/186
f 203/713/187 211/714/187 219/715/187
f 205/716/188 221/717/188 207/718/188
f 204/719/189 215/720/189 213/721/189
f 206/722/190 209/723/190 217/724/190
f 199/725/191 220/726/191 212/727/191
f 201/728/192 208/729/192 222/730/192
f 200/731/193 214/732/193 216/733/193
f 202/734/194 218/735/194 210/736/194
f 214/737/195 212/738/195 211/739/195 213/740/195
f 207/741/196 208/742/196 210/743/196 209/744/196
f 219/745/197 220/746/197 222/747/197 221/748/197
f 218/749/198 216/750/198 215/751/198 217/752/198
f 213/753/199 215/754/199 216/755/199 214/756/199
f 220/757/200 219/758/200 211/759/200 212/760/200
f 218/761/201 217/762/201 209/763/201 210/764/201
f 207/765/202 221/766/202 222/767/202 208/768/202
o beveled_cuboid
v 0.610416875 0.545833125 -0.29999999999999993
v 0.610416875 0.454166875 -0.29999999999999993
v 0.514583125 0.545833125 -0.29999999999999993
v 0.514583125 0.454166875 -0.29999999999999993
v 0.610416875 0.545833125 -0.24999999999999994
v 0.610416875 0.454166875 -0.24999999999999994
v 0.514583125 0.545833125 -0.24999999999999994
v 0.514583125 0.454166875 -0.24999999999999994
v 0.41875 0.545833125 -0.25033812499999997
v 0.41875 0.545833125 -0.29912874999999994
v 0.41875 0.454166875 -0.25033812499999997
v 0.41875 0.454166875 -0.29912874999999994
v 0.70625 0.545833125 -0.25033812499999997
v 0.70625 0.545833125 -0.29912874999999994
v 0.70625 0.454166875 -0.25033812499999997
v 0.70625 0.454166875 -0.29912874999999994
v 0.610416875 0.36250000000000004 -0.25033812499999997
v 0.610416875 0.36250000000000004 -0.29912874999999994
v 0.514583125 0.36250000000000004 -0.25033812499999997
v 0.514583125 0.36250000000000004 -0.29912874999999994
v 0.610416875 0.6375000000000001 -0.25033812499999997
v 0.610416875 0.6375000000000001 -0.29912874999999994
v 0.514583125 0.6375000000000001 -0.25033812499999997
v 0.514583125 0.6375000000000001 -0.29912874999999994
vt 0.015625 0.984375
vt 0.015625 1
vt 0 1
vt 0 0.984375
vt 0 0.984375
vt 0.015625 0.984375
vt 0.015625 1
vt 0 1
vt 0.015625 1
vt 0 1
vt 0 0.977903125
vt 0.015625 0.977903125
vt 0.015625 0.977903125
vt 0.015625 1
vt 0 1
vt 0 0.977903125
vt 0.015625 0.977903125
vt 0.015625 1
vt 0 1
vt 0 0.977903125
vt 0.015625 1
vt 0 1
vt 0 0.977903125
vt 0.015625 0.977903125
vt 0 1
vt 0 0.977903125
vt 0.015625 0.977903125
vt 0.015625 1
vt 0 0.977903125
vt 0.015625 0.977903125
vt 0.015625 1
vt 0 1
vt 0 0.977903125
vt 0.015625 0.977903125
vt 0.015625 1
vt 0 1
vt 0 1
vt 0 0.977903125
vt 0.015625 0.977903125
vt 0.015625 1
vt 0.0110484375 0.9808625
vt 0.022096875 1
vt 0 1
vt 0.0110484375 0.9808625
vt 0.022096875 1
vt 0 1
vt 0.0110484375 0.9808625
vt 0.022096875 1
vt 0 1
vt 0.0110484375 0.9808625
vt 0.022096875 1
vt 0 1
vt 0.0110484375 1
vt 0 0.9808640625
vt 0.022096875 0.9808640625
vt 0.0110484375 1
vt 0 0.9808640625
vt 0.022096875 0.9808640625
vt 0.0110484375 1
vt 0 0.9808640625
vt 0.022096875 0.9808640625
vt 0.0110484375 1
vt 0 0.9808640625
vt 0.022096875 0.9808640625
vt 0.015625 1
vt 0 1
vt 0 0.96875
vt 0.015625 0.96875
vt 0.015625 0.96875
vt 0.015625 1
vt 0 1
vt 0 0.96875
vt 0.015625 0.96875
vt 0.015625 1
vt 0 1
vt 0 0.96875
vt 0.015625 1
vt 0 1
vt 0 0.96875
vt 0.015625 0.96875
vt 0 0.96875
vt 0.022096875 0.96875
vt 0.022096875 1
vt 0 1
vt 0 1
vt 0 0.96875
vt 0.022096875 0.96875
vt 0.022096875 1
vt 0 1
vt 0 0.96875
vt 0.022096875 0.96875
vt 0.022096875 1
vt 0 0.96875
vt 0.022096875 0.96875
vt 0.022096875 1
vt 0 1
vn 0 2.220446049250313e-16 -1
vn 0 -2.220446049250313e-16 1
vn 0.00909094842601096 2.2203542925914667e-16 -0.9999586764745411
vn -0.00909094842601096 2.2203542925914667e-16 -0.9999586764745411
vn 0 0.009504094582230721 -0.9999548350731509
vn 0 -0.009504094582230277 -0.9999548350731509
vn 0.0035282465787784484 -2.2204322285694222e-16 0.999993775718669
vn -0.0035282465787784484 -2.2204322285694222e-16 0.999993775718669
vn 0 0.003688602886954458 0.9999931970812314
vn 0 -0.003688602886954902 0.9999931970812314
vn 0.003528222576702368 0.0036885799283647414 0.9999869729269284
vn -0.003528222576702368 0.0036885799283647414 0.9999869729269284
vn 0.003528222576702368 -0.0036885799283651855 0.9999869729269284
vn -0.003528222576702368 -0.0036885799283651855 0.9999869729269284
vn 0.00909053786792153 0.009503701875009677 -0.9999135171463296
vn -0.00909053786792153 0.009503701875009677 -0.9999135171463296
vn 0.00909053786792153 -0.009503701875009233 -0.9999135171463296
vn -0.00909053786792153 -0.009503701875009233 -0.9999135171463296
vn 1 0 0
vn -1 0 0
vn 0 1 2.220446049250313e-16
vn 0 -1 -2.220446049250313e-16
vn 0.6912242510439012 -0.7226403218536853 -1.6045838476889902e-16
vn 0.6912242510439012 0.7226403218536853 1.6045838476889902e-16
vn -0.6912242510439012 -0.7226403218536853 -1.6045838476889902e-16
vn -0.6912242510439012 0.7226403218536853 1.6045838476889902e-16
usemtl none
f 223/769/203 224/770/203 226/771/203 225/772/203
f 230/773/204 228/774/204 227/775/204 229/776/204
f 224/777/205 223/778/205 236/779/205 238/780/205
f 232/781/206 225/782/206 226/783/206 234/784/206
f 244/785/207 223/786/207 225/787/207 246/788/207
f 226/789/208 224/790/208 240/791/208 242/792/208
f 235/793/209 227/794/209 228/795/209 237/796/209
f 230/797/210 229/798/210 231/799/210 233/800/210
f 229/801/211 227/802/211 243/803/211 245/804/211
f 239/805/212 228/806/212 230/807/212 241/808/212
f 227/809/213 235/810/213 243/811/213
f 229/812/214 245/813/214 231/814/214
f 228/815/215 239/816/215 237/817/215
f 230/818/216 233/819/216 241/820/216
f 223/821/217 244/822/217 236/823/217
f 225/824/218 232/825/218 246/826/218
f 224/827/219 238/828/219 240/829/219
f 226/830/220 242/831/220 234/832/220
f 238/833/221 236/834/221 235/835/221 237/836/221
f 231/837/222 232/838/222 234/839/222 233/840/222
f 243/841/223 244/842/223 246/843/223 245/844/223
f 242/845/224 240/846/224 239/847/224 241/848/224
f 237/849/225 239/850/225 240/851/225 238/852/225
f 244/853/226 243/854/226 235/855/226 236/856/226
f 242/857/227 241/858/227 233/859/227 234/860/227
f 231/861/228 245/862/228 246/863/228 232/864/228
o cylinder
v 0.5625 0.13124999999999998 0.4375
v 0.5625 0.19374999999999998 0.4375
v 0.75341375 0.13124999999999998 1.125
v 0.75341375 0.18770187499999996 1.125
v 1.08408625 0.13124999999999998 0.940785
v 1.08408625 0.18770187499999996 0.940785
v 1.275 0.13124999999999998 0.621715
v 1.275 0.18770187499999996 0.621715
v 1.275 0.13124999999999998 0.253285
v 1.275 0.18770187499999996 0.253285
v 1.08408625 0.13124999999999998 -0.06578499999999998
v 1.08408625 0.18770187499999996 -0.06578499999999998
v 0.75341375 0.13124999999999998 -0.25
v 0.75341375 0.18770187499999996 -0.25
v 0.37158625 0.13124999999999998 -0.25
v 0.37158625 0.18770187499999996 -0.25
v 0.04091374999999997 0.13124999999999998 -0.06578499999999998
v 0.04091374999999997 0.18770187499999996 -0.06578499999999998
v -0.15000000000000002 0.13124999999999998 0.253285
v -0.15000000000000002 0.18770187499999996 0.253285
v -0.15000000000000002 0.13124999999999998 0.621715
v -0.15000000000000002 0.18770187499999996 0.621715
v 0.04091374999999997 0.13124999999999998 0.940785
v 0.04091374999999997 0.18770187499999996 0.940785
v 0.37158625 0.13124999999999998 1.125
v 0.37158625 0.18770187499999996 1.125
v 0.730139375 0.18944687499999996 1.041185625
v 1.017345 0.18948374999999995 0.876385
v 1.190210625 0.18942937499999996 0.599793125
v 1.190784375 0.18942437499999998 0.27505875
v 1.0274725 0.18936624999999996 -0.011158125000000019
v 0.7341625 0.18931937499999996 -0.180673125
v 0.389135625 0.189265625 -0.18680375000000005
v 0.08890749999999997 0.18926624999999997 -0.01947500000000002
v -0.06688499999999997 0.189415 0.274774375
v -0.06499437500000005 0.18943125 0.5997368750000001
v 0.10342374999999998 0.189434375 0.8804681249999999
v 0.3942825 0.18942874999999998 1.043269375
vt 0.129409375 0.9352953125
vt 0.11207203125 1
vt 0 0.9352953125
vt 0 0.875
vt 0.0669875 0.875
vt 0.0669875 1
vt 0 1
vt 0.12940953125 0.93529546875
vt 0.112071875 1
vt 0 0.93529546875
vt 0 0.875
vt 0.0669875 0.875
vt 0.0669875 1
vt 0 1
vt 0.125 0.9330125
vt 0.125 1
vt 0 0.96650625
vt 0 0.875
vt 0.0669875 0.875
vt 0.0669875 1
vt 0 1
vt 0 0.870590625
vt 0.0647046875 0.88792796875
vt 0 1
vt 0 0.875
vt 0.0669875 0.875
vt 0.0669875 1
vt 0 1
vt 0 0.87059046875
vt 0.06470453125 0.887928125
vt 0 1
vt 0 0.875
vt 0.0669875 0.875
vt 0.0669875 1
vt 0 1
vt 0 0.875
vt 0.0669875 0.875
vt 0.03349375 1
vt 0 0.875
vt 0.0669875 0.875
vt 0.0669875 1
vt 0 1
vt 0 1
vt 0.01733734375 0.9352953125
vt 0.129409375 1
vt 0 0.875
vt 0.0669875 0.875
vt 0.0669875 1
vt 0 1
vt 0 1
vt 0.01733765625 0.93529546875
vt 0.12940953125 1
vt 0 0.875
vt 0.0669875 0.875
vt 0.0669875 1
vt 0 1
vt 0 1
vt 0 0.9330125
vt 0.125 0.96650625
vt 0 0.875
vt 0.0669875 0.875
vt 0.0669875 1
vt 0 1
vt 0.0647046875 1
vt 0 0.98266265625
vt 0.0647046875 0.870590625
vt 0 0.875
vt 0.0669875 0.875
vt 0.0669875 1
vt 0 1
vt 0.06470453125 1
vt 0 0.98266234375
vt 0.06470453125 0.87059046875
vt 0 0.875
vt 0.0669875 0.875
vt 0.0669875 1
vt 0 1
vt 0.0669875 1
vt 0 1
vt 0.03349375 0.875
vt 0 0.875
vt 0.0669875 0.875
vt 0.0669875 1
vt 0 1
vt 0 0.88636703125
vt 0 0.87059046875
vt 0.06470453125 0.887928125
vt 0.05642515625 0.90226875
vt 0.05642515625 0.90226875
vt 0 1
vt 0 0.88636703125
vt 0 0.870590625
vt 0.0647046875 0.88792796875
vt 0.0570046875 0.90126484375
vt 0 0.8871496875
vt 0.0570046875 0.90126484375
vt 0 1
vt 0 0.8871496875
vt 0.125 0.9330125
vt 0.125 1
vt 0.1102253125 0.99604109375
vt 0.1101246875 0.93699828125
vt 0.1102253125 0.99604109375
vt 0 0.96650625
vt 0.1101246875 0.93699828125
vt 0.12940953125 0.93529546875
vt 0.112071875 1
vt 0.0999075 0.992976875
vt 0.11411375 0.93529546875
vt 0.0999075 0.992976875
vt 0 0.93529546875
vt 0.11411375 0.93529546875
vt 0.129409375 0.9352953125
vt 0.11207203125 1
vt 0.10077078125 0.9934753125
vt 0.115363125 0.9352953125
vt 0.10077078125 0.9934753125
vt 0 0.9352953125
vt 0.115363125 0.9352953125
vt 0.0669875 1
vt 0 1
vt 0.00307875 0.98850984375
vt 0.06361 0.98739515625
vt 0.00307875 0.98850984375
vt 0.03349375 0.875
vt 0.06361 0.98739515625
vt 0.06470453125 0.988104375
vt 0.06470453125 1
vt 0 0.98266234375
vt 0.00595375 0.97235
vt 0.00595375 0.97235
vt 0.06470453125 0.87059046875
vt 0.06470453125 0.988104375
vt 0.0647046875 0.98809234375
vt 0.0647046875 1
vt 0 0.98266265625
vt 0.00754796875 0.9695890625
vt 0.00754796875 0.9695890625
vt 0.0647046875 0.870590625
vt 0.0647046875 0.98809234375
vt 0.0145815625 0.9960928125
vt 0 1
vt 0 0.9330125
vt 0.01491328125 0.93700859375
vt 0.01491328125 0.93700859375
vt 0.125 0.96650625
vt 0.0145815625 0.9960928125
vt 0.015439375 1
vt 0 1
vt 0.01733765625 0.93529546875
vt 0.0307690625 0.9430499999999999
vt 0.0307690625 0.9430499999999999
vt 0.12940953125 1
vt 0.015439375 1
vt 0 1
vt 0.01733734375 0.9352953125
vt 0.030660625 0.9429875
vt 0.01550921875 1
vt 0.030660625 0.9429875
vt 0.129409375 1
vt 0.01550921875 1
vt 0.00398171875 0.88986015625
vt 0 0.875
vt 0.0669875 0.875
vt 0.06290421875 0.89023890625
vt 0.06290421875 0.89023890625
vt 0.03349375 1
vt 0.00398171875 0.88986015625
vn 0 -1 0
vn 0.4866682449972657 0 0.87358686992839
vn 0 -1 0
vn 0.858119066952064 0 0.5134507444081851
vn 0 -1 0
vn 1 0 0
vn 0 -1 0
vn 0.858119066952064 0 -0.5134507444081851
vn 0 -1 0
vn 0.4866682449972657 0 -0.87358686992839
vn 0 -1 0
vn 0 0 -1
vn 0 -1 0
vn -0.4866682449972657 0 -0.87358686992839
vn 0 -1 0
vn -0.858119066952064 0 -0.5134507444081851
vn 0 -1 0
vn -1 0 0
vn 0 -1 0
vn -0.858119066952064 0 0.5134507444081851
vn 0 -1 0
vn -0.4866682449972657 0 0.87358686992839
vn 0 -1 0
vn 0 0 1
vn 0.010042519943794091 0.9997870705999076 0.01802668173663519
vn 0.0034171590498609954 0.9999750712438001 0.006178989802932123
vn 0.017640709405718605 0.9997886740238613 0.010555219811658917
vn 0.005969248102990234 0.9999759388078671 0.0035341027730145637
vn 0.02044917216488506 0.9997908938161876 0
vn 0.006883820921710276 0.9999763062188309 -0.0000032343027350888177
vn 0.018633741117038385 0.9997642095454169 -0.011149394782282844
vn 0.005953818138047196 0.9999757948256194 -0.0036002517203353413
vn 0.011253434540287023 0.9997326179624193 -0.020200316657292078
vn 0.0034315986967860435 0.9999748037565257 -0.006214175929448152
vn 0 0.9996939991340487 -0.024736776171780762
vn -0.00002829236086732632 0.9999742592401357 -0.007174960395994625
vn -0.011934444403486382 0.9996992721123918 -0.021422753668332385
vn -0.003464920461902488 0.9999746486740445 -0.006220637862330984
vn -0.02065862591510229 0.999710171757275 -0.012360973276395024
vn -0.005943241846627509 0.9999756693433968 -0.003652204482016577
vn -0.020607125296460766 0.9997876506473842 0
vn -0.00688494075311444 0.9999762984650489 -0.000009948143981831808
vn -0.01761490497878561 0.9997892918824098 0.010539779877122986
vn -0.005960686033324834 0.9999758807697509 0.003564842320970173
vn -0.010191492540888629 0.9997807057780301 0.018294092865548384
vn -0.0034388555262210778 0.9999750007065425 0.006178368281362938
vn 0 0.9997768603295126 0.021124146128596775
vn -0.000009724778497995893 0.9999745768406637 0.0071306085129274315
usemtl none
f 251/865/229 249/866/229 247/867/229
f 249/868/230 251/869/230 252/870/230 250/871/230
f 253/872/231 251/873/231 247/874/231
f 251/875/232 253/876/232 254/877/232 252/878/232
f 255/879/233 253/880/233 247/881/233
f 253/882/234 255/883/234 256/884/234 254/885/234
f 257/886/235 255/887/235 247/888/235
f 255/889/236 257/890/236 258/891/236 256/892/236
f 259/893/237 257/894/237 247/895/237
f 257/896/238 259/897/238 260/898/238 258/899/238
f 261/900/239 259/901/239 247/902/239
f 259/903/240 261/904/240 262/905/240 260/906/240
f 263/907/241 261/908/241 247/909/241
f 261/910/242 263/911/242 264/912/242 262/913/242
f 265/914/243 263/915/243 247/916/243
f 263/917/244 265/918/244 266/919/244 264/920/244
f 267/921/245 265/922/245 247/923/245
f 265/924/246 267/925/246 268/926/246 266/927/246
f 269/928/247 267/929/247 247/930/247
f 267/931/248 269/932/248 270/933/248 268/934/248
f 271/935/249 269/936/249 247/937/249
f 269/938/250 271/939/250 272/940/250 270/941/250
f 249/942/251 271/943/251 247/944/251
f 271/945/252 249/946/252 250/947/252 272/948/252
f 273/949/253 250/950/253 252/951/253 274/952/253
f 274/953/254 248/954/254 273/955/254
f 252/956/255 254/957/255 275/958/255 274/959/255
f 275/960/256 248/961/256 274/962/256
f 254/963/257 256/964/257 276/965/257 275/966/257
f 276/967/258 248/968/258 275/969/258
f 256/970/259 258/971/259 277/972/259 276/973/259
f 277/974/260 248/975/260 276/976/260
f 258/977/261 260/978/261 278/979/261 277/980/261
f 278/981/262 248/982/262 277/983/262
f 260/984/263 262/985/263 279/986/263 278/987/263
f 279/988/264 248/989/264 278/990/264
f 279/991/265 262/992/265 264/993/265 280/994/265
f 280/995/266 248/996/266 279/997/266
f 280/998/267 264/999/267 266/1000/267 281/1001/267
f 281/1002/268 248/1003/268 280/1004/268
f 281/1005/269 266/1006/269 268/1007/269 282/1008/269
f 282/1009/270 248/1010/270 281/1011/270
f 282/1012/271 268/1013/271 270/1014/271 283/1015/271
f 283/1016/272 248/1017/272 282/1018/272
f 270/1019/273 272/1020/273 284/1021/273 283/1022/273
f 284/1023/274 248/1024/274 283/1025/274
f 284/1026/275 272/1027/275 250/1028/275 273/1029/275
f 273/1030/276 248/1031/276 284/1032/276
o beveled_cuboid
v -0.275 0.545833125 -0.608333125
v -0.275 0.45416687499999997 -0.608333125
v -0.275 0.545833125 -0.7041668750000001
v -0.275 0.454166875 -0.7041668750000001
v -0.325 0.545833125 -0.608333125
v -0.325 0.45416687499999997 -0.608333125
v -0.325 0.545833125 -0.7041668750000001
v -0.325 0.454166875 -0.7041668750000001
v -0.324661875 0.545833125 -0.8
v -0.27587125 0.545833125 -0.8
v -0.324661875 0.454166875 -0.8
v -0.27587125 0.454166875 -0.8
v -0.324661875 0.5458331249999999 -0.5125000000000001
v -0.27587125 0.5458331249999999 -0.5125000000000001
v -0.324661875 0.45416687499999997 -0.5125000000000001
v -0.27587125 0.45416687499999997 -0.5125000000000001
v -0.324661875 0.3625 -0.608333125
v -0.27587125 0.3625 -0.608333125
v -0.324661875 0.3625 -0.7041668750000001
v -0.27587125 0.3625 -0.7041668750000001
v -0.324661875 0.6375 -0.608333125
v -0.27587125 0.6375 -0.608333125
v -0.324661875 0.6375 -0.704166875
v -0.27587125 0.6375 -0.704166875
vt 0.015625 0.984375
vt 0.015625 1
vt 0 1
vt 0 0.984375
vt 0 0.984375
vt 0.015625 0.984375
vt 0.015625 1
vt 0 1
vt 0.015625 1
vt 0 1
vt 0 0.977903125
vt 0.015625 0.977903125
vt 0.015625 0.977903125
vt 0.015625 1
vt 0 1
vt 0 0.977903125
vt 0.015625 0.977903125
vt 0.015625 1
vt 0 1
vt 0 0.977903125
vt 0.015625 1
vt 0 1
vt 0 0.977903125
vt 0.015625 0.977903125
vt 0 1
vt 0 0.977903125
vt 0.015625 0.977903125
vt 0.015625 1
vt 0 0.977903125
vt 0.015625 0.977903125
vt 0.015625 1
vt 0 1
vt 0 0.977903125
vt 0.015625 0.977903125
vt 0.015625 1
vt 0 1
vt 0 1
vt 0 0.977903125
vt 0.015625 0.977903125
vt 0.015625 1
vt 0.0110484375 0.9808625
vt 0.022096875 1
vt 0 1
vt 0.0110484375 0.9808625
vt 0.022096875 1
vt 0 1
vt 0.0110484375 0.9808625
vt 0.022096875 1
vt 0 1
vt 0.0110484375 0.9808625
vt 0.022096875 1
vt 0 1
vt 0.0110484375 1
vt 0 0.9808640625
vt 0.022096875 0.9808640625
vt 0.0110484375 1
vt 0 0.9808640625
vt 0.022096875 0.9808640625
vt 0.0110484375 1
vt 0 0.9808640625
vt 0.022096875 0.9808640625
vt 0.0110484375 1
vt 0 0.9808640625
vt 0.022096875 0.9808640625
vt 0.015625 1
vt 0 1
vt 0 0.96875
vt 0.015625 0.96875
vt 0.015625 0.96875
vt 0.015625 1
vt 0 1
vt 0 0.96875
vt 0.015625 0.96875
vt 0.015625 1
vt 0 1
vt 0 0.96875
vt 0.015625 1
vt 0 1
vt 0 0.96875
vt 0.015625 0.96875
vt 0 0.96875
vt 0.022096875 0.96875
vt 0.022096875 1
vt 0 1
vt 0 1
vt 0 0.96875
vt 0.022096875 0.96875
vt 0.022096875 1
vt 0 1
vt 0 0.96875
vt 0.022096875 0.96875
vt 0.022096875 1
vt 0 0.96875
vt 0.022096875 0.96875
vt 0.022096875 1
vt 0 1
vn 1 4.930380657631324e-32 -2.220446049250313e-16
vn -1 -4.930380657631324e-32 2.220446049250313e-16
vn 0.9999586764745411 -2.0185960516473897e-18 0.009090948426010739
vn 0.9999586764745411 2.0185960516474883e-18 -0.009090948426011183
vn 0.9999548350731509 0.0095040945822305 -2.1992424337001113e-16
vn 0.9999548350731509 -0.0095040945822305 -2.241449092233741e-16
vn -0.999993775718669 -7.834281176630032e-19 0.0035282465787786705
vn -0.999993775718669 7.834281176629046e-19 -0.0035282465787782264
vn -0.9999931970812314 0.00368860288695468 2.2286212874438015e-16
vn -0.9999931970812314 -0.00368860288695468 2.212240600028618e-16
vn -0.9999869729269284 0.0036885799283649626 0.0035282225767025908
vn -0.9999869729269284 0.0036885799283649643 -0.003528222576702145
vn -0.9999869729269284 -0.0036885799283649643 0.003528222576702589
vn -0.9999869729269284 -0.0036885799283649626 -0.0035282225767021467
vn 0.9999135171463296 0.009503701875009454 0.00909053786792131
vn 0.9999135171463296 0.009503701875009457 -0.009090537867921751
vn 0.9999135171463296 -0.009503701875009457 0.009090537867921307
vn 0.9999135171463296 -0.009503701875009454 -0.009090537867921755
vn 2.220446049250313e-16 -2.220446049250313e-16 1
vn -2.220446049250313e-16 2.220446049250313e-16 -1
vn 4.930380657631324e-32 1 2.220446049250313e-16
vn -4.930380657631324e-32 -1 -2.220446049250313e-16
vn 1.5348261573764367e-16 -0.7226403218536854 0.6912242510439011
vn 1.5348261573764372e-16 0.7226403218536852 0.6912242510439013
vn -1.5348261573764372e-16 -0.7226403218536852 -0.6912242510439013
vn -1.5348261573764367e-16 0.7226403218536854 -0.6912242510439011
usemtl none
f 285/1033/277 286/1034/277 288/1035/277 287/1036/277
f 292/1037/278 290/1038/278 289/1039/278 291/1040/278
f 286/1041/279 285/1042/279 298/1043/279 300/1044/279
f 294/1045/280 287/1046/280 288/1047/280 296/1048/280
f 306/1049/281 285/1050/281 287/1051/281 308/1052/281
f 288/1053/282 286/1054/282 302/1055/282 304/1056/282
f 297/1057/283 289/1058/283 290/1059/283 299/1060/283
f 292/1061/284 291/1062/284 293/1063/284 295/1064/284
f 291/1065/285 289/1066/285 305/1067/285 307/1068/285
f 301/1069/286 290/1070/286 292/1071/286 303/1072/286
f 289/1073/287 297/1074/287 305/1075/287
f 291/1076/288 307/1077/288 293/1078/288
f 290/1079/289 301/1080/289 299/1081/289
f 292/1082/290 295/1083/290 303/1084/290
f 285/1085/291 306/1086/291 298/1087/291
f 287/1088/292 294/1089/292 308/1090/292
f 286/1091/293 300/1092/293 302/1093/293
f 288/1094/294 304/1095/294 296/1096/294
f 300/1097/295 298/1098/295 297/1099/295 299/1100/295
f 293/1101/296 294/1102/296 296/1103/296 295/1104/296
f 305/1105/297 306/1106/297 308/1107/297 307/1108/297
f 304/1109/298 302/1110/298 301/1111/298 303/1112/298
f 299/1113/299 301/1114/299 302/1115/299 300/1116/299
f 306/1117/300 305/1118/300 297/1119/300 298/1120/300
f 304/1121/301 303/1122/301 295/1123/301 296/1124/301
f 293/1125/302 307/1126/302 308/1127/302 294/1128/302
o beveled_cuboid
v -0.783333125 1.15625 -0.5958331250000001
v -0.691666875 1.15625 -0.5958331250000001
v -0.783333125 1.15625 -0.691666875
v -0.691666875 1.15625 -0.691666875
v -0.783333125 1.10625 -0.5958331250000001
v -0.691666875 1.10625 -0.5958331250000001
v -0.7833331250000001 1.10625 -0.691666875
v -0.691666875 1.10625 -0.691666875
v -0.7833331250000001 1.106588125 -0.7875
v -0.7833331250000001 1.1553787500000001 -0.7875
v -0.691666875 1.106588125 -0.7875
v -0.691666875 1.1553787500000001 -0.7875
v -0.783333125 1.106588125 -0.5000000000000001
v -0.783333125 1.1553787500000001 -0.5000000000000001
v -0.691666875 1.106588125 -0.5000000000000001
v -0.691666875 1.1553787500000001 -0.5000000000000001
v -0.6000000000000001 1.106588125 -0.5958331250000001
v -0.6 1.15537875 -0.5958331250000001
v -0.6000000000000001 1.106588125 -0.691666875
v -0.6000000000000001 1.15537875 -0.691666875
v -0.875 1.106588125 -0.5958331250000001
v -0.875 1.1553787500000001 -0.5958331250000001
v -0.875 1.106588125 -0.691666875
v -0.875 1.1553787500000001 -0.691666875
vt 0.015625 0.984375
vt 0.015625 1
vt 0 1
vt 0 0.984375
vt 0 0.984375
vt 0.015625 0.984375
vt 0.015625 1
vt 0 1
vt 0.015625 1
vt 0 1
vt 0 0.977903125
vt 0.015625 0.977903125
vt 0.015625 0.977903125
vt 0.015625 1
vt 0 1
vt 0 0.977903125
vt 0.015625 0.977903125
vt 0.015625 1
vt 0 1
vt 0 0.977903125
vt 0.015625 1
vt 0 1
vt 0 0.977903125
vt 0.015625 0.977903125
vt 0 1
vt 0 0.977903125
vt 0.015625 0.977903125
vt 0.015625 1
vt 0 0.977903125
vt 0.015625 0.977903125
vt 0.015625 1
vt 0 1
vt 0 0.977903125
vt 0.015625 0.977903125
vt 0.015625 1
vt 0 1
vt 0 1
vt 0 0.977903125
vt 0.015625 0.977903125
vt 0.015625 1
vt 0.0110484375 0.9808625
vt 0.022096875 1
vt 0 1
vt 0.0110484375 0.9808625
vt 0.022096875 1
vt 0 1
vt 0.0110484375 0.9808625
vt 0.022096875 1
vt 0 1
vt 0.0110484375 0.9808625
vt 0.022096875 1
vt 0 1
vt 0.0110484375 1
vt 0 0.9808640625
vt 0.022096875 0.9808640625
vt 0.0110484375 1
vt 0 0.9808640625
vt 0.022096875 0.9808640625
vt 0.0110484375 1
vt 0 0.9808640625
vt 0.022096875 0.9808640625
vt 0.0110484375 1
vt 0 0.9808640625
vt 0.022096875 0.9808640625
vt 0.015625 1
vt 0 1
vt 0 0.96875
vt 0.015625 0.96875
vt 0.015625 0.96875
vt 0.015625 1
vt 0 1
vt 0 0.96875
vt 0.015625 0.96875
vt 0.015625 1
vt 0 1
vt 0 0.96875
vt 0.015625 1
vt 0 1
vt 0 0.96875
vt 0.015625 0.96875
vt 0 0.96875
vt 0.022096875 0.96875
vt 0.022096875 1
vt 0 1
vt 0 1
vt 0 0.96875
vt 0.022096875 0.96875
vt 0.022096875 1
vt 0 1
vt 0 0.96875
vt 0.022096875 0.96875
vt 0.022096875 1
vt 0 0.96875
vt 0.022096875 0.96875
vt 0.022096875 1
vt 0 1
vn 1.5700924586837754e-16 1 -3.4863055968421e-32
vn -1.5700924586837754e-16 -1 3.4863055968421e-32
vn 1.5902135374445605e-16 0.9999586764745411 0.009090948426010962
vn 1.5498416164116116e-16 0.9999586764745411 -0.009090948426010962
vn -0.009504094582230343 0.9999548350731509 2.1103329266814674e-18
vn 0.009504094582230659 0.9999548350731509 -2.1103329266815375e-18
vn -1.5622484048099671e-16 -0.999993775718669 0.0035282465787784493
vn -1.5779169671632264e-16 -0.999993775718669 -0.0035282465787784493
vn -0.0036886028869548377 -0.9999931970812314 8.190343707592171e-19
vn 0.0036886028869545237 -0.9999931970812314 -8.190343707591473e-19
vn -0.0036885799283651204 -0.9999869729269284 0.0035282225767023696
vn -0.003688579928365122 -0.9999869729269284 -0.003528222576702368
vn 0.003688579928364808 -0.9999869729269284 0.003528222576702368
vn 0.0036885799283648065 -0.9999869729269284 -0.0035282225767023696
vn -0.009503701875009297 0.9999135171463296 0.009090537867921534
vn -0.009503701875009303 0.9999135171463296 -0.00909053786792153
vn 0.009503701875009617 0.9999135171463296 0.00909053786792153
vn 0.009503701875009611 0.9999135171463296 -0.009090537867921534
vn 2.2204460492503136e-16 -3.4863055968420995e-32 1
vn -2.2204460492503136e-16 3.4863055968420995e-32 -1
vn -1 1.5700924586837752e-16 2.2204460492503136e-16
vn 1 -1.5700924586837752e-16 -2.2204460492503136e-16
vn 0.7226403218536854 -1.1346121196832876e-16 0.6912242510439011
vn -0.7226403218536852 1.134612119683287e-16 0.6912242510439013
vn 0.7226403218536852 -1.134612119683287e-16 -0.6912242510439013
vn -0.7226403218536854 1.1346121196832876e-16 -0.6912242510439011
usemtl none
f 309/1129/303 310/1130/303 312/1131/303 311/1132/303
f 316/1133/304 314/1134/304 313/1135/304 315/1136/304
f 310/1137/305 309/1138/305 322/1139/305 324/1140/305
f 318/1141/306 311/1142/306 312/1143/306 320/1144/306
f 330/1145/307 309/1146/307 311/1147/307 332/1148/307
f 312/1149/308 310/1150/308 326/1151/308 328/1152/308
f 321/1153/309 313/1154/309 314/1155/309 323/1156/309
f 316/1157/310 315/1158/310 317/1159/310 319/1160/310
f 315/1161/311 313/1162/311 329/1163/311 331/1164/311
f 325/1165/312 314/1166/312 316/1167/312 327/1168/312
f 313/1169/313 321/1170/313 329/1171/313
f 315/1172/314 331/1173/314 317/1174/314
f 314/1175/315 325/1176/315 323/1177/315
f 316/1178/316 319/1179/316 327/1180/316
f 309/1181/317 330/1182/317 322/1183/317
f 311/1184/318 318/1185/318 332/1186/318
f 310/1187/319 324/1188/319 326/1189/319
f 312/1190/320 328/1191/320 320/1192/320
f 324/1193/321 322/1194/321 321/1195/321 323/1196/321
f 317/1197/322 318/1198/322 320/1199/322 319/1200/322
f 329/1201/323 330/1202/323 332/1203/323 331/1204/323
f 328/1205/324 326/1206/324 325/1207/324 327/1208/324
f 323/1209/325 325/1210/325 326/1211/325 324/1212/325
f 330/1213/326 329/1214/326 321/1215/326 322/1216/326
f 328/1217/327 327/1218/327 319/1219/327 320/1220/327
f 317/1221/328 331/1222/328 332/1223/328 318/1224/328
o beveled_cuboid
v -0.7776043749999999 1.1500000000000001 -0.6875000000000001
v -0.6942706249999999 1.1500000000000001 -0.6875000000000001
v -0.7776043749999999 1.1500000000000001 -0.6000000000000001
v -0.6942706249999999 1.1500000000000001 -0.6000000000000002
v -0.7776043749999999 1.5250000000000001 -0.6875
v -0.6942706249999999 1.5250000000000001 -0.6875
v -0.7776043749999999 1.525 -0.6
v -0.6942706249999999 1.525 -0.6000000000000001
v -0.7776043749999999 1.491771875 -0.5125000000000001
v -0.777604375 1.154871875 -0.5125000000000002
v -0.6942706249999999 1.491771875 -0.5125000000000001
v -0.694270625 1.154871875 -0.5125000000000002
v -0.7776043749999999 1.491771875 -0.775
v -0.7776043749999999 1.1548718750000002 -0.7750000000000001
v -0.6942706249999999 1.491771875 -0.775
v -0.6942706249999999 1.1548718750000002 -0.7750000000000001
v -0.6109374999999999 1.491771875 -0.6875
v -0.6109375 1.1548718750000002 -0.6875000000000001
v -0.6109374999999999 1.491771875 -0.6000000000000001
v -0.6109375 1.1548718750000002 -0.6000000000000002
v -0.8609374999999999 1.491771875 -0.6875
v -0.8609374999999999 1.1548718750000002 -0.6875000000000001
v -0.8609374999999999 1.491771875 -0.6
v -0.8609374999999999 1.1548718750000002 -0.6000000000000001
vt 0.015625 1
vt 0 1
vt 0 0.96875
vt 0.015625 0.96875
vt 0.015625 0.96875
vt 0.015625 1
vt 0 1
vt 0 0.96875
vt 0.015625 0.984375
vt 0.015625 1
vt 0 1
vt 0 0.984375
vt 0 0.984375
vt 0.015625 0.984375
vt 0.015625 1
vt 0 1
vt 0.015625 0.96875
vt 0.015625 1
vt 0 1
vt 0 0.96875
vt 0.015625 1
vt 0 1
vt 0 0.96875
vt 0.015625 0.96875
vt 0.015625 1
vt 0 1
vt 0 0.977903125
vt 0.015625 0.977903125
vt 0.015625 0.977903125
vt 0.015625 1
vt 0 1
vt 0 0.977903125
vt 0.015625 0.977903125
vt 0.015625 1
vt 0 1
vt 0 0.977903125
vt 0.015625 1
vt 0 1
vt 0 0.977903125
vt 0.015625 0.977903125
vt 0 1
vt 0 0.977903125
vt 0.015625 0.977903125
vt 0.015625 1
vt 0 0.977903125
vt 0.015625 0.977903125
vt 0.015625 1
vt 0 1
vt 0 0.977903125
vt 0.015625 0.977903125
vt 0.015625 1
vt 0 1
vt 0 1
vt 0 0.977903125
vt 0.015625 0.977903125
vt 0.015625 1
vt 0 0.96875
vt 0.022096875 0.96875
vt 0.022096875 1
vt 0 1
vt 0 1
vt 0 0.96875
vt 0.022096875 0.96875
vt 0.022096875 1
vt 0 1
vt 0 0.96875
vt 0.022096875 0.96875
vt 0.022096875 1
vt 0 0.96875
vt 0.022096875 0.96875
vt 0.022096875 1
vt 0 1
vt 0.0110484375 0.9808625
vt 0.022096875 1
vt 0 1
vt 0.0110484375 0.9808625
vt 0.022096875 1
vt 0 1
vt 0.0110484375 0.9808625
vt 0.022096875 1
vt 0 1
vt 0.0110484375 0.9808625
vt 0.022096875 1
vt 0 1
vt 0.0110484375 1
vt 0 0.9808640625
vt 0.022096875 0.9808640625
vt 0.0110484375 1
vt 0 0.9808640625
vt 0.022096875 0.9808640625
vt 0.0110484375 1
vt 0 0.9808640625
vt 0.022096875 0.9808640625
vt 0.0110484375 1
vt 0 0.9808640625
vt 0.022096875 0.9808640625
vn -2.220446049250313e-16 3.1401849173675523e-16 -1
vn 2.220446049250313e-16 -3.1401849173675523e-16 1
vn -1.5700924586837762e-16 -1 -3.1401849173675513e-16
vn 1.5700924586837762e-16 1 3.1401849173675513e-16
vn -1 1.5700924586837766e-16 -2.220446049250313e-16
vn 1 -1.5700924586837766e-16 2.220446049250313e-16
vn -1.6911044518122654e-16 -0.9984535430466185 -0.055592466914631954
vn -1.44422430475492e-16 -0.9984535430466185 0.05559246691463133
vn -0.05836299235398278 -0.9982954277785154 -3.2644241211819087e-16
vn 0.058362992353982464 -0.9982954277785154 -3.005240369592255e-16
vn 6.795300798789904e-17 0.9348611638462129 -0.3550135269705989
vn 2.256106846663563e-16 0.9348611638462127 0.35501352697059946
vn -0.3703802967996275 0.9288802052700982 2.0944461438815454e-16
vn 0.3703802967996279 0.9288802052700982 3.7392650773793295e-16
vn 0.7241387920788555 1.0286770750808933e-16 -0.6896542683160717
vn -0.7241387920788556 3.3026067880476735e-16 -0.6896542683160718
vn 0.7241387920788556 -3.3026067880476735e-16 0.6896542683160718
vn -0.7241387920788555 -1.0286770750808933e-16 0.6896542683160717
vn -0.3492868400788364 0.875979728171382 -0.33265330177308194
vn -0.34928684007883626 0.8759797281713818 0.3326533017730824
vn 0.34928684007883654 0.875979728171382 -0.33265330177308183
vn 0.34928684007883665 0.8759797281713817 0.33265330177308244
vn -0.058273043221281566 -0.996756853344846 -0.055497997655879705
vn -0.058273043221281545 -0.996756853344846 0.05549799765587905
vn 0.05827304322128123 -0.996756853344846 -0.05549799765587968
vn 0.058273043221281254 -0.996756853344846 0.05549799765587908
usemtl none
f 348/1225/329 346/1226/329 345/1227/329 347/1228/329
f 341/1229/330 342/1230/330 344/1231/330 343/1232/330
f 333/1233/331 334/1234/331 336/1235/331 335/1236/331
f 340/1237/332 338/1238/332 337/1239/332 339/1240/332
f 353/1241/333 354/1242/333 356/1243/333 355/1244/333
f 352/1245/334 350/1246/334 349/1247/334 351/1248/334
f 334/1249/335 333/1250/335 346/1251/335 348/1252/335
f 342/1253/336 335/1254/336 336/1255/336 344/1256/336
f 354/1257/337 333/1258/337 335/1259/337 356/1260/337
f 336/1261/338 334/1262/338 350/1263/338 352/1264/338
f 345/1265/339 337/1266/339 338/1267/339 347/1268/339
f 340/1269/340 339/1270/340 341/1271/340 343/1272/340
f 339/1273/341 337/1274/341 353/1275/341 355/1276/341
f 349/1277/342 338/1278/342 340/1279/342 351/1280/342
f 347/1281/343 349/1282/343 350/1283/343 348/1284/343
f 354/1285/344 353/1286/344 345/1287/344 346/1288/344
f 352/1289/345 351/1290/345 343/1291/345 344/1292/345
f 341/1293/346 355/1294/346 356/1295/346 342/1296/346
f 337/1297/347 345/1298/347 353/1299/347
f 339/1300/348 355/1301/348 341/1302/348
f 338/1303/349 349/1304/349 347/1305/349
f 340/1306/350 343/1307/350 351/1308/350
f 333/1309/351 354/1310/351 346/1311/351
f 335/1312/352 342/1313/352 356/1314/352
f 334/1315/353 348/1316/353 350/1317/353
f 336/1318/354 352/1319/354 344/1320/354
o beveled_cuboid
v -0.29218750000000004 0.541666875 -0.7000000000000002
v -0.29218750000000004 0.458333125 -0.7000000000000002
v -0.29218750000000004 0.541666875 -0.6125000000000002
v -0.29218750000000004 0.458333125 -0.6125000000000002
v 0.6953125 0.541666875 -0.7
v 0.6953125 0.458333125 -0.7
v 0.6953125 0.541666875 -0.6124999999999999
v 0.6953125 0.458333125 -0.6124999999999999
v 0.6078124999999999 0.541666875 -0.5249999999999999
v -0.27935875 0.541666875 -0.5250000000000001
v 0.6078124999999999 0.45833312499999995 -0.5249999999999999
v -0.27935875 0.45833312499999995 -0.5250000000000001
v 0.6078125000000001 0.541666875 -0.7875
v -0.27935875 0.541666875 -0.7875000000000001
v 0.6078125000000001 0.458333125 -0.7875
v -0.27935875 0.458333125 -0.7875000000000001
v 0.6078125 0.375 -0.7
v -0.27935875 0.375 -0.7000000000000002
v 0.6078125 0.375 -0.6124999999999999
v -0.27935875 0.375 -0.6125000000000002
v 0.6078125 0.625 -0.7
v -0.27935875 0.625 -0.7000000000000001
v 0.6078125 0.625 -0.6124999999999999
v -0.27935875 0.625 -0.6125000000000002
vt 0.015625 1
vt 0 1
vt 0 0.96875
vt 0.015625 0.96875
vt 0.015625 0.96875
vt 0.015625 1
vt 0 1
vt 0 0.96875
vt 0.015625 0.984375
vt 0.015625 1
vt 0 1
vt 0 0.984375
vt 0 0.984375
vt 0.015625 0.984375
vt 0.015625 1
vt 0 1
vt 0.015625 0.96875
vt 0.015625 1
vt 0 1
vt 0 0.96875
vt 0.015625 1
vt 0 1
vt 0 0.96875
vt 0.015625 0.96875
vt 0.015625 1
vt 0 1
vt 0 0.977903125
vt 0.015625 0.977903125
vt 0.015625 0.977903125
vt 0.015625 1
vt 0 1
vt 0 0.977903125
vt 0.015625 0.977903125
vt 0.015625 1
vt 0 1
vt 0 0.977903125
vt 0.015625 1
vt 0 1
vt 0 0.977903125
vt 0.015625 0.977903125
vt 0 1
vt 0 0.977903125
vt 0.015625 0.977903125
vt 0.015625 1
vt 0 0.977903125
vt 0.015625 0.977903125
vt 0.015625 1
vt 0 1
vt 0 0.977903125
vt 0.015625 0.977903125
vt 0.015625 1
vt 0 1
vt 0 1
vt 0 0.977903125
vt 0.015625 0.977903125
vt 0.015625 1
vt 0 0.96875
vt 0.022096875 0.96875
vt 0.022096875 1
vt 0 1
vt 0 1
vt 0 0.96875
vt 0.022096875 0.96875
vt 0.022096875 1
vt 0 1
vt 0 0.96875
vt 0.022096875 0.96875
vt 0.022096875 1
vt 0 0.96875
vt 0.022096875 0.96875
vt 0.022096875 1
vt 0 1
vt 0.0110484375 0.9808625
vt 0.022096875 1
vt 0 1
vt 0.0110484375 0.9808625
vt 0.022096875 1
vt 0 1
vt 0.0110484375 0.9808625
vt 0.022096875 1
vt 0 1
vt 0.0110484375 0.9808625
vt 0.022096875 1
vt 0 1
vt 0.0110484375 1
vt 0 0.9808640625
vt 0.022096875 0.9808640625
vt 0.0110484375 1
vt 0 0.9808640625
vt 0.022096875 0.9808640625
vt 0.0110484375 1
vt 0 0.9808640625
vt 0.022096875 0.9808640625
vt 0.0110484375 1
vt 0 0.9808640625
vt 0.022096875 0.9808640625
vn 2.220446049250313e-16 2.220446049250313e-16 -1
vn -2.220446049250313e-16 -2.220446049250313e-16 1
vn -1 4.930380657631324e-32 -2.220446049250313e-16
vn 1 -4.930380657631324e-32 2.220446049250313e-16
vn -4.930380657631324e-32 1 2.220446049250313e-16
vn 4.930380657631324e-32 -1 -2.220446049250313e-16
vn -0.9894223541907397 3.2210556828321105e-17 -0.14506345172942312
vn -0.9894223541907397 -3.2210556828321007e-17 0.14506345172942267
vn -0.9883569533115724 0.15215299156002957 -1.856745783238673e-16
vn -0.9883569533115724 -0.15215299156002957 -2.5324408012208407e-16
vn 0.7071067811865477 1.570092458683775e-16 -0.7071067811865475
vn 0.7071067811865475 -1.5700924586837754e-16 0.7071067811865477
vn 0.6896542683160716 0.7241387920788556 3.139251215411425e-16
vn 0.6896542683160716 -0.7241387920788556 -7.657102454935226e-18
vn 1.531340095431037e-16 -0.7241387920788553 -0.6896542683160718
vn 1.5313400954310365e-16 0.7241387920788556 -0.6896542683160716
vn -1.5313400954310365e-16 -0.7241387920788556 0.6896542683160716
vn -1.531340095431037e-16 0.7241387920788553 0.6896542683160718
vn 0.5677324514304953 0.596120564303431 -0.5677324514304951
vn 0.5677324514304951 0.5961205643034307 0.5677324514304956
vn 0.5677324514304953 -0.5961205643034307 -0.5677324514304953
vn 0.5677324514304951 -0.596120564303431 0.5677324514304953
vn -0.9781407510289688 0.1505802543677912 -0.14340940754014805
vn -0.9781407510289688 0.15058025436779116 0.14340940754014767
vn -0.9781407510289688 -0.15058025436779116 -0.1434094075401481
vn -0.978140751028969 -0.15058025436779124 0.14340940754014764
usemtl none
f 372/1321/355 370/1322/355 369/1323/355 371/1324/355
f 365/1325/356 366/1326/356 368/1327/356 367/1328/356
f 357/1329/357 358/1330/357 360/1331/357 359/1332/357
f 364/1333/358 362/1334/358 361/1335/358 363/1336/358
f 377/1337/359 378/1338/359 380/1339/359 379/1340/359
f 376/1341/360 374/1342/360 373/1343/360 375/1344/360
f 358/1345/361 357/1346/361 370/1347/361 372/1348/361
f 366/1349/362 359/1350/362 360/1351/362 368/1352/362
f 378/1353/363 357/1354/363 359/1355/363 380/1356/363
f 360/1357/364 358/1358/364 374/1359/364 376/1360/364
f 369/1361/365 361/1362/365 362/1363/365 371/1364/365
f 364/1365/366 363/1366/366 365/1367/366 367/1368/366
f 363/1369/367 361/1370/367 377/1371/367 379/1372/367
f 373/1373/368 362/1374/368 364/1375/368 375/1376/368
f 371/1377/369 373/1378/369 374/1379/369 372/1380/369
f 378/1381/370 377/1382/370 369/1383/370 370/1384/370
f 376/1385/371 375/1386/371 367/1387/371 368/1388/371
f 365/1389/372 379/1390/372 380/1391/372 366/1392/372
f 361/1393/373 369/1394/373 377/1395/373
f 363/1396/374 379/1397/374 365/1398/374
f 362/1399/375 373/1400/375 371/1401/375
f 364/1402/376 367/1403/376 375/1404/376
f 357/1405/377 378/1406/377 370/1407/377
f 359/1408/378 366/1409/378 380/1410/378
f 358/1411/379 372/1412/379 374/1413/379
f 360/1414/380 376/1415/380 368/1416/380
o beveled_cuboid
v -0.6880206249999999 1.5770831250000001 -0.88125
v -0.6880206249999999 1.485416875 -0.88125
v -0.7838543749999999 1.5770831250000001 -0.88125
v -0.7838543749999999 1.485416875 -0.88125
v -0.6880206249999999 1.5770831250000001 -0.83125
v -0.6880206249999999 1.485416875 -0.83125
v -0.7838543749999999 1.5770831250000001 -0.83125
v -0.7838543749999999 1.485416875 -0.83125
v -0.8796875 1.5770831250000001 -0.831588125
v -0.8796875 1.5770831250000001 -0.88037875
v -0.8796875 1.485416875 -0.831588125
v -0.8796875 1.485416875 -0.88037875
v -0.5921874999999999 1.5770831250000001 -0.831588125
v -0.5921874999999999 1.5770831250000001 -0.88037875
v -0.5921874999999999 1.485416875 -0.831588125
v -0.5921874999999999 1.485416875 -0.88037875
v -0.6880206249999999 1.39375 -0.831588125
v -0.6880206249999999 1.39375 -0.88037875
v -0.7838543749999999 1.39375 -0.831588125
v -0.7838543749999999 1.39375 -0.88037875
v -0.6880206249999999 1.66875 -0.831588125
v -0.6880206249999999 1.6687500000000002 -0.88037875
v -0.7838543749999999 1.66875 -0.831588125
v -0.7838543749999999 1.6687500000000002 -0.88037875
vt 0.015625 0.984375
vt 0.015625 1
vt 0 1
vt 0 0.984375
vt 0 0.984375
vt 0.015625 0.984375
vt 0.015625 1
vt 0 1
vt 0.015625 1
vt 0 1
vt 0 0.977903125
vt 0.015625 0.977903125
vt 0.015625 0.977903125
vt 0.015625 1
vt 0 1
vt 0 0.977903125
vt 0.015625 0.977903125
vt 0.015625 1
vt 0 1
vt 0 0.977903125
vt 0.015625 1
vt 0 1
vt 0 0.977903125
vt 0.015625 0.977903125
vt 0 1
vt 0 0.977903125
vt 0.015625 0.977903125
vt 0.015625 1
vt 0 0.977903125
vt 0.015625 0.977903125
vt 0.015625 1
vt 0 1
vt 0 0.977903125
vt 0.015625 0.977903125
vt 0.015625 1
vt 0 1
vt 0 1
vt 0 0.977903125
vt 0.015625 0.977903125
vt 0.015625 1
vt 0.0110484375 0.9808625
vt 0.022096875 1
vt 0 1
vt 0.0110484375 0.9808625
vt 0.022096875 1
vt 0 1
vt 0.0110484375 0.9808625
vt 0.022096875 1
vt 0 1
vt 0.0110484375 0.9808625
vt 0.022096875 1
vt 0 1
vt 0.0110484375 1
vt 0 0.9808640625
vt 0.022096875 0.9808640625
vt 0.0110484375 1
vt 0 0.9808640625
vt 0.022096875 0.9808640625
vt 0.0110484375 1
vt 0 0.9808640625
vt 0.022096875 0.9808640625
vt 0.0110484375 1
vt 0 0.9808640625
vt 0.022096875 0.9808640625
vt 0.015625 1
vt 0 1
vt 0 0.96875
vt 0.015625 0.96875
vt 0.015625 0.96875
vt 0.015625 1
vt 0 1
vt 0 0.96875
vt 0.015625 0.96875
vt 0.015625 1
vt 0 1
vt 0 0.96875
vt 0.015625 1
vt 0 1
vt 0 0.96875
vt 0.015625 0.96875
vt 0 0.96875
vt 0.022096875 0.96875
vt 0.022096875 1
vt 0 1
vt 0 1
vt 0 0.96875
vt 0.022096875 0.96875
vt 0.022096875 1
vt 0 1
vt 0 0.96875
vt 0.022096875 0.96875
vt 0.022096875 1
vt 0 0.96875
vt 0.022096875 0.96875
vt 0.022096875 1
vt 0 1
vn 0 2.220446049250313e-16 -1
vn 0 -2.220446049250313e-16 1
vn 0.00909094842601096 2.2203542925914667e-16 -0.9999586764745411
vn -0.00909094842601096 2.2203542925914667e-16 -0.9999586764745411
vn 0 0.009504094582230721 -0.9999548350731509
vn 0 -0.009504094582230277 -0.9999548350731509
vn 0.0035282465787784484 -2.2204322285694222e-16 0.999993775718669
vn -0.0035282465787784484 -2.2204322285694222e-16 0.999993775718669
vn 0 0.003688602886954458 0.9999931970812314
vn 0 -0.003688602886954902 0.9999931970812314
vn 0.003528222576702368 0.0036885799283647414 0.9999869729269284
vn -0.003528222576702368 0.0036885799283647414 0.9999869729269284
vn 0.003528222576702368 -0.0036885799283651855 0.9999869729269284
vn -0.003528222576702368 -0.0036885799283651855 0.9999869729269284
vn 0.00909053786792153 0.009503701875009677 -0.9999135171463296
vn -0.00909053786792153 0.009503701875009677 -0.9999135171463296
vn 0.00909053786792153 -0.009503701875009233 -0.9999135171463296
vn -0.00909053786792153 -0.009503701875009233 -0.9999135171463296
vn 1 0 0
vn -1 0 0
vn 0 1 2.220446049250313e-16
vn 0 -1 -2.220446049250313e-16
vn 0.6912242510439012 -0.7226403218536853 -1.6045838476889902e-16
vn 0.6912242510439012 0.7226403218536853 1.6045838476889902e-16
vn -0.6912242510439012 -0.7226403218536853 -1.6045838476889902e-16
vn -0.6912242510439012 0.7226403218536853 1.6045838476889902e-16
usemtl none
f 381/1417/381 382/1418/381 384/1419/381 383/1420/381
f 388/1421/382 386/1422/382 385/1423/382 387/1424/382
f 382/1425/383 381/1426/383 394/1427/383 396/1428/383
f 390/1429/384 383/1430/384 384/1431/384 392/1432/384
f 402/1433/385 381/1434/385 383/1435/385 404/1436/385
f 384/1437/386 382/1438/386 398/1439/386 400/1440/386
f 393/1441/387 385/1442/387 386/1443/387 395/1444/387
f 388/1445/388 387/1446/388 389/1447/388 391/1448/388
f 387/1449/389 385/1450/389 401/1451/389 403/1452/389
f 397/1453/390 386/1454/390 388/1455/390 399/1456/390
f 385/1457/391 393/1458/391 401/1459/391
f 387/1460/392 403/1461/392 389/1462/392
f 386/1463/393 397/1464/393 395/1465/393
f 388/1466/394 391/1467/394 399/1468/394
f 381/1469/395 402/1470/395 394/1471/395
f 383/1472/396 390/1473/396 404/1474/396
f 382/1475/397 396/1476/397 398/1477/397
f 384/1478/398 400/1479/398 392/1480/398
f 396/1481/399 394/1482/399 393/1483/399 395/1484/399
f 389/1485/400 390/1486/400 392/1487/400 391/1488/400
f 401/1489/401 402/1490/401 404/1491/401 403/1492/401
f 400/1493/402 398/1494/402 397/1495/402 399/1496/402
f 395/1497/403 397/1498/403 398/1499/403 396/1500/403
f 402/1501/404 401/1502/404 393/1503/404 394/1504/404
f 400/1505/405 399/1506/405 391/1507/405 392/1508/405
f 389/1509/406 403/1510/406 404/1511/406 390/1512/406
o beveled_cuboid
v -0.6880206249999999 1.5770831250000001 -1.1124999999999998
v -0.6880206249999999 1.485416875 -1.1124999999999998
v -0.7838543749999999 1.5770831250000001 -1.1124999999999998
v -0.7838543749999999 1.485416875 -1.1124999999999998
v -0.6880206249999999 1.5770831250000001 -0.9375
v -0.6880206249999999 1.485416875 -0.9375
v -0.7838543749999999 1.5770831250000001 -0.9375
v -0.7838543749999999 1.485416875 -0.9375
v -0.8796875 1.5770831250000001 -0.9386825
v -0.8796875 1.5770831250000001 -1.109450625
v -0.8796875 1.485416875 -0.9386825
v -0.8796875 1.485416875 -1.109450625
v -0.5921874999999999 1.5770831250000001 -0.9386825
v -0.5921874999999999 1.5770831250000001 -1.109450625
v -0.5921874999999999 1.485416875 -0.9386825
v -0.5921874999999999 1.485416875 -1.109450625
v -0.6880206249999999 1.39375 -0.9386825
v -0.6880206249999999 1.39375 -1.109450625
v -0.7838543749999999 1.39375 -0.9386825
v -0.7838543749999999 1.39375 -1.109450625
v -0.6880206249999999 1.66875 -0.9386825
v -0.6880206249999999 1.6687500000000002 -1.109450625
v -0.7838543749999999 1.66875 -0.9386825
v -0.7838543749999999 1.6687500000000002 -1.109450625
vt 0.015625 0.984375
vt 0.015625 1
vt 0 1
vt 0 0.984375
vt 0 0.984375
vt 0.015625 0.984375
vt 0.015625 1
vt 0 1
vt 0.015625 1
vt 0 1
vt 0 0.977903125
vt 0.015625 0.977903125
vt 0.015625 0.977903125
vt 0.015625 1
vt 0 1
vt 0 0.977903125
vt 0.015625 0.977903125
vt 0.015625 1
vt 0 1
vt 0 0.977903125
vt 0.015625 1
vt 0 1
vt 0 0.977903125
vt 0.015625 0.977903125
vt 0 1
vt 0 0.977903125
vt 0.015625 0.977903125
vt 0.015625 1
vt 0 0.977903125
vt 0.015625 0.977903125
vt 0.015625 1
vt 0 1
vt 0 0.977903125
vt 0.015625 0.977903125
vt 0.015625 1
vt 0 1
vt 0 1
vt 0 0.977903125
vt 0.015625 0.977903125
vt 0.015625 1
vt 0.0110484375 0.9808625
vt 0.022096875 1
vt 0 1
vt 0.0110484375 0.9808625
vt 0.022096875 1
vt 0 1
vt 0.0110484375 0.9808625
vt 0.022096875 1
vt 0 1
vt 0.0110484375 0.9808625
vt 0.022096875 1
vt 0 1
vt 0.0110484375 1
vt 0 0.9808640625
vt 0.022096875 0.9808640625
vt 0.0110484375 1
vt 0 0.9808640625
vt 0.022096875 0.9808640625
vt 0.0110484375 1
vt 0 0.9808640625
vt 0.022096875 0.9808640625
vt 0.0110484375 1
vt 0 0.9808640625
vt 0.022096875 0.9808640625
vt 0.015625 1
vt 0 1
vt 0 0.96875
vt 0.015625 0.96875
vt 0.015625 0.96875
vt 0.015625 1
vt 0 1
vt 0 0.96875
vt 0.015625 0.96875
vt 0.015625 1
vt 0 1
vt 0 0.96875
vt 0.015625 1
vt 0 1
vt 0 0.96875
vt 0.015625 0.96875
vt 0 0.96875
vt 0.022096875 0.96875
vt 0.022096875 1
vt 0 1
vt 0 1
vt 0 0.96875
vt 0.022096875 0.96875
vt 0.022096875 1
vt 0 1
vt 0 0.96875
vt 0.022096875 0.96875
vt 0.022096875 1
vt 0 0.96875
vt 0.022096875 0.96875
vt 0.022096875 1
vt 0 1
vn 0 2.220446049250313e-16 -1
vn 0 -2.220446049250313e-16 1
vn 0.0318035380954571 2.219322813379111e-16 -0.9994941395349005
vn -0.0318035380954571 2.219322813379111e-16 -0.9994941395349005
vn 0 0.03324744250271664 -0.9994471509624852
vn 0 -0.0332474425027162 -0.9994471509624852
vn 0.012338218018317304 -2.2202770317637227e-16 0.9999238812910373
vn -0.012338218018317304 -2.2202770317637227e-16 0.9999238812910373
vn 0 0.012898897478644195 0.9999168057612771
vn 0 -0.012898897478644639 0.9999168057612771
vn 0.012337191705903567 0.01289791579456373 0.9998407060472023
vn -0.012337191705903567 0.01289791579456373 0.9998407060472023
vn 0.012337191705903567 -0.012897915794564174 0.9998407060472023
vn -0.012337191705903567 -0.012897915794564174 0.9998407060472023
vn 0.03178597330944121 0.033230642513016426 -0.998942128603526
vn -0.03178597330944121 0.033230642513016426 -0.998942128603526
vn 0.03178597330944121 -0.03323064251301598 -0.998942128603526
vn -0.03178597330944121 -0.03323064251301598 -0.998942128603526
vn 1 0 0
vn -1 0 0
vn 0 1 2.220446049250313e-16
vn 0 -1 -2.220446049250313e-16
vn 0.6912242510439012 -0.7226403218536853 -1.6045838476889902e-16
vn 0.6912242510439012 0.7226403218536853 1.6045838476889902e-16
vn -0.6912242510439012 -0.7226403218536853 -1.6045838476889902e-16
vn -0.6912242510439012 0.7226403218536853 1.6045838476889902e-16
usemtl none
f 405/1513/407 406/1514/407 408/1515/407 407/1516/407
f 412/1517/408 410/1518/408 409/1519/408 411/1520/408
f 406/1521/409 405/1522/409 418/1523/409 420/1524/409
f 414/1525/410 407/1526/410 408/1527/410 416/1528/410
f 426/1529/411 405/1530/411 407/1531/411 428/1532/411
f 408/1533/412 406/1534/412 422/1535/412 424/1536/412
f 417/1537/413 409/1538/413 410/1539/413 419/1540/413
f 412/1541/414 411/1542/414 413/1543/414 415/1544/414
f 411/1545/415 409/1546/415 425/1547/415 427/1548/415
f 421/1549/416 410/1550/416 412/1551/416 423/1552/416
f 409/1553/417 417/1554/417 425/1555/417
f 411/1556/418 427/1557/418 413/1558/418
f 410/1559/419 421/1560/419 419/1561/419
f 412/1562/420 415/1563/420 423/1564/420
f 405/1565/421 426/1566/421 418/1567/421
f 407/1568/422 414/1569/422 428/1570/422
f 406/1571/423 420/1572/423 422/1573/423
f 408/1574/424 424/1575/424 416/1576/424
f 420/1577/425 418/1578/425 417/1579/425 419/1580/425
f 413/1581/426 414/1582/426 416/1583/426 415/1584/426
f 425/1585/427 426/1586/427 428/1587/427 427/1588/427
f 424/1589/428 422/1590/428 421/1591/428 423/1592/428
f 419/1593/429 421/1594/429 422/1595/429 420/1596/429
f 426/1597/430 425/1598/430 417/1599/430 418/1600/430
f 424/1601/431 423/1602/431 415/1603/431 416/1604/431
f 413/1605/432 427/1606/432 428/1607/432 414/1608/432
o beveled_cuboid
v 0.6078125 0.6625000000000001 -0.37291687500000004
v 0.6078125 0.6625000000000001 -0.464583125
v 0.5203125000000001 0.6625000000000001 -0.37291687500000004
v 0.5203125000000001 0.6625000000000001 -0.464583125
v 0.48281250000000003 0.5860293750000001 -0.37291687500000004
v 0.48281250000000003 0.6625000000000001 -0.37291687500000004
v 0.48281250000000003 0.5860293750000001 -0.464583125
v 0.48281250000000003 0.6625000000000001 -0.464583125
v 0.6453125000000001 0.5860293750000001 -0.37291687500000004
v 0.6453125000000001 0.6625000000000001 -0.37291687500000004
v 0.6453125000000001 0.58125 -0.464583125
v 0.6453125000000001 0.6625000000000001 -0.464583125
v 0.6078125 0.614705625 -0.5
v 0.6078125 0.6625000000000001 -0.5
v 0.5203125000000001 0.614705625 -0.5
v 0.5203125000000001 0.6625000000000001 -0.5
v 0.6078125 0.5860293750000001 -0.33125000000000004
v 0.6078125 0.6625000000000001 -0.33125000000000004
v 0.5203125000000001 0.614705625 -0.33125000000000004
v 0.5203125000000001 0.6625000000000001 -0.33125000000000004
vt 0.015625 1
vt 0 1
vt 0 0.984375
vt 0.015625 0.984375
vt 0.015625 0.984375
vt 0.015625 1
vt 0 1
vt 0 0.984375
vt 0.015625 0.984375
vt 0.015625 1
vt 0 1
vt 0 0.984375
vt 0.015625 0.984375
vt 0.015625 1
vt 0 1
vt 0 0.984375
vt 0.015625 1
vt 0 1
vt 0 0.984375
vt 0.015625 0.984375
vt 0.015625 1
vt 0 1
vt 0 0.977903125
vt 0.015625 0.977903125
vt 0.015625 0.977903125
vt 0.015625 1
vt 0 1
vt 0 0.977903125
vt 0.015625 0.977903125
vt 0.015625 1
vt 0 1
vt 0 0.977903125
vt 0.015625 1
vt 0 1
vt 0 0.977903125
vt 0.015625 0.977903125
vt 0 0.984375
vt 0.022096875 0.984375
vt 0.022096875 1
vt 0 1
vt 0 1
vt 0 0.984375
vt 0.022096875 0.984375
vt 0.022096875 1
vt 0 1
vt 0 0.984375
vt 0.022096875 0.984375
vt 0.022096875 1
vt 0 0.984375
vt 0.022096875 0.984375
vt 0.022096875 1
vt 0 1
vt 0.0110484375 1
vt 0 0.9808640625
vt 0.022096875 0.9808640625
vt 0.0110484375 1
vt 0 0.9808640625
vt 0.022096875 0.9808640625
vt 0.0110484375 1
vt 0 0.9808640625
vt 0.022096875 0.9808640625
vt 0.0110484375 1
vt 0 0.9808640625
vt 0.022096875 0.9808640625
vn 1 0 0
vn -1 0 0
vn 0 1 0
vn 0 0 1
vn 0 0 -1
vn 0 1 0
vn 0 1 0
vn 0 1 0
vn 0 1 0
vn 0.6866256677406021 0 -0.7270111363657178
vn 0.7432958094122593 0 0.6689628836566154
vn -0.6866256677406021 0 -0.7270111363657178
vn -0.7432958094122593 0 0.6689628836566155
vn 0 1 0
vn 0 1 0
vn 0 1 0
vn 0 1 0
usemtl none
f 440/1609/433 438/1610/433 437/1611/433 439/1612/433
f 433/1613/434 434/1614/434 436/1615/434 435/1616/434
f 429/1617/435 430/1618/435 432/1619/435 431/1620/435
f 445/1621/436 446/1622/436 448/1623/436 447/1624/436
f 444/1625/437 442/1626/437 441/1627/437 443/1628/437
f 430/1629/438 429/1630/438 438/1631/438 440/1632/438
f 434/1633/439 431/1634/439 432/1635/439 436/1636/439
f 446/1637/440 429/1638/440 431/1639/440 448/1640/440
f 432/1641/441 430/1642/441 442/1643/441 444/1644/441
f 439/1645/442 441/1646/442 442/1647/442 440/1648/442
f 446/1649/443 445/1650/443 437/1651/443 438/1652/443
f 444/1653/444 443/1654/444 435/1655/444 436/1656/444
f 433/1657/445 447/1658/445 448/1659/445 434/1660/445
f 429/1661/446 446/1662/446 438/1663/446
f 431/1664/447 434/1665/447 448/1666/447
f 430/1667/448 440/1668/448 442/1669/448
f 432/1670/449 444/1671/449 436/1672/449
o beveled_cuboid
v 0.5909856250000001 0.78125 -0.388734375
v 0.5909856250000001 0.78125 -0.446450625
v 0.537139375 0.78125 -0.388734375
v 0.537139375 0.78125 -0.446450625
v 0.5140625 0.66178375 -0.388734375
v 0.5140625 0.76875 -0.388734375
v 0.5140625 0.66178375 -0.446450625
v 0.5140625 0.76875 -0.446450625
v 0.6140625000000001 0.66178375 -0.388734375
v 0.6140625000000001 0.76875 -0.388734375
v 0.6140625000000001 0.6574356250000001 -0.446450625
v 0.6140625000000001 0.76875 -0.446450625
v 0.5909856250000001 0.658455625 -0.46875
v 0.5909856250000001 0.76875 -0.46875
v 0.537139375 0.658455625 -0.46875
v 0.537139375 0.76875 -0.46875
v 0.5909856250000001 0.66178375 -0.3625
v 0.5909856250000001 0.76875 -0.3625
v 0.537139375 0.658455625 -0.3625
v 0.537139375 0.76875 -0.3625
vt 0.015625 1
vt 0 1
vt 0 0.984375
vt 0.015625 0.984375
vt 0.015625 0.984375
vt 0.015625 1
vt 0 1
vt 0 0.984375
vt 0.015625 0.984375
vt 0.015625 1
vt 0 1
vt 0 0.984375
vt 0.015625 0.984375
vt 0.015625 1
vt 0 1
vt 0 0.984375
vt 0.015625 1
vt 0 1
vt 0 0.984375
vt 0.015625 0.984375
vt 0.015625 1
vt 0 1
vt 0 0.977903125
vt 0.015625 0.977903125
vt 0.015625 0.977903125
vt 0.015625 1
vt 0 1
vt 0 0.977903125
vt 0.015625 0.977903125
vt 0.015625 1
vt 0 1
vt 0 0.977903125
vt 0.015625 1
vt 0 1
vt 0 0.977903125
vt 0.015625 0.977903125
vt 0 0.984375
vt 0.022096875 0.984375
vt 0.022096875 1
vt 0 1
vt 0 1
vt 0 0.984375
vt 0.022096875 0.984375
vt 0.022096875 1
vt 0 1
vt 0 0.984375
vt 0.022096875 0.984375
vt 0.022096875 1
vt 0 0.984375
vt 0.022096875 0.984375
vt 0.022096875 1
vt 0 1
vt 0.0110484375 1
vt 0 0.9808640625
vt 0.022096875 0.9808640625
vt 0.0110484375 1
vt 0 0.9808640625
vt 0.022096875 0.9808640625
vt 0.0110484375 1
vt 0 0.9808640625
vt 0.022096875 0.9808640625
vt 0.0110484375 1
vt 0 0.9808640625
vt 0.022096875 0.9808640625
vn 1 0 0
vn -1 0 0
vn 0 1 0
vn 0 0 1
vn 0 0 -1
vn 0.4762839157092949 0.8792915509867141 0
vn -0.4762839157092949 0.8792915509867141 0
vn 0 0.9027611087765127 0.43014227934556926
vn 0 0.8722999869114375 -0.4889710961133654
vn 0.6948888507321437 0 -0.7191171567471886
vn 0.7508465725334625 0 0.6604766646254446
vn -0.6948888507321437 0 -0.7191171567471886
vn -0.7508465725334624 0 0.6604766646254445
vn 0.43928824032475833 0.810991984875552 0.38641666938680297
vn -0.43928824032475833 0.810991984875552 0.38641666938680297
vn 0.42720929636794935 0.7886924424896891 -0.4421045671065275
vn -0.42720929636794935 0.7886924424896891 -0.4421045671065275
usemtl none
f 460/1673/450 458/1674/450 457/1675/450 459/1676/450
f 453/1677/451 454/1678/451 456/1679/451 455/1680/451
f 449/1681/452 450/1682/452 452/1683/452 451/1684/452
f 465/1685/453 466/1686/453 468/1687/453 467/1688/453
f 464/1689/454 462/1690/454 461/1691/454 463/1692/454
f 450/1693/455 449/1694/455 458/1695/455 460/1696/455
f 454/1697/456 451/1698/456 452/1699/456 456/1700/456
f 466/1701/457 449/1702/457 451/1703/457 468/1704/457
f 452/1705/458 450/1706/458 462/1707/458 464/1708/458
f 459/1709/459 461/1710/459 462/1711/459 460/1712/459
f 466/1713/460 465/1714/460 457/1715/460 458/1716/460
f 464/1717/461 463/1718/461 455/1719/461 456/1720/461
f 453/1721/462 467/1722/462 468/1723/462 454/1724/462
f 449/1725/463 466/1726/463 458/1727/463
f 451/1728/464 454/1729/464 468/1730/464
f 450/1731/465 460/1732/465 462/1733/465
f 452/1734/466 464/1735/466 456/1736/466
o beveled_cuboid
v 0.5977162500000001 0.75 -0.3824075
v 0.5977162500000001 0.75 -0.45370375
v 0.53040875 0.75 -0.3824075
v 0.53040875 0.75 -0.45370375
v 0.5015625 0.7271156249999999 -0.3824075
v 0.5015625 0.75 -0.3824075
v 0.5015625 0.7271156249999999 -0.45370375
v 0.5015625 0.75 -0.45370375
v 0.6265625 0.7271156249999999 -0.3824075
v 0.6265625 0.75 -0.3824075
v 0.6265625 0.726185625 -0.45370375
v 0.6265625 0.75 -0.45370375
v 0.5977162500000001 0.7264037499999999 -0.48125
v 0.5977162500000001 0.75 -0.48125
v 0.53040875 0.7264037499999999 -0.48125
v 0.53040875 0.75 -0.48125
v 0.5977162500000001 0.7271156249999999 -0.35
v 0.5977162500000001 0.75 -0.35
v 0.53040875 0.7264037499999999 -0.35
v 0.53040875 0.75 -0.35
vt 0.015625 1
vt 0 1
vt 0 0.984375
vt 0.015625 0.984375
vt 0.015625 0.984375
vt 0.015625 1
vt 0 1
vt 0 0.984375
vt 0.015625 0.984375
vt 0.015625 1
vt 0 1
vt 0 0.984375
vt 0.015625 0.984375
vt 0.015625 1
vt 0 1
vt 0 0.984375
vt 0.015625 1
vt 0 1
vt 0 0.984375
vt 0.015625 0.984375
vt 0.015625 1
vt 0 1
vt 0 0.977903125
vt 0.015625 0.977903125
vt 0.015625 0.977903125
vt 0.015625 1
vt 0 1
vt 0 0.977903125
vt 0.015625 0.977903125
vt 0.015625 1
vt 0 1
vt 0 0.977903125
vt 0.015625 1
vt 0 1
vt 0 0.977903125
vt 0.015625 0.977903125
vt 0 0.984375
vt 0.022096875 0.984375
vt 0.022096875 1
vt 0 1
vt 0 1
vt 0 0.984375
vt 0.022096875 0.984375
vt 0.022096875 1
vt 0 1
vt 0 0.984375
vt 0.022096875 0.984375
vt 0.022096875 1
vt 0 0.984375
vt 0.022096875 0.984375
vt 0.022096875 1
vt 0 1
vt 0.0110484375 1
vt 0 0.9808640625
vt 0.022096875 0.9808640625
vt 0.0110484375 1
vt 0 0.9808640625
vt 0.022096875 0.9808640625
vt 0.0110484375 1
vt 0 0.9808640625
vt 0.022096875 0.9808640625
vt 0.0110484375 1
vt 0 0.9808640625
vt 0.022096875 0.9808640625
vn 1 0 0
vn -1 0 0
vn 0 1 0
vn 0 0 1
vn 0 0 -1
vn 0 1 0
vn 0 1 0
vn 0 1 0
vn 0 1 0
vn 0.6906225694451039 0 -0.7232153666599201
vn 0.746956115486346 0 0.6648733424777599
vn -0.6906225694451039 0 -0.7232153666599201
vn -0.7469561154863461 0 0.6648733424777599
vn 0 1 0
vn 0 1 0
vn 0 1 0
vn 0 1 0
usemtl none
f 480/1737/467 478/1738/467 477/1739/467 479/1740/467
f 473/1741/468 474/1742/468 476/1743/468 475/1744/468
f 469/1745/469 470/1746/469 472/1747/469 471/1748/469
f 485/1749/470 486/1750/470 488/1751/470 487/1752/470
f 484/1753/471 482/1754/471 481/1755/471 483/1756/471
f 470/1757/472 469/1758/472 478/1759/472 480/1760/472
f 474/1761/473 471/1762/473 472/1763/473 476/1764/473
f 486/1765/474 469/1766/474 471/1767/474 488/1768/474
f 472/1769/475 470/1770/475 482/1771/475 484/1772/475
f 479/1773/476 481/1774/476 482/1775/476 480/1776/476
f 486/1777/477 485/1778/477 477/1779/477 478/1780/477
f 484/1781/478 483/1782/478 475/1783/478 476/1784/478
f 473/1785/479 487/1786/479 488/1787/479 474/1788/479
f 469/1789/480 486/1790/480 478/1791/480
f 471/1792/481 474/1793/481 488/1794/481
f 470/1795/482 480/1796/482 482/1797/482
f 472/1798/483 484/1799/483 476/1800/483
o beveled_cuboid
v 0.5856531118417323 0.7875 -0.3547048845583032
v 0.6268063574879736 0.7875 -0.44295830464809766
v 0.5011229174295577 0.7875 -0.39412196155803103
v 0.5422761630757991 0.7875 -0.4823753816478255
v 0.47805629474377564 0.7776037499999999 -0.4117742163576986
v 0.47805629474377564 0.8125 -0.4117742163576986
v 0.5139268121182583 0.7776037499999999 -0.48869878910953496
v 0.5139268121182583 0.8125 -0.48869878910953496
v 0.6140024627992731 0.7776037499999999 -0.34838147709659373
v 0.6140024627992731 0.8125 -0.34838147709659373
v 0.6498729801737557 0.776185625 -0.42530604984843007
v 0.6498729801737557 0.8125 -0.42530604984843007
v 0.6323595431676607 0.776518125 -0.4696559096637642
v 0.6323595431676607 0.8125 -0.4696559096637642
v 0.5591581960934443 0.776518125 -0.5037902583917333
v 0.5591581960934443 0.8125 -0.5037902583917333
v 0.5663254397706764 0.7776037499999999 -0.32804531793928765
v 0.5663254397706764 0.8125 -0.32804531793928765
v 0.49312409269645996 0.776518125 -0.36217966666725676
v 0.49312409269645996 0.8125 -0.36217966666725676
v 0.5908683900927958 0.812814375 -0.35916907236393864
v 0.6284031151412244 0.81414125 -0.43531761233265365
v 0.5377757350917608 0.812245625 -0.47757785368824207
v 0.502882897242544 0.81146625 -0.4001973814865529
v 0.5064492464891442 0.8108187499999999 -0.3907555511925223
v 0.580168300933993 0.810025 -0.3577314295036731
v 0.6232471010352905 0.8148124999999999 -0.45011421444815336
v 0.5487533344893882 0.8124812499999999 -0.481476960674891
vt 0.015625 1
vt 0 1
vt 0 0.984375
vt 0.015625 0.984375
vt 0.015625 0.984375
vt 0.015625 1
vt 0 1
vt 0 0.984375
vt 0.015625 0.984375
vt 0.015625 1
vt 0 1
vt 0 0.984375
vt 0.015625 0.984375
vt 0.015625 1
vt 0 1
vt 0 0.984375
vt 0.015625 1
vt 0 1
vt 0 0.984375
vt 0.015625 0.984375
vt 0 0.984375
vt 0.022096875 0.984375
vt 0.022096875 1
vt 0 1
vt 0 1
vt 0 0.984375
vt 0.022096875 0.984375
vt 0.022096875 1
vt 0 1
vt 0 0.984375
vt 0.022096875 0.984375
vt 0.022096875 1
vt 0 0.984375
vt 0.022096875 0.984375
vt 0.022096875 1
vt 0 1
vt 0.015625 1
vt 0 1
vt 0 0.99419765625
vt 0.015625 0.9930253125
vt 0.015625 0.9930253125
vt 0 0.99419765625
vt 0 0.977903125
vt 0.015625 0.977903125
vt 0.015625 0.977903125
vt 0.015625 0.9953896875
vt 0 0.99470078125
vt 0 0.977903125
vt 0.015625 0.9953896875
vt 0.015625 1
vt 0 1
vt 0 0.99470078125
vt 0.015625 0.977903125
vt 0.015625 0.99666359375
vt 0 0.995961875
vt 0 0.977903125
vt 0.015625 0.99666359375
vt 0.015625 1
vt 0 1
vt 0 0.995961875
vt 0.015625 0.9944925
vt 0.015625 1
vt 0 1
vt 0 0.99243203125
vt 0 0.99243203125
vt 0 0.977903125
vt 0.015625 0.977903125
vt 0.015625 0.9944925
vt 0.0110484375 1
vt 0.0093803125 0.997110625
vt 0.0139496875 0.99497515625
vt 0.0139496875 0.99497515625
vt 0.0093803125 0.997110625
vt 0 0.9808640625
vt 0.022096875 0.9808640625
vt 0.0110484375 1
vt 0.00874328125 0.9960075
vt 0.0130675 0.99650296875
vt 0.0130675 0.99650296875
vt 0.00874328125 0.9960075
vt 0 0.9808640625
vt 0.022096875 0.9808640625
vt 0.0110484375 1
vt 0.00756109375 0.99395984375
vt 0.01483234375 0.99344609375
vt 0.01483234375 0.99344609375
vt 0.00756109375 0.99395984375
vt 0 0.9808640625
vt 0.022096875 0.9808640625
vt 0.0110484375 1
vt 0.0082946875 0.995230625
vt 0.01369796875 0.9954109375
vt 0.01369796875 0.9954109375
vt 0.0082946875 0.995230625
vt 0 0.9808640625
vt 0.022096875 0.9808640625
vn 0.9063077870366499 0 0.42261826174069944
vn -0.9063077870366499 0 -0.42261826174069944
vn 0 1 0
vn -0.42261826174069944 0 0.9063077870366499
vn 0.42261826174069944 0 -0.9063077870366499
vn 0.9301056963739135 0 -0.36729197319407547
vn 0.3923401444478206 0 0.9198202058308262
vn -0.31649844226049584 0 -0.9485930297270161
vn -0.9568145409789452 0 0.29069904398062724
vn -0.9006574834910442 0.1114897858123638 -0.41998348192648316
vn 0.004441866619447745 0.9997978234577154 0.019610763120038132
vn 0.030501031499319334 0.9992509111351553 0.023818137480496444
vn 0.9055625595775243 0.04054453011355052 0.4222707564694418
vn 0.03968686849014143 0.9971200742581695 -0.06462592344275732
vn 0.4225430560702507 -0.018864566947613393 -0.9061465079559111
vn -0.421371510382189 0.07675563297165706 0.9036341201201696
vn 0.045067140893694915 0.9942979179927194 -0.09664679553410808
vn -0.09188012779483545 -0.1545469074275469 -0.9837038657649902
vn -0.27263387205267503 0.9399164190039637 -0.20549427509381152
vn 0.9200382289636262 -0.15841230900678815 -0.35837856744037044
vn 0.011700879923134455 0.9978804779413133 0.06401282022095695
vn -0.944178884610295 -0.03728429000331784 0.3273165372770037
vn 0.06585756760131883 0.9975796678025293 0.022306662158050463
vn 0.33456166944791943 -0.120359388079138 0.9346561437434822
vn -0.025357492592055452 0.999618097252392 -0.010984407810671998
usemtl none
f 500/1801/484 498/1802/484 497/1803/484 499/1804/484
f 493/1805/485 494/1806/485 496/1807/485 495/1808/485
f 489/1809/486 490/1810/486 492/1811/486 491/1812/486
f 505/1813/487 506/1814/487 508/1815/487 507/1816/487
f 504/1817/488 502/1818/488 501/1819/488 503/1820/488
f 499/1821/489 501/1822/489 502/1823/489 500/1824/489
f 506/1825/490 505/1826/490 497/1827/490 498/1828/490
f 504/1829/491 503/1830/491 495/1831/491 496/1832/491
f 493/1833/492 507/1834/492 508/1835/492 494/1836/492
f 490/1837/493 489/1838/493 509/1839/493 510/1840/493
f 510/1841/494 509/1842/494 498/1843/494 500/1844/494
f 494/1845/495 512/1846/495 511/1847/495 496/1848/495
f 512/1849/496 491/1850/496 492/1851/496 511/1852/496
f 506/1853/497 514/1854/497 513/1855/497 508/1856/497
f 514/1857/498 489/1858/498 491/1859/498 513/1860/498
f 516/1861/499 492/1862/499 490/1863/499 515/1864/499
f 515/1865/500 502/1866/500 504/1867/500 516/1868/500
f 489/1869/501 514/1870/501 509/1871/501
f 509/1872/502 514/1873/502 506/1874/502 498/1875/502
f 491/1876/503 512/1877/503 513/1878/503
f 513/1879/504 512/1880/504 494/1881/504 508/1882/504
f 490/1883/505 510/1884/505 515/1885/505
f 515/1886/506 510/1887/506 500/1888/506 502/1889/506
f 492/1890/507 516/1891/507 511/1892/507
f 511/1893/508 516/1894/508 504/1895/508 496/1896/508
o beveled_cuboid
v -0.9314518332677642 1.7702007665792983 -0.996546875
v -0.9314518332677642 1.7702007665792983 -1.054263125
v -0.9711514530649763 1.7338227673624735 -0.996546875
v -0.9711514530649763 1.7338227673624735 -1.054263125
v -0.9032328425687142 1.625544514596347 -0.996546875
v -0.9754981936140827 1.704408306524913 -0.996546875
v -0.9032328425687142 1.625544514596347 -1.054263125
v -0.9754981936140827 1.704408306524913 -1.054263125
v -0.8295051088877017 1.6931035353579131 -0.996546875
v -0.9017704599330704 1.771967327286479 -0.996546875
v -0.8265675582162129 1.6898977613377957 -1.054263125
v -0.9017704599330704 1.771967327286479 -1.054263125
v -0.844270717169881 1.6750592734489713 -1.0765625
v -0.9187845168749704 1.7563768165141085 -1.0765625
v -0.8839703369670932 1.6386812742321466 -1.0765625
v -0.9584841366721826 1.7199988172972838 -1.0765625
v -0.8465191658296018 1.6775130245855425 -0.9703125
v -0.9187845168749704 1.7563768165141085 -0.9703125
v -0.8839703369670932 1.6386812742321466 -0.9703125
v -0.9584841366721826 1.7199988172972838 -0.9703125
vt 0.015625 1
vt 0 1
vt 0 0.984375
vt 0.015625 0.984375
vt 0.015625 0.984375
vt 0.015625 1
vt 0 1
vt 0 0.984375
vt 0.015625 0.984375
vt 0.015625 1
vt 0 1
vt 0 0.984375
vt 0.015625 0.984375
vt 0.015625 1
vt 0 1
vt 0 0.984375
vt 0.015625 1
vt 0 1
vt 0 0.984375
vt 0.015625 0.984375
vt 0.015625 1
vt 0 1
vt 0 0.977903125
vt 0.015625 0.977903125
vt 0.015625 0.977903125
vt 0.015625 1
vt 0 1
vt 0 0.977903125
vt 0.015625 0.977903125
vt 0.015625 1
vt 0 1
vt 0 0.977903125
vt 0.015625 1
vt 0 1
vt 0 0.977903125
vt 0.015625 0.977903125
vt 0 0.984375
vt 0.022096875 0.984375
vt 0.022096875 1
vt 0 1
vt 0 1
vt 0 0.984375
vt 0.022096875 0.984375
vt 0.022096875 1
vt 0 1
vt 0 0.984375
vt 0.022096875 0.984375
vt 0.022096875 1
vt 0 0.984375
vt 0.022096875 0.984375
vt 0.022096875 1
vt 0 1
vt 0.0110484375 1
vt 0 0.9808640625
vt 0.022096875 0.9808640625
vt 0.0110484375 1
vt 0 0.9808640625
vt 0.022096875 0.9808640625
vt 0.0110484375 1
vt 0 0.9808640625
vt 0.022096875 0.9808640625
vt 0.0110484375 1
vt 0 0.9808640625
vt 0.022096875 0.9808640625
vn 0.7372773368101242 0.6755902076156601 0
vn -0.7372773368101242 -0.6755902076156601 0
vn -0.6755902076156601 0.7372773368101242 0
vn 0 0 1
vn 0 0 -1
vn -0.059412349422237 0.9982335261531392 0
vn -0.9892568187689066 0.1461880519030978 0
vn -0.5496397478936047 0.5998265294018621 0.581467352618504
vn -0.5170910867203334 0.5643058987650479 -0.6435648068791179
vn 0.5123258012468429 0.46946010293593654 -0.7191171567471886
vn 0.5535821613504809 0.5072645918253887 0.6604766646254445
vn -0.5123258012468428 -0.46946010293593643 -0.7191171567471886
vn -0.5535821613504809 -0.5072645918253887 0.6604766646254446
vn -0.05195466592477005 0.8729311308261478 0.48506901933975183
vn -0.8650812168303604 0.12783792381009024 0.48506901933975183
vn -0.04975516718692202 0.8359756257467674 -0.5465063371046143
vn -0.8284580375511488 0.12242591033517819 -0.5465063371046143
usemtl none
f 528/1897/509 526/1898/509 525/1899/509 527/1900/509
f 521/1901/510 522/1902/510 524/1903/510 523/1904/510
f 517/1905/511 518/1906/511 520/1907/511 519/1908/511
f 533/1909/512 534/1910/512 536/1911/512 535/1912/512
f 532/1913/513 530/1914/513 529/1915/513 531/1916/513
f 518/1917/514 517/1918/514 526/1919/514 528/1920/514
f 522/1921/515 519/1922/515 520/1923/515 524/1924/515
f 534/1925/516 517/1926/516 519/1927/516 536/1928/516
f 520/1929/517 518/1930/517 530/1931/517 532/1932/517
f 527/1933/518 529/1934/518 530/1935/518 528/1936/518
f 534/1937/519 533/1938/519 525/1939/519 526/1940/519
f 532/1941/520 531/1942/520 523/1943/520 524/1944/520
f 521/1945/521 535/1946/521 536/1947/521 522/1948/521
f 517/1949/522 534/1950/522 526/1951/522
f 519/1952/523 522/1953/523 536/1954/523
f 518/1955/524 528/1956/524 530/1957/524
f 520/1958/525 532/1959/525 524/1960/525
o beveled_cuboid
v -0.8345969837289697 1.6894091714528054 -0.980729375
v -0.8345969837289697 1.6894091714528054 -1.072395625
v -0.8991087506998556 1.6302950282864352 -0.980729375
v -0.8991087506998556 1.6302950282864352 -1.072395625
v -0.8750938454099859 1.5485803367566422 -0.980729375
v -0.9267566508302353 1.604960395500848 -0.980729375
v -0.8750938454099859 1.5485803367566422 -1.072395625
v -0.9267566508302353 1.604960395500848 -1.072395625
v -0.7552862781783407 1.658363745494187 -0.980729375
v -0.8069490835985901 1.7147438042383927 -0.980729375
v -0.7520573792298177 1.6548400206225702 -1.072395625
v -0.8069490835985901 1.7147438042383927 -1.072395625
v -0.802307571999859 1.654171461938301 -1.1078125
v -0.8345969837289697 1.6894091714528054 -1.1078125
v -0.8668193389707448 1.5950573187719308 -1.1078125
v -0.8991087506998556 1.6302950282864352 -1.1078125
v -0.7829341783087205 1.6330291127085999 -0.9390625
v -0.8345969837289697 1.6894091714528054 -0.9390625
v -0.8480691721642243 1.576307493944595 -0.9390625
v -0.8991087506998556 1.6302950282864352 -0.9390625
vt 0.015625 1
vt 0 1
vt 0 0.984375
vt 0.015625 0.984375
vt 0.015625 0.984375
vt 0.015625 1
vt 0 1
vt 0 0.984375
vt 0.015625 0.984375
vt 0.015625 1
vt 0 1
vt 0 0.984375
vt 0.015625 0.984375
vt 0.015625 1
vt 0 1
vt 0 0.984375
vt 0.015625 1
vt 0 1
vt 0 0.984375
vt 0.015625 0.984375
vt 0.015625 1
vt 0 1
vt 0 0.977903125
vt 0.015625 0.977903125
vt 0.015625 0.977903125
vt 0.015625 1
vt 0 1
vt 0 0.977903125
vt 0.015625 0.977903125
vt 0.015625 1
vt 0 1
vt 0 0.977903125
vt 0.015625 1
vt 0 1
vt 0 0.977903125
vt 0.015625 0.977903125
vt 0 0.984375
vt 0.022096875 0.984375
vt 0.022096875 1
vt 0 1
vt 0 1
vt 0 0.984375
vt 0.022096875 0.984375
vt 0.022096875 1
vt 0 1
vt 0 0.984375
vt 0.022096875 0.984375
vt 0.022096875 1
vt 0 0.984375
vt 0.022096875 0.984375
vt 0.022096875 1
vt 0 1
vt 0.0110484375 1
vt 0 0.9808640625
vt 0.022096875 0.9808640625
vt 0.0110484375 1
vt 0 0.9808640625
vt 0.022096875 0.9808640625
vt 0.0110484375 1
vt 0 0.9808640625
vt 0.022096875 0.9808640625
vt 0.0110484375 1
vt 0 0.9808640625
vt 0.022096875 0.9808640625
vn 0.7372773368101242 0.6755902076156601 0
vn -0.7372773368101242 -0.6755902076156601 0
vn -0.6755902076156601 0.7372773368101242 0
vn 0 0 1
vn 0 0 -1
vn -0.6755902076156601 0.7372773368101242 0
vn -0.6755902076156601 0.7372773368101242 0
vn -0.6755902076156601 0.7372773368101242 0
vn -0.6755902076156601 0.7372773368101242 0
vn 0.5062335436972643 0.46387757742311464 -0.7270111363657179
vn 0.5480151548255963 0.5021633702006785 0.6689628836566154
vn -0.5062335436972644 -0.4638775774231147 -0.7270111363657178
vn -0.5325260110362108 -0.5034477587076017 0.6804089959885553
vn -0.6755902076156601 0.7372773368101242 0
vn -0.6755902076156601 0.7372773368101242 0
vn -0.6755902076156601 0.7372773368101242 0
vn -0.6755902076156601 0.7372773368101242 0
usemtl none
f 548/1961/526 546/1962/526 545/1963/526 547/1964/526
f 541/1965/527 542/1966/527 544/1967/527 543/1968/527
f 537/1969/528 538/1970/528 540/1971/528 539/1972/528
f 553/1973/529 554/1974/529 556/1975/529 555/1976/529
f 552/1977/530 550/1978/530 549/1979/530 551/1980/530
f 538/1981/531 537/1982/531 546/1983/531 548/1984/531
f 542/1985/532 539/1986/532 540/1987/532 544/1988/532
f 554/1989/533 537/1990/533 539/1991/533 556/1992/533
f 540/1993/534 538/1994/534 550/1995/534 552/1996/534
f 547/1997/535 549/1998/535 550/1999/535 548/2000/535
f 554/2001/536 553/2002/536 545/2003/536 546/2004/536
f 552/2005/537 551/2006/537 543/2007/537 544/2008/537
f 541/2009/538 555/2010/538 556/2011/538 542/2012/538
f 537/2013/539 554/2014/539 546/2015/539
f 539/2016/540 542/2017/540 556/2018/540
f 538/2019/541 548/2020/541 550/2021/541
f 540/2022/542 552/2023/542 544/2024/542
o beveled_cuboid
v -0.9011548632071092 1.7471000107900518 -0.9902200000000001
v -0.9011548632071092 1.7471000107900518 -1.06151625
v -0.9507791575544566 1.7016277228909606 -0.9902200000000001
v -0.9507791575544566 1.7016277228909606 -1.06151625
v -0.9565863842740111 1.6652673478099633 -0.9902200000000001
v -0.9720468439314157 1.6821394788645274 -0.9902200000000001
v -0.9565863842740111 1.6652673478099633 -1.06151625
v -0.9720468439314157 1.6821394788645274 -1.06151625
v -0.8644267171727456 1.7497161237619208 -0.9902200000000001
v -0.8798871768301502 1.7665882548164848 -0.9902200000000001
v -0.863798418279663 1.7490304558386873 -1.06151625
v -0.8798871768301502 1.7665882548164848 -1.06151625
v -0.8852134677706581 1.7297030304313459 -1.0890625
v -0.9011548632071092 1.7471000107900518 -1.0890625
v -0.9348377621180056 1.6842307425322547 -1.0890625
v -0.9507791575544566 1.7016277228909606 -1.0890625
v -0.8856944035497045 1.7302278797354875 -0.9578125000000001
v -0.9011548632071092 1.7471000107900518 -0.9578125000000001
v -0.9348377621180056 1.6842307425322547 -0.9578125000000001
v -0.9507791575544566 1.7016277228909606 -0.9578125000000001
vt 0.015625 1
vt 0 1
vt 0 0.984375
vt 0.015625 0.984375
vt 0.015625 0.984375
vt 0.015625 1
vt 0 1
vt 0 0.984375
vt 0.015625 0.984375
vt 0.015625 1
vt 0 1
vt 0 0.984375
vt 0.015625 0.984375
vt 0.015625 1
vt 0 1
vt 0 0.984375
vt 0.015625 1
vt 0 1
vt 0 0.984375
vt 0.015625 0.984375
vt 0.015625 1
vt 0 1
vt 0 0.977903125
vt 0.015625 0.977903125
vt 0.015625 0.977903125
vt 0.015625 1
vt 0 1
vt 0 0.977903125
vt 0.015625 0.977903125
vt 0.015625 1
vt 0 1
vt 0 0.977903125
vt 0.015625 1
vt 0 1
vt 0 0.977903125
vt 0.015625 0.977903125
vt 0 0.984375
vt 0.022096875 0.984375
vt 0.022096875 1
vt 0 1
vt 0 1
vt 0 0.984375
vt 0.022096875 0.984375
vt 0.022096875 1
vt 0 1
vt 0 0.984375
vt 0.022096875 0.984375
vt 0.022096875 1
vt 0 0.984375
vt 0.022096875 0.984375
vt 0.022096875 1
vt 0 1
vt 0.0110484375 1
vt 0 0.9808640625
vt 0.022096875 0.9808640625
vt 0.0110484375 1
vt 0 0.9808640625
vt 0.022096875 0.9808640625
vt 0.0110484375 1
vt 0 0.9808640625
vt 0.022096875 0.9808640625
vt 0.0110484375 1
vt 0 0.9808640625
vt 0.022096875 0.9808640625
vn 0.7372773368101242 0.6755902076156601 0
vn -0.7372773368101242 -0.6755902076156601 0
vn -0.6755902076156601 0.7372773368101242 0
vn 0 0 1
vn 0 0 -1
vn -0.6755902076156601 0.7372773368101242 0
vn -0.6755902076156601 0.7372773368101242 0
vn -0.6755902076156601 0.7372773368101242 0
vn -0.6755902076156601 0.7372773368101242 0
vn 0.5091803687414512 0.4665778450754784 -0.7232153666599201
vn 0.5507138155398088 0.5046362371412075 0.6648733424777599
vn -0.5091803687414512 -0.4665778450754784 -0.7232153666599201
vn -0.5507138155398087 -0.5046362371412075 0.6648733424777599
vn -0.6755902076156601 0.7372773368101242 0
vn -0.6755902076156601 0.7372773368101242 0
vn -0.6755902076156601 0.7372773368101242 0
vn -0.6755902076156601 0.7372773368101242 0
usemtl none
f 568/2025/543 566/2026/543 565/2027/543 567/2028/543
f 561/2029/544 562/2030/544 564/2031/544 563/2032/544
f 557/2033/545 558/2034/545 560/2035/545 559/2036/545
f 573/2037/546 574/2038/546 576/2039/546 575/2040/546
f 572/2041/547 570/2042/547 569/2043/547 571/2044/547
f 558/2045/548 557/2046/548 566/2047/548 568/2048/548
f 562/2049/549 559/2050/549 560/2051/549 564/2052/549
f 574/2053/550 557/2054/550 559/2055/550 576/2056/550
f 560/2057/551 558/2058/551 570/2059/551 572/2060/551
f 567/2061/552 569/2062/552 570/2063/552 568/2064/552
f 574/2065/553 573/2066/553 565/2067/553 566/2068/553
f 572/2069/554 571/2070/554 563/2071/554 564/2072/554
f 561/2073/555 575/2074/555 576/2075/555 562/2076/555
f 557/2077/556 574/2078/556 566/2079/556
f 559/2080/557 562/2081/557 576/2082/557
f 558/2083/558 568/2084/558 570/2085/558
f 560/2086/559 572/2087/559 564/2088/559
o beveled_cuboid
v -0.9032750053976311 1.7923156700457545 -0.9923673992729014
v -0.9248638035985167 1.772533173456328 -1.0852373750761524
v -0.9688572930027227 1.7322205819719696 -0.9643209437312545
v -0.9904460912036084 1.7124380853825432 -1.0571909195345055
v -0.9835025313266936 1.7053779984312691 -0.961751965530153
v -1.0070780953003533 1.7311062134371022 -0.9617519680337125
v -1.0023200352391657 1.688134926190466 -1.0427004795126107
v -1.0258955992128254 1.713863141196299 -1.0427004820161703
v -0.8780294426366045 1.8020262671286382 -1.006857837874824
v -0.9016050066102641 1.8277544821344711 -1.0068578403783834
v -0.8958888752187718 1.783737643434451 -1.0878063517555414
v -0.9204225105227362 1.8105114098936679 -1.0878063543608414
v -0.9277239735272883 1.7550171338410914 -1.1086725910439486
v -0.9520329750949273 1.7815457555787568 -1.108672593625394
v -0.9845168370748726 1.7029760681587538 -1.084384958197691
v -1.0088258386425115 1.7295046898964193 -1.0843849607791365
v -0.893816232516097 1.7875603449307127 -0.9596543183619217
v -0.9173917964897567 1.8132885599365458 -0.9596543208654812
v -0.9498756584697019 1.7347188725165428 -0.9353666854377781
v -0.9741846600373409 1.7612474942542085 -0.9353666880192236
v -0.9197658386711296 1.8115395472794529 -0.9991821365158181
v -0.9381885999155286 1.796457885822415 -1.0806828216474225
v -1.0072206899049974 1.7306305215057005 -1.0506133675951195
v -0.9871181205963668 1.7479940403379561 -0.969989239955359
v -0.9800391367528508 1.7536025027190207 -0.9654373831953741
v -0.9229816103366343 1.8048094909122414 -0.9908933192431235
v -0.9488149333136389 1.7876310894994036 -1.0881086682235228
v -1.003354830096094 1.734492516143004 -1.0609044495755573
vt 0.015625 1
vt 0 1
vt 0 0.984375
vt 0.015625 0.984375
vt 0.015625 0.984375
vt 0.015625 1
vt 0 1
vt 0 0.984375
vt 0.015625 0.984375
vt 0.015625 1
vt 0 1
vt 0 0.984375
vt 0.015625 0.984375
vt 0.015625 1
vt 0 1
vt 0 0.984375
vt 0.015625 1
vt 0 1
vt 0 0.984375
vt 0.015625 0.984375
vt 0 0.984375
vt 0.022096875 0.984375
vt 0.022096875 1
vt 0 1
vt 0 1
vt 0 0.984375
vt 0.022096875 0.984375
vt 0.022096875 1
vt 0 1
vt 0 0.984375
vt 0.022096875 0.984375
vt 0.022096875 1
vt 0 0.984375
vt 0.022096875 0.984375
vt 0.022096875 1
vt 0 1
vt 0.015625 1
vt 0 1
vt 0 0.99419765625
vt 0.015625 0.9930253125
vt 0.015625 0.9930253125
vt 0 0.99419765625
vt 0 0.977903125
vt 0.015625 0.977903125
vt 0.015625 0.977903125
vt 0.015625 0.9953896875
vt 0 0.99470078125
vt 0 0.977903125
vt 0.015625 0.9953896875
vt 0.015625 1
vt 0 1
vt 0 0.99470078125
vt 0.015625 0.977903125
vt 0.015625 0.99666359375
vt 0 0.995961875
vt 0 0.977903125
vt 0.015625 0.99666359375
vt 0.015625 1
vt 0 1
vt 0 0.995961875
vt 0.015625 0.9944925
vt 0.015625 1
vt 0 1
vt 0 0.99243203125
vt 0 0.99243203125
vt 0 0.977903125
vt 0.015625 0.977903125
vt 0.015625 0.9944925
vt 0.0110484375 1
vt 0.0093803125 0.997110625
vt 0.0139496875 0.99497515625
vt 0.0139496875 0.99497515625
vt 0.0093803125 0.997110625
vt 0 0.9808640625
vt 0.022096875 0.9808640625
vt 0.0110484375 1
vt 0.00874328125 0.9960075
vt 0.0130675 0.99650296875
vt 0.0130675 0.99650296875
vt 0.00874328125 0.9960075
vt 0 0.9808640625
vt 0.022096875 0.9808640625
vt 0.0110484375 1
vt 0.00756109375 0.99395984375
vt 0.01483234375 0.99344609375
vt 0.01483234375 0.99344609375
vt 0.00756109375 0.99395984375
vt 0 0.9808640625
vt 0.022096875 0.9808640625
vt 0.0110484375 1
vt 0.0082946875 0.995230625
vt 0.01369796875 0.9954109375
vt 0.01369796875 0.9954109375
vt 0.0082946875 0.995230625
vt 0 0.9808640625
vt 0.022096875 0.9808640625
vn 0.7031539246005941 0.6443217913157934 -0.3007058156311401
vn -0.7031539246005941 -0.6443217913157934 0.3007058156311401
vn -0.6755901844369998 0.7372773580494492 -7.174293945033662e-8
vn 0.22170354307309245 0.20315394788984983 0.9537169456634425
vn -0.22170354307309245 -0.20315394788984983 -0.9537169456634425
vn 0.32263775807993034 0.2956429294877433 -0.8991663557457328
vn 0.6714274311665359 0.615249887633939 0.41310141665640954
vn -0.6445332240542895 -0.5906058958620529 -0.4855528795745785
vn -0.3753068301079373 -0.34390524278657947 0.8607403599566109
vn -0.7740915725519135 -0.5581059238123149 0.2988310812310327
vn -0.6632710264862705 0.7482915664516292 0.01145761760647959
vn -0.6466406695082475 0.7627886786418672 -0.0030456975752683035
vn 0.6751842573873973 0.6736845504779055 -0.30045855791375203
vn -0.6842616301502099 0.7254252719965152 -0.07445935974046239
vn -0.2089193742702889 -0.2170262143638077 -0.9535472286853052
vn 0.16919415096590373 0.2591448208235429 0.950903413138927
vn -0.6953799229550447 0.7114094235593228 -0.10170248188725972
vn -0.4355139100568357 -0.6086934217187351 -0.6631892282775291
vn -0.8855522087679141 0.46338876078122604 0.03268244066633429
vn 0.4286268498995912 0.1779028185120547 -0.8857932099032033
vn -0.6359133009923936 0.7707597286862522 0.0392901292496274
vn -0.32501039015740835 -0.34838728404298164 0.879201084284411
vn -0.6270454237026531 0.7784776327041855 -0.028046603944998402
vn 0.7287236907598771 0.5045037850766273 0.46307419855640763
vn -0.6945872518270987 0.7193517643537769 0.009032647473866172
usemtl none
f 588/2089/560 586/2090/560 585/2091/560 587/2092/560
f 581/2093/561 582/2094/561 584/2095/561 583/2096/561
f 577/2097/562 578/2098/562 580/2099/562 579/2100/562
f 593/2101/563 594/2102/563 596/2103/563 595/2104/563
f 592/2105/564 590/2106/564 589/2107/564 591/2108/564
f 587/2109/565 589/2110/565 590/2111/565 588/2112/565
f 594/2113/566 593/2114/566 585/2115/566 586/2116/566
f 592/2117/567 591/2118/567 583/2119/567 584/2120/567
f 581/2121/568 595/2122/568 596/2123/568 582/2124/568
f 578/2125/569 577/2126/569 597/2127/569 598/2128/569
f 598/2129/570 597/2130/570 586/2131/570 588/2132/570
f 582/2133/571 600/2134/571 599/2135/571 584/2136/571
f 600/2137/572 579/2138/572 580/2139/572 599/2140/572
f 594/2141/573 602/2142/573 601/2143/573 596/2144/573
f 602/2145/574 577/2146/574 579/2147/574 601/2148/574
f 604/2149/575 580/2150/575 578/2151/575 603/2152/575
f 603/2153/576 590/2154/576 592/2155/576 604/2156/576
f 577/2157/577 602/2158/577 597/2159/577
f 597/2160/578 602/2161/578 594/2162/578 586/2163/578
f 579/2164/579 600/2165/579 601/2166/579
f 601/2167/580 600/2168/580 582/2169/580 596/2170/580
f 578/2171/581 598/2172/581 603/2173/581
f 603/2174/582 598/2175/582 588/2176/582 590/2177/582
f 580/2178/583 604/2179/583 599/2180/583
f 599/2181/584 604/2182/584 592/2183/584 584/2184/584
o cube
v 0.7515625 1.625 -0.25
v 0.7515625 1.625 -0.26875000000000004
v 0.7515625 1.4 -0.25
v 0.7515625 1.4 -0.26875000000000004
v 0.37031249999999993 1.625 -0.26875000000000004
v 0.37031249999999993 1.625 -0.25
v 0.37031249999999993 1.4 -0.26875000000000004
v 0.37031249999999993 1.4 -0.25
vt 0 1
vt 0.0953125 1
vt 0.0953125 0.94375
vt 0 0.94375
vt 0 1
vt 0.0046875 1
vt 0.0046875 0.94375
vt 0 0.94375
vt 0 1
vt 0.0953125 1
vt 0.0953125 0.94375
vt 0 0.94375
vt 0.0265625 1
vt 0.03125 1
vt 0.03125 0.94375
vt 0.0265625 0.94375
vt 0 0.9734375
vt 0.0953125 0.9734375
vt 0.0953125 0.96875
vt 0 0.96875
vt 0 1
vt 0.0953125 1
vt 0.0953125 0.9953125
vt 0 0.9953125
vn 0 0 -1
vn 1 0 0
vn 0 0 1
vn -1 0 0
vn 0 1 0
vn 0 -1 0
usemtl none
f 608/2188/585 611/2187/585 609/2186/585 606/2185/585
f 607/2192/586 608/2191/586 606/2190/586 605/2189/586
f 612/2196/587 607/2195/587 605/2194/587 610/2193/587
f 611/2200/588 612/2199/588 610/2198/588 609/2197/588
f 610/2204/589 605/2203/589 606/2202/589 609/2201/589
f 611/2208/590 608/2207/590 607/2206/590 612/2205/590
o cube
v 0.9409243660912795 1.625 -0.13963688549987627
v 0.9501573078432196 1.625 -0.1559560547987494
v 0.9409243660912795 1.4 -0.13963688549987627
v 0.9501573078432196 1.4 -0.1559560547987494
v 0.7488875531571177 1.625 -0.26982900307267615
v 0.7396546114051777 1.625 -0.253509833773803
v 0.7488875531571177 1.4 -0.26982900307267615
v 0.7396546114051777 1.4 -0.253509833773803
vt 0.0375 1
vt 0.0953125 1
vt 0.0953125 0.94375
vt 0.0375 0.94375
vt 0 1
vt 0.0046875 1
vt 0.0046875 0.94375
vt 0 0.94375
vt 0 1
vt 0.0578125 1
vt 0.0578125 0.94375
vt 0 0.94375
vt 0.0265625 1
vt 0.03125 1
vt 0.03125 0.94375
vt 0.0265625 0.94375
vt 0 0.9734375
vt 0.0578125 0.9734375
vt 0.0578125 0.96875
vt 0 0.96875
vt 0 1
vt 0.0578125 1
vt 0.0578125 0.9953125
vt 0 0.9953125
vn 0.4924235601034671 0 -0.8703556959398997
vn 0.8703556959398997 0 0.4924235601034671
vn -0.4924235601034671 0 0.8703556959398997
vn -0.8703556959398997 0 -0.4924235601034671
vn 0 1 0
vn 0 -1 0
usemtl none
f 616/2212/591 619/2211/591 617/2210/591 614/2209/591
f 615/2216/592 616/2215/592 614/2214/592 613/2213/592
f 620/2220/593 615/2219/593 613/2218/593 618/2217/593
f 619/2224/594 620/2223/594 618/2222/594 617/2221/594
f 618/2228/595 613/2227/595 614/2226/595 617/2225/595
f 619/2232/596 616/2231/596 615/2230/596 620/2229/596
o beveled_cuboid
v -0.7776043749999999 1.1500000000000001 -1.5250000000000012
v -0.6942706249999999 1.1500000000000001 -1.5250000000000012
v -0.7776043749999999 1.1500000000000001 -1.437500000000001
v -0.6942706249999999 1.1500000000000001 -1.437500000000001
v -0.7776043749999999 1.5250000000000001 -1.525000000000001
v -0.6942706249999999 1.5250000000000001 -1.525000000000001
v -0.7776043749999999 1.525 -1.437500000000001
v -0.6942706249999999 1.525 -1.437500000000001
v -0.7776043749999999 1.491771875 -1.350000000000001
v -0.777604375 1.154871875 -1.3500000000000012
v -0.6942706249999999 1.491771875 -1.350000000000001
v -0.694270625 1.154871875 -1.3500000000000012
v -0.7791668749999998 1.491771875 -1.6125000000000012
v -0.7791668749999999 1.1548718750000002 -1.6125000000000012
v -0.6927081249999999 1.491771875 -1.6125000000000012
v -0.6927081249999999 1.1548718750000002 -1.6125000000000012
v -0.6109374999999999 1.491771875 -1.525000000000001
v -0.6109375 1.1548718750000002 -1.5250000000000012
v -0.6109374999999999 1.491771875 -1.437500000000001
v -0.6109375 1.1548718750000002 -1.437500000000001
v -0.8609374999999999 1.491771875 -1.525000000000001
v -0.8609374999999999 1.1548718750000002 -1.525000000000001
v -0.8609374999999999 1.491771875 -1.437500000000001
v -0.8609374999999999 1.1548718750000002 -1.437500000000001
vt 0.015625 1
vt 0 1
vt 0 0.96875
vt 0.015625 0.96875
vt 0.015625 0.96875
vt 0.015625 1
vt 0 1
vt 0 0.96875
vt 0.015625 0.984375
vt 0.015625 1
vt 0 1
vt 0 0.984375
vt 0 0.984375
vt 0.015625 0.984375
vt 0.015625 1
vt 0 1
vt 0.015625 0.96875
vt 0.015625 1
vt 0 1
vt 0 0.96875
vt 0.015625 1
vt 0 1
vt 0 0.96875
vt 0.015625 0.96875
vt 0.015625 1
vt 0 1
vt 0 0.977903125
vt 0.015625 0.977903125
vt 0.015625 0.977903125
vt 0.015625 1
vt 0 1
vt 0 0.977903125
vt 0.015625 0.977903125
vt 0.015625 1
vt 0 1
vt 0 0.977903125
vt 0.015625 1
vt 0 1
vt 0 0.977903125
vt 0.015625 0.977903125
vt 0 1
vt 0 0.977903125
vt 0.015625 0.977903125
vt 0.015625 1
vt 0 0.977903125
vt 0.015625 0.977903125
vt 0.015625 1
vt 0 1
vt 0 0.977903125
vt 0.015625 0.977903125
vt 0.015625 1
vt 0 1
vt 0 1
vt 0 0.977903125
vt 0.015625 0.977903125
vt 0.015625 1
vt 0 0.96875
vt 0.022096875 0.96875
vt 0.022096875 1
vt 0 1
vt 0 1
vt 0 0.96875
vt 0.022096875 0.96875
vt 0.022096875 1
vt 0 1
vt 0 0.96875
vt 0.022096875 0.96875
vt 0.022096875 1
vt 0 0.96875
vt 0.022096875 0.96875
vt 0.022096875 1
vt 0 1
vt 0.0110484375 0.9808625
vt 0.022096875 1
vt 0 1
vt 0.0110484375 0.9808625
vt 0.022096875 1
vt 0 1
vt 0.0110484375 0.9808625
vt 0.022096875 1
vt 0 1
vt 0.0110484375 0.9808625
vt 0.022096875 1
vt 0 1
vt 0.0110484375 1
vt 0 0.9808640625
vt 0.022096875 0.9808640625
vt 0.0110484375 1
vt 0 0.9808640625
vt 0.022096875 0.9808640625
vt 0.0110484375 1
vt 0 0.9808640625
vt 0.022096875 0.9808640625
vt 0.0110484375 1
vt 0 0.9808640625
vt 0.022096875 0.9808640625
vn -2.220446049250313e-16 3.1401849173675523e-16 -1
vn 2.220446049250313e-16 -3.1401849173675523e-16 1
vn -1.5700924586837762e-16 -1 -3.1401849173675513e-16
vn 1.5700924586837762e-16 1 3.1401849173675513e-16
vn -1 1.5700924586837766e-16 -2.220446049250313e-16
vn 1 -1.5700924586837766e-16 2.220446049250313e-16
vn -1.6911044518122654e-16 -0.9984535430466185 -0.055592466914631954
vn -1.44422430475492e-16 -0.9984535430466185 0.05559246691463133
vn -0.05836299235398278 -0.9982954277785154 -3.2644241211819087e-16
vn 0.058362992353982464 -0.9982954277785154 -3.005240369592255e-16
vn 6.795300798789904e-17 0.9348611638462129 -0.3550135269705989
vn 2.256106846663563e-16 0.9348611638462127 0.35501352697059946
vn -0.3703802967996275 0.9288802052700982 2.0944461438815454e-16
vn 0.3703802967996279 0.9288802052700982 3.7392650773793295e-16
vn 0.7306221276438352 9.969175537362114e-17 -0.6827820344716133
vn -0.7306221276438353 3.2912061392583734e-16 -0.6827820344716135
vn 0.7241387920788556 -3.3026067880476735e-16 0.6896542683160718
vn -0.7241387920788555 -1.0286770750808933e-16 0.6896542683160717
vn -0.35000698355542037 0.8777857827216192 -0.3270890262821878
vn -0.34928684007883626 0.8759797281713818 0.3326533017730824
vn 0.3500069835554206 0.8777857827216194 -0.3270890262821878
vn 0.34928684007883665 0.8759797281713817 0.33265330177308244
vn -0.058276377264532456 -0.9968138819514875 -0.05446052333321857
vn -0.058273043221281545 -0.996756853344846 0.05549799765587905
vn 0.05827637726453212 -0.9968138819514875 -0.05446052333321854
vn 0.058273043221281254 -0.996756853344846 0.05549799765587908
usemtl none
f 636/2233/597 634/2234/597 633/2235/597 635/2236/597
f 629/2237/598 630/2238/598 632/2239/598 631/2240/598
f 621/2241/599 622/2242/599 624/2243/599 623/2244/599
f 628/2245/600 626/2246/600 625/2247/600 627/2248/600
f 641/2249/601 642/2250/601 644/2251/601 643/2252/601
f 640/2253/602 638/2254/602 637/2255/602 639/2256/602
f 622/2257/603 621/2258/603 634/2259/603 636/2260/603
f 630/2261/604 623/2262/604 624/2263/604 632/2264/604
f 642/2265/605 621/2266/605 623/2267/605 644/2268/605
f 624/2269/606 622/2270/606 638/2271/606 640/2272/606
f 633/2273/607 625/2274/607 626/2275/607 635/2276/607
f 628/2277/608 627/2278/608 629/2279/608 631/2280/608
f 627/2281/609 625/2282/609 641/2283/609 643/2284/609
f 637/2285/610 626/2286/610 628/2287/610 639/2288/610
f 635/2289/611 637/2290/611 638/2291/611 636/2292/611
f 642/2293/612 641/2294/612 633/2295/612 634/2296/612
f 640/2297/613 639/2298/613 631/2299/613 632/2300/613
f 629/2301/614 643/2302/614 644/2303/614 630/2304/614
f 625/2305/615 633/2306/615 641/2307/615
f 627/2308/616 643/2309/616 629/2310/616
f 626/2311/617 637/2312/617 635/2313/617
f 628/2314/618 631/2315/618 639/2316/618
f 621/2317/619 642/2318/619 634/2319/619
f 623/2320/620 630/2321/620 644/2322/620
f 622/2323/621 636/2324/621 638/2325/621
f 624/2326/622 640/2327/622 632/2328/622
o beveled_cuboid
v -0.783333125 1.15625 -1.4333331249999997
v -0.691666875 1.15625 -1.4333331249999997
v -0.783333125 1.15625 -1.5291668749999998
v -0.691666875 1.15625 -1.5291668749999998
v -0.783333125 1.10625 -1.4333331249999997
v -0.691666875 1.10625 -1.4333331249999997
v -0.7833331250000001 1.10625 -1.5291668749999998
v -0.691666875 1.10625 -1.5291668749999998
v -0.7833331250000001 1.106588125 -1.6249999999999998
v -0.7833331250000001 1.1553787500000001 -1.6249999999999998
v -0.691666875 1.106588125 -1.6249999999999998
v -0.691666875 1.1553787500000001 -1.6249999999999998
v -0.783333125 1.106588125 -1.3374999999999997
v -0.783333125 1.1553787500000001 -1.3374999999999997
v -0.691666875 1.106588125 -1.3374999999999997
v -0.691666875 1.1553787500000001 -1.3374999999999997
v -0.6000000000000001 1.106588125 -1.4333331249999999
v -0.6 1.15537875 -1.4333331249999999
v -0.6000000000000001 1.106588125 -1.5291668749999998
v -0.6000000000000001 1.15537875 -1.5291668749999998
v -0.875 1.106588125 -1.4333331249999997
v -0.875 1.1553787500000001 -1.4333331249999997
v -0.875 1.106588125 -1.5291668749999996
v -0.875 1.1553787500000001 -1.5291668749999996
vt 0.015625 0.984375
vt 0.015625 1
vt 0 1
vt 0 0.984375
vt 0 0.984375
vt 0.015625 0.984375
vt 0.015625 1
vt 0 1
vt 0.015625 1
vt 0 1
vt 0 0.977903125
vt 0.015625 0.977903125
vt 0.015625 0.977903125
vt 0.015625 1
vt 0 1
vt 0 0.977903125
vt 0.015625 0.977903125
vt 0.015625 1
vt 0 1
vt 0 0.977903125
vt 0.015625 1
vt 0 1
vt 0 0.977903125
vt 0.015625 0.977903125
vt 0 1
vt 0 0.977903125
vt 0.015625 0.977903125
vt 0.015625 1
vt 0 0.977903125
vt 0.015625 0.977903125
vt 0.015625 1
vt 0 1
vt 0 0.977903125
vt 0.015625 0.977903125
vt 0.015625 1
vt 0 1
vt 0 1
vt 0 0.977903125
vt 0.015625 0.977903125
vt 0.015625 1
vt 0.0110484375 0.9808625
vt 0.022096875 1
vt 0 1
vt 0.0110484375 0.9808625
vt 0.022096875 1
vt 0 1
vt 0.0110484375 0.9808625
vt 0.022096875 1
vt 0 1
vt 0.0110484375 0.9808625
vt 0.022096875 1
vt 0 1
vt 0.0110484375 1
vt 0 0.9808640625
vt 0.022096875 0.9808640625
vt 0.0110484375 1
vt 0 0.9808640625
vt 0.022096875 0.9808640625
vt 0.0110484375 1
vt 0 0.9808640625
vt 0.022096875 0.9808640625
vt 0.0110484375 1
vt 0 0.9808640625
vt 0.022096875 0.9808640625
vt 0.015625 1
vt 0 1
vt 0 0.96875
vt 0.015625 0.96875
vt 0.015625 0.96875
vt 0.015625 1
vt 0 1
vt 0 0.96875
vt 0.015625 0.96875
vt 0.015625 1
vt 0 1
vt 0 0.96875
vt 0.015625 1
vt 0 1
vt 0 0.96875
vt 0.015625 0.96875
vt 0 0.96875
vt 0.022096875 0.96875
vt 0.022096875 1
vt 0 1
vt 0 1
vt 0 0.96875
vt 0.022096875 0.96875
vt 0.022096875 1
vt 0 1
vt 0 0.96875
vt 0.022096875 0.96875
vt 0.022096875 1
vt 0 0.96875
vt 0.022096875 0.96875
vt 0.022096875 1
vt 0 1
vn 1.5700924586837754e-16 1 -3.4863055968421e-32
vn -1.5700924586837754e-16 -1 3.4863055968421e-32
vn 1.5902135374445605e-16 0.9999586764745411 0.009090948426010962
vn 1.5498416164116116e-16 0.9999586764745411 -0.009090948426010962
vn -0.009504094582230343 0.9999548350731509 2.1103329266814674e-18
vn 0.009504094582230659 0.9999548350731509 -2.1103329266815375e-18
vn -1.5622484048099671e-16 -0.999993775718669 0.0035282465787784493
vn -1.5779169671632264e-16 -0.999993775718669 -0.0035282465787784493
vn -0.0036886028869548377 -0.9999931970812314 8.190343707592171e-19
vn 0.0036886028869545237 -0.9999931970812314 -8.190343707591473e-19
vn -0.0036885799283651204 -0.9999869729269284 0.0035282225767023696
vn -0.003688579928365122 -0.9999869729269284 -0.003528222576702368
vn 0.003688579928364808 -0.9999869729269284 0.003528222576702368
vn 0.0036885799283648065 -0.9999869729269284 -0.0035282225767023696
vn -0.009503701875009297 0.9999135171463296 0.009090537867921534
vn -0.009503701875009303 0.9999135171463296 -0.00909053786792153
vn 0.009503701875009617 0.9999135171463296 0.00909053786792153
vn 0.009503701875009611 0.9999135171463296 -0.009090537867921534
vn 2.2204460492503136e-16 -3.4863055968420995e-32 1
vn -2.2204460492503136e-16 3.4863055968420995e-32 -1
vn -1 1.5700924586837752e-16 2.2204460492503136e-16
vn 1 -1.5700924586837752e-16 -2.2204460492503136e-16
vn 0.7226403218536854 -1.1346121196832876e-16 0.6912242510439011
vn -0.7226403218536852 1.134612119683287e-16 0.6912242510439013
vn 0.7226403218536852 -1.134612119683287e-16 -0.6912242510439013
vn -0.7226403218536854 1.1346121196832876e-16 -0.6912242510439011
usemtl none
f 645/2329/623 646/2330/623 648/2331/623 647/2332/623
f 652/2333/624 650/2334/624 649/2335/624 651/2336/624
f 646/2337/625 645/2338/625 658/2339/625 660/2340/625
f 654/2341/626 647/2342/626 648/2343/626 656/2344/626
f 666/2345/627 645/2346/627 647/2347/627 668/2348/627
f 648/2349/628 646/2350/628 662/2351/628 664/2352/628
f 657/2353/629 649/2354/629 650/2355/629 659/2356/629
f 652/2357/630 651/2358/630 653/2359/630 655/2360/630
f 651/2361/631 649/2362/631 665/2363/631 667/2364/631
f 661/2365/632 650/2366/632 652/2367/632 663/2368/632
f 649/2369/633 657/2370/633 665/2371/633
f 651/2372/634 667/2373/634 653/2374/634
f 650/2375/635 661/2376/635 659/2377/635
f 652/2378/636 655/2379/636 663/2380/636
f 645/2381/637 666/2382/637 658/2383/637
f 647/2384/638 654/2385/638 668/2386/638
f 646/2387/639 660/2388/639 662/2389/639
f 648/2390/640 664/2391/640 656/2392/640
f 660/2393/641 658/2394/641 657/2395/641 659/2396/641
f 653/2397/642 654/2398/642 656/2399/642 655/2400/642
f 665/2401/643 666/2402/643 668/2403/643 667/2404/643
f 664/2405/644 662/2406/644 661/2407/644 663/2408/644
f 659/2409/645 661/2410/645 662/2411/645 660/2412/645
f 666/2413/646 665/2414/646 657/2415/646 658/2416/646
f 664/2417/647 663/2418/647 655/2419/647 656/2420/647
f 653/2421/648 667/2422/648 668/2423/648 654/2424/648
o beveled_cuboid
v -0.19375000000000028 0.883333124999999 -1.4333331250000008
v -0.19375000000000028 0.791666874999999 -1.4333331250000008
v -0.19375000000000028 0.883333124999999 -1.5291668750000007
v -0.19375000000000028 0.791666874999999 -1.5291668750000007
v -0.2437500000000003 0.883333124999999 -1.4333331250000008
v -0.2437500000000003 0.791666874999999 -1.4333331250000008
v -0.2437500000000003 0.883333124999999 -1.5291668750000007
v -0.2437500000000003 0.791666874999999 -1.5291668750000007
v -0.2434118750000003 0.883333124999999 -1.6250000000000007
v -0.19462125000000033 0.883333124999999 -1.6250000000000007
v -0.2434118750000003 0.7916668749999991 -1.6250000000000007
v -0.19462125000000033 0.7916668749999991 -1.6250000000000007
v -0.24341187500000025 0.8833331249999989 -1.3375000000000006
v -0.19462125000000027 0.8833331249999989 -1.3375000000000008
v -0.24341187500000025 0.791666874999999 -1.3375000000000006
v -0.19462125000000027 0.791666874999999 -1.3375000000000008
v -0.24341187500000028 0.6999999999999991 -1.4333331250000008
v -0.1946212500000003 0.6999999999999991 -1.4333331250000008
v -0.24341187500000028 0.6999999999999991 -1.5291668750000007
v -0.1946212500000003 0.6999999999999991 -1.5291668750000007
v -0.24341187500000028 0.974999999999999 -1.4333331250000005
v -0.1946212500000003 0.974999999999999 -1.4333331250000005
v -0.24341187500000028 0.974999999999999 -1.5291668750000007
v -0.1946212500000003 0.974999999999999 -1.5291668750000007
vt 0.015625 0.984375
vt 0.015625 1
vt 0 1
vt 0 0.984375
vt 0 0.984375
vt 0.015625 0.984375
vt 0.015625 1
vt 0 1
vt 0.015625 1
vt 0 1
vt 0 0.977903125
vt 0.015625 0.977903125
vt 0.015625 0.977903125
vt 0.015625 1
vt 0 1
vt 0 0.977903125
vt 0.015625 0.977903125
vt 0.015625 1
vt 0 1
vt 0 0.977903125
vt 0.015625 1
vt 0 1
vt 0 0.977903125
vt 0.015625 0.977903125
vt 0 1
vt 0 0.977903125
vt 0.015625 0.977903125
vt 0.015625 1
vt 0 0.977903125
vt 0.015625 0.977903125
vt 0.015625 1
vt 0 1
vt 0 0.977903125
vt 0.015625 0.977903125
vt 0.015625 1
vt 0 1
vt 0 1
vt 0 0.977903125
vt 0.015625 0.977903125
vt 0.015625 1
vt 0.0110484375 0.9808625
vt 0.022096875 1
vt 0 1
vt 0.0110484375 0.9808625
vt 0.022096875 1
vt 0 1
vt 0.0110484375 0.9808625
vt 0.022096875 1
vt 0 1
vt 0.0110484375 0.9808625
vt 0.022096875 1
vt 0 1
vt 0.0110484375 1
vt 0 0.9808640625
vt 0.022096875 0.9808640625
vt 0.0110484375 1
vt 0 0.9808640625
vt 0.022096875 0.9808640625
vt 0.0110484375 1
vt 0 0.9808640625
vt 0.022096875 0.9808640625
vt 0.0110484375 1
vt 0 0.9808640625
vt 0.022096875 0.9808640625
vt 0.015625 1
vt 0 1
vt 0 0.96875
vt 0.015625 0.96875
vt 0.015625 0.96875
vt 0.015625 1
vt 0 1
vt 0 0.96875
vt 0.015625 0.96875
vt 0.015625 1
vt 0 1
vt 0 0.96875
vt 0.015625 1
vt 0 1
vt 0 0.96875
vt 0.015625 0.96875
vt 0 0.96875
vt 0.022096875 0.96875
vt 0.022096875 1
vt 0 1
vt 0 1
vt 0 0.96875
vt 0.022096875 0.96875
vt 0.022096875 1
vt 0 1
vt 0 0.96875
vt 0.022096875 0.96875
vt 0.022096875 1
vt 0 0.96875
vt 0.022096875 0.96875
vt 0.022096875 1
vt 0 1
vn 1 4.930380657631324e-32 -2.220446049250313e-16
vn -1 -4.930380657631324e-32 2.220446049250313e-16
vn 0.9999586764745411 -2.0185960516473897e-18 0.009090948426010739
vn 0.9999586764745411 2.0185960516474883e-18 -0.009090948426011183
vn 0.9999548350731509 0.0095040945822305 -2.1992424337001113e-16
vn 0.9999548350731509 -0.0095040945822305 -2.241449092233741e-16
vn -0.999993775718669 -7.834281176630032e-19 0.0035282465787786705
vn -0.999993775718669 7.834281176629046e-19 -0.0035282465787782264
vn -0.9999931970812314 0.00368860288695468 2.2286212874438015e-16
vn -0.9999931970812314 -0.00368860288695468 2.212240600028618e-16
vn -0.9999869729269284 0.0036885799283649626 0.0035282225767025908
vn -0.9999869729269284 0.0036885799283649643 -0.003528222576702145
vn -0.9999869729269284 -0.0036885799283649643 0.003528222576702589
vn -0.9999869729269284 -0.0036885799283649626 -0.0035282225767021467
vn 0.9999135171463296 0.009503701875009454 0.00909053786792131
vn 0.9999135171463296 0.009503701875009457 -0.009090537867921751
vn 0.9999135171463296 -0.009503701875009457 0.009090537867921307
vn 0.9999135171463296 -0.009503701875009454 -0.009090537867921755
vn 2.220446049250313e-16 -2.220446049250313e-16 1
vn -2.220446049250313e-16 2.220446049250313e-16 -1
vn 4.930380657631324e-32 1 2.220446049250313e-16
vn -4.930380657631324e-32 -1 -2.220446049250313e-16
vn 1.5348261573764367e-16 -0.7226403218536854 0.6912242510439011
vn 1.5348261573764372e-16 0.7226403218536852 0.6912242510439013
vn -1.5348261573764372e-16 -0.7226403218536852 -0.6912242510439013
vn -1.5348261573764367e-16 0.7226403218536854 -0.6912242510439011
usemtl none
f 669/2425/649 670/2426/649 672/2427/649 671/2428/649
f 676/2429/650 674/2430/650 673/2431/650 675/2432/650
f 670/2433/651 669/2434/651 682/2435/651 684/2436/651
f 678/2437/652 671/2438/652 672/2439/652 680/2440/652
f 690/2441/653 669/2442/653 671/2443/653 692/2444/653
f 672/2445/654 670/2446/654 686/2447/654 688/2448/654
f 681/2449/655 673/2450/655 674/2451/655 683/2452/655
f 676/2453/656 675/2454/656 677/2455/656 679/2456/656
f 675/2457/657 673/2458/657 689/2459/657 691/2460/657
f 685/2461/658 674/2462/658 676/2463/658 687/2464/658
f 673/2465/659 681/2466/659 689/2467/659
f 675/2468/660 691/2469/660 677/2470/660
f 674/2471/661 685/2472/661 683/2473/661
f 676/2474/662 679/2475/662 687/2476/662
f 669/2477/663 690/2478/663 682/2479/663
f 671/2480/664 678/2481/664 692/2482/664
f 670/2483/665 684/2484/665 686/2485/665
f 672/2486/666 688/2487/666 680/2488/666
f 684/2489/667 682/2490/667 681/2491/667 683/2492/667
f 677/2493/668 678/2494/668 680/2495/668 679/2496/668
f 689/2497/669 690/2498/669 692/2499/669 691/2500/669
f 688/2501/670 686/2502/670 685/2503/670 687/2504/670
f 683/2505/671 685/2506/671 686/2507/671 684/2508/671
f 690/2509/672 689/2510/672 681/2511/672 682/2512/672
f 688/2513/673 687/2514/673 679/2515/673 680/2516/673
f 677/2517/674 691/2518/674 692/2519/674 678/2520/674
o beveled_cuboid
v -0.29218750000000004 0.879166874999999 -1.525
v -0.29218750000000004 0.795833124999999 -1.525
v -0.29218750000000004 0.879166874999999 -1.4374999999999998
v -0.29218750000000004 0.795833124999999 -1.4374999999999998
v 0.2390625000000004 0.879166874999999 -1.5249999999999997
v 0.2390625000000004 0.795833124999999 -1.5249999999999997
v 0.2390625000000004 0.879166874999999 -1.4374999999999998
v 0.2390625000000004 0.795833124999999 -1.4374999999999998
v 0.15156250000000007 0.879166874999999 -1.3499999999999996
v -0.27935875 0.879166874999999 -1.3499999999999999
v 0.15156250000000007 0.795833124999999 -1.3499999999999996
v -0.27935875 0.795833124999999 -1.3499999999999999
v 0.15156250000000013 0.879166874999999 -1.6124999999999998
v -0.27935875 0.879166874999999 -1.6124999999999998
v 0.15156250000000013 0.795833124999999 -1.6124999999999998
v -0.27935875 0.795833124999999 -1.6124999999999998
v 0.1515625000000001 0.712499999999999 -1.5249999999999997
v -0.27935875 0.712499999999999 -1.525
v 0.1515625000000001 0.712499999999999 -1.4374999999999998
v -0.27935875 0.712499999999999 -1.4375
v 0.1515625000000001 0.962499999999999 -1.5249999999999997
v -0.27935875 0.962499999999999 -1.525
v 0.1515625000000001 0.962499999999999 -1.4374999999999998
v -0.27935875 0.962499999999999 -1.4374999999999998
vt 0.015625 1
vt 0 1
vt 0 0.96875
vt 0.015625 0.96875
vt 0.015625 0.96875
vt 0.015625 1
vt 0 1
vt 0 0.96875
vt 0.015625 0.984375
vt 0.015625 1
vt 0 1
vt 0 0.984375
vt 0 0.984375
vt 0.015625 0.984375
vt 0.015625 1
vt 0 1
vt 0.015625 0.96875
vt 0.015625 1
vt 0 1
vt 0 0.96875
vt 0.015625 1
vt 0 1
vt 0 0.96875
vt 0.015625 0.96875
vt 0.015625 1
vt 0 1
vt 0 0.977903125
vt 0.015625 0.977903125
vt 0.015625 0.977903125
vt 0.015625 1
vt 0 1
vt 0 0.977903125
vt 0.015625 0.977903125
vt 0.015625 1
vt 0 1
vt 0 0.977903125
vt 0.015625 1
vt 0 1
vt 0 0.977903125
vt 0.015625 0.977903125
vt 0 1
vt 0 0.977903125
vt 0.015625 0.977903125
vt 0.015625 1
vt 0 0.977903125
vt 0.015625 0.977903125
vt 0.015625 1
vt 0 1
vt 0 0.977903125
vt 0.015625 0.977903125
vt 0.015625 1
vt 0 1
vt 0 1
vt 0 0.977903125
vt 0.015625 0.977903125
vt 0.015625 1
vt 0 0.96875
vt 0.022096875 0.96875
vt 0.022096875 1
vt 0 1
vt 0 1
vt 0 0.96875
vt 0.022096875 0.96875
vt 0.022096875 1
vt 0 1
vt 0 0.96875
vt 0.022096875 0.96875
vt 0.022096875 1
vt 0 0.96875
vt 0.022096875 0.96875
vt 0.022096875 1
vt 0 1
vt 0.0110484375 0.9808625
vt 0.022096875 1
vt 0 1
vt 0.0110484375 0.9808625
vt 0.022096875 1
vt 0 1
vt 0.0110484375 0.9808625
vt 0.022096875 1
vt 0 1
vt 0.0110484375 0.9808625
vt 0.022096875 1
vt 0 1
vt 0.0110484375 1
vt 0 0.9808640625
vt 0.022096875 0.9808640625
vt 0.0110484375 1
vt 0 0.9808640625
vt 0.022096875 0.9808640625
vt 0.0110484375 1
vt 0 0.9808640625
vt 0.022096875 0.9808640625
vt 0.0110484375 1
vt 0 0.9808640625
vt 0.022096875 0.9808640625
vn 2.220446049250313e-16 2.220446049250313e-16 -1
vn -2.220446049250313e-16 -2.220446049250313e-16 1
vn -1 4.930380657631324e-32 -2.220446049250313e-16
vn 1 -4.930380657631324e-32 2.220446049250313e-16
vn -4.930380657631324e-32 1 2.220446049250313e-16
vn 4.930380657631324e-32 -1 -2.220446049250313e-16
vn -0.9894223541907397 3.2210556828321105e-17 -0.14506345172942312
vn -0.9894223541907397 -3.2210556828321007e-17 0.14506345172942267
vn -0.9883569533115724 0.15215299156002957 -1.856745783238673e-16
vn -0.9883569533115724 -0.15215299156002957 -2.5324408012208407e-16
vn 0.7071067811865466 1.5700924586837771e-16 -0.7071067811865485
vn 0.7071067811865461 -1.5700924586837781e-16 0.7071067811865489
vn 0.6896542683160705 0.7241387920788567 3.139251215411425e-16
vn 0.6896542683160705 -0.7241387920788567 -7.657102454935719e-18
vn 2.0310723302258805e-16 -0.7241387920788555 -0.6896542683160716
vn 1.975545415843709e-16 0.7241387920788557 -0.6896542683160714
vn -1.97554541584371e-16 -0.7241387920788555 0.6896542683160717
vn -1.8644949186276e-16 0.7241387920788552 0.6896542683160719
vn 0.5677324514304942 0.5961205643034316 -0.5677324514304956
vn 0.5677324514304939 0.5961205643034313 0.5677324514304962
vn 0.5677324514304942 -0.5961205643034314 -0.5677324514304958
vn 0.5677324514304939 -0.5961205643034315 0.567732451430496
vn -0.9781407510289688 0.1505802543677912 -0.14340940754014805
vn -0.9781407510289688 0.15058025436779116 0.14340940754014767
vn -0.9781407510289688 -0.15058025436779116 -0.1434094075401481
vn -0.978140751028969 -0.15058025436779124 0.14340940754014764
usemtl none
f 708/2521/675 706/2522/675 705/2523/675 707/2524/675
f 701/2525/676 702/2526/676 704/2527/676 703/2528/676
f 693/2529/677 694/2530/677 696/2531/677 695/2532/677
f 700/2533/678 698/2534/678 697/2535/678 699/2536/678
f 713/2537/679 714/2538/679 716/2539/679 715/2540/679
f 712/2541/680 710/2542/680 709/2543/680 711/2544/680
f 694/2545/681 693/2546/681 706/2547/681 708/2548/681
f 702/2549/682 695/2550/682 696/2551/682 704/2552/682
f 714/2553/683 693/2554/683 695/2555/683 716/2556/683
f 696/2557/684 694/2558/684 710/2559/684 712/2560/684
f 705/2561/685 697/2562/685 698/2563/685 707/2564/685
f 700/2565/686 699/2566/686 701/2567/686 703/2568/686
f 699/2569/687 697/2570/687 713/2571/687 715/2572/687
f 709/2573/688 698/2574/688 700/2575/688 711/2576/688
f 707/2577/689 709/2578/689 710/2579/689 708/2580/689
f 714/2581/690 713/2582/690 705/2583/690 706/2584/690
f 712/2585/691 711/2586/691 703/2587/691 704/2588/691
f 701/2589/692 715/2590/692 716/2591/692 702/2592/692
f 697/2593/693 705/2594/693 713/2595/693
f 699/2596/694 715/2597/694 701/2598/694
f 698/2599/695 709/2600/695 707/2601/695
f 700/2602/696 703/2603/696 711/2604/696
f 693/2605/697 714/2606/697 706/2607/697
f 695/2608/698 702/2609/698 716/2610/698
f 694/2611/699 708/2612/699 710/2613/699
f 696/2614/700 712/2615/700 704/2616/700
o beveled_cuboid
v 0.15156250000000054 0.8031250000000003 -1.4395831250000022
v 0.15156250000000054 0.8031250000000003 -1.5229168750000022
v 0.06406250000000054 0.8031250000000003 -1.4395831250000022
v 0.06406250000000054 0.8031250000000003 -1.5229168750000022
v 0.15156250000000054 0.03437500000000049 -1.4395831250000022
v 0.15156250000000054 0.03437500000000049 -1.5229168750000022
v 0.06406250000000054 0.03437500000000049 -1.4395831250000022
v 0.06406250000000054 0.03437500000000049 -1.5229168750000022
v -0.023437499999999473 0.03698493055555602 -1.4395831250000022
v -0.023437499999999473 0.7963932638888892 -1.4395831250000022
v -0.023437499999999473 0.03698493055555602 -1.5229168750000022
v -0.023437499999999473 0.7963932638888892 -1.5229168750000022
v 0.23906250000000054 0.03698493055555602 -1.4395831250000022
v 0.23906250000000054 0.7963932638888892 -1.4395831250000022
v 0.23906250000000054 0.03698493055555602 -1.5229168750000022
v 0.23906250000000054 0.7963932638888892 -1.5229168750000022
v 0.15156250000000054 0.03698493055555602 -1.6125000000000023
v 0.15156250000000054 0.7963932638888892 -1.6125000000000023
v 0.06406250000000054 0.03698493055555602 -1.6125000000000023
v 0.06406250000000054 0.7963932638888892 -1.6125000000000023
v 0.15156250000000054 0.04948493055555597 -1.350000000000002
v 0.15156250000000054 0.7963932638888892 -1.350000000000002
v 0.06406250000000054 0.03698493055555602 -1.350000000000002
v 0.06406250000000054 0.7963932638888892 -1.350000000000002
vt 0.015625 0.984375
vt 0.015625 1
vt 0 1
vt 0 0.984375
vt 0 0.984375
vt 0.015625 0.984375
vt 0.015625 1
vt 0 1
vt 0.015625 1
vt 0 1
vt 0 0.977903125
vt 0.015625 0.977903125
vt 0.015625 0.977903125
vt 0.015625 1
vt 0 1
vt 0 0.977903125
vt 0.015625 0.977903125
vt 0.015625 1
vt 0 1
vt 0 0.977903125
vt 0.015625 1
vt 0 1
vt 0 0.977903125
vt 0.015625 0.977903125
vt 0 1
vt 0 0.977903125
vt 0.015625 0.977903125
vt 0.015625 1
vt 0 0.977903125
vt 0.015625 0.977903125
vt 0.015625 1
vt 0 1
vt 0 0.977903125
vt 0.015625 0.977903125
vt 0.015625 1
vt 0 1
vt 0 1
vt 0 0.977903125
vt 0.015625 0.977903125
vt 0.015625 1
vt 0.0110484375 0.9808625
vt 0.022096875 1
vt 0 1
vt 0.0110484375 0.9808625
vt 0.022096875 1
vt 0 1
vt 0.0110484375 0.9808625
vt 0.022096875 1
vt 0 1
vt 0.0110484375 0.9808625
vt 0.022096875 1
vt 0 1
vt 0.0110484375 1
vt 0 0.9808640625
vt 0.022096875 0.9808640625
vt 0.0110484375 1
vt 0 0.9808640625
vt 0.022096875 0.9808640625
vt 0.0110484375 1
vt 0 0.9808640625
vt 0.022096875 0.9808640625
vt 0.0110484375 1
vt 0 0.9808640625
vt 0.022096875 0.9808640625
vt 0.015625 1
vt 0 1
vt 0 0.96875
vt 0.015625 0.96875
vt 0.015625 0.96875
vt 0.015625 1
vt 0 1
vt 0 0.96875
vt 0.015625 0.96875
vt 0.015625 1
vt 0 1
vt 0 0.96875
vt 0.015625 1
vt 0 1
vt 0 0.96875
vt 0.015625 0.96875
vt 0 0.96875
vt 0.022096875 0.96875
vt 0.022096875 1
vt 0 1
vt 0 1
vt 0 0.96875
vt 0.022096875 0.96875
vt 0.022096875 1
vt 0 1
vt 0 0.96875
vt 0.022096875 0.96875
vt 0.022096875 1
vt 0 0.96875
vt 0.022096875 0.96875
vt 0.022096875 1
vt 0 1
vn 0 1 0
vn 0 -1 0
vn 0.07670745157488916 0.9970536429264407 0
vn -0.07670745157488916 0.9970536429264407 0
vn 0 0.9971885056226389 0.07493386586910022
vn 0 0.9971885056226389 -0.07493386586910022
vn 0.02981451779297347 -0.9995554484513467 0
vn -0.02981451779297347 -0.9995554484513467 0
vn 0 -0.9860718107169681 0.16632012538884125
vn 0 -0.9995758698684373 -0.029121819599010758
vn 0.029399617005179204 -0.9856455691809111 0.16624823149130513
vn -0.0298018837908946 -0.9991318834719843 0.029108884421070125
vn 0.0298018837908946 -0.9991318834719843 -0.029108884421070125
vn -0.0298018837908946 -0.9991318834719843 -0.029108884421070125
vn 0.07649305265657687 0.9942668573123461 0.07471431820948951
vn -0.07649305265657687 0.9942668573123461 0.07471431820948951
vn 0.07649305265657687 0.9942668573123461 -0.07471431820948951
vn -0.07649305265657687 0.9942668573123461 -0.07471431820948951
vn 1 0 0
vn -1 0 0
vn 0 0 1
vn 0 0 -1
vn 0.7153753669411403 0 -0.6987403554782197
vn 0.7153753669411405 0 0.6987403554782197
vn -0.7153753669411403 0 -0.6987403554782197
vn -0.7153753669411403 0 0.6987403554782197
usemtl none
f 717/2617/701 718/2618/701 720/2619/701 719/2620/701
f 724/2621/702 722/2622/702 721/2623/702 723/2624/702
f 718/2625/703 717/2626/703 730/2627/703 732/2628/703
f 726/2629/704 719/2630/704 720/2631/704 728/2632/704
f 738/2633/705 717/2634/705 719/2635/705 740/2636/705
f 720/2637/706 718/2638/706 734/2639/706 736/2640/706
f 729/2641/707 721/2642/707 722/2643/707 731/2644/707
f 724/2645/708 723/2646/708 725/2647/708 727/2648/708
f 723/2649/709 721/2650/709 737/2651/709 739/2652/709
f 733/2653/710 722/2654/710 724/2655/710 735/2656/710
f 721/2657/711 729/2658/711 737/2659/711
f 723/2660/712 739/2661/712 725/2662/712
f 722/2663/713 733/2664/713 731/2665/713
f 724/2666/714 727/2667/714 735/2668/714
f 717/2669/715 738/2670/715 730/2671/715
f 719/2672/716 726/2673/716 740/2674/716
f 718/2675/717 732/2676/717 734/2677/717
f 720/2678/718 736/2679/718 728/2680/718
f 732/2681/719 730/2682/719 729/2683/719 731/2684/719
f 725/2685/720 726/2686/720 728/2687/720 727/2688/720
f 737/2689/721 738/2690/721 740/2691/721 739/2692/721
f 736/2693/722 734/2694/722 733/2695/722 735/2696/722
f 731/2697/723 733/2698/723 734/2699/723 732/2700/723
f 738/2701/724 737/2702/724 729/2703/724 730/2704/724
f 736/2705/725 735/2706/725 727/2707/725 728/2708/725
f 725/2709/726 739/2710/726 740/2711/726 726/2712/726
o beveled_cuboid
v 0.055729403409090966 0.03750000000000009 -1.4291664402173911
v 0.15989559659090913 0.03750000000000009 -1.4291664402173911
v 0.05572940340909094 0.03750000000000009 -1.5333335597826083
v 0.15989559659090913 0.03750000000000009 -1.5333335597826083
v 0.05572940340909096 8.326672684688674e-17 -1.4291664402173911
v 0.15989559659090913 8.326672684688674e-17 -1.4291664402173911
v 0.05572940340909093 8.326672684688674e-17 -1.5333335597826083
v 0.1598955965909091 8.326672684688674e-17 -1.5333335597826083
v 0.024479403409090925 0.0002535937500000862 -1.6374999999999997
v 0.024479403409090925 0.036846562500000096 -1.6374999999999997
v 0.19114559659090907 0.0002535937500000862 -1.6374999999999997
v 0.19114559659090907 0.036846562500000096 -1.6374999999999997
v 0.024479403409090994 0.0002535937500000862 -1.3249999999999997
v 0.024479403409090994 0.036846562500000096 -1.3249999999999997
v 0.19114559659090916 0.0002535937500000862 -1.3249999999999997
v 0.19114559659090916 0.036846562500000096 -1.3249999999999997
v 0.2640625000000001 0.00025359375000005846 -1.3979164402173911
v 0.2640625000000001 0.03684656250000007 -1.3979164402173911
v 0.26406250000000003 0.00025359375000005846 -1.5645835597826085
v 0.2640625000000001 0.03684656250000007 -1.5645835597826085
v -0.04843749999999997 0.00025359375000011397 -1.397916440217391
v -0.04843749999999997 0.036846562500000124 -1.397916440217391
v -0.04843750000000002 0.00025359375000011397 -1.5645835597826083
v -0.048437499999999994 0.036846562500000124 -1.5645835597826083
vt 0.015625 0.984375
vt 0.015625 1
vt 0 1
vt 0 0.984375
vt 0 0.984375
vt 0.015625 0.984375
vt 0.015625 1
vt 0 1
vt 0.015625 1
vt 0 1
vt 0 0.977903125
vt 0.015625 0.977903125
vt 0.015625 0.977903125
vt 0.015625 1
vt 0 1
vt 0 0.977903125
vt 0.015625 0.977903125
vt 0.015625 1
vt 0 1
vt 0 0.977903125
vt 0.015625 1
vt 0 1
vt 0 0.977903125
vt 0.015625 0.977903125
vt 0 1
vt 0 0.977903125
vt 0.015625 0.977903125
vt 0.015625 1
vt 0 0.977903125
vt 0.015625 0.977903125
vt 0.015625 1
vt 0 1
vt 0 0.977903125
vt 0.015625 0.977903125
vt 0.015625 1
vt 0 1
vt 0 1
vt 0 0.977903125
vt 0.015625 0.977903125
vt 0.015625 1
vt 0.0110484375 0.9808625
vt 0.022096875 1
vt 0 1
vt 0.0110484375 0.9808625
vt 0.022096875 1
vt 0 1
vt 0.0110484375 0.9808625
vt 0.022096875 1
vt 0 1
vt 0.0110484375 0.9808625
vt 0.022096875 1
vt 0 1
vt 0.0110484375 1
vt 0 0.9808640625
vt 0.022096875 0.9808640625
vt 0.0110484375 1
vt 0 0.9808640625
vt 0.022096875 0.9808640625
vt 0.0110484375 1
vt 0 0.9808640625
vt 0.022096875 0.9808640625
vt 0.0110484375 1
vt 0 0.9808640625
vt 0.022096875 0.9808640625
vt 0.015625 1
vt 0 1
vt 0 0.96875
vt 0.015625 0.96875
vt 0.015625 0.96875
vt 0.015625 1
vt 0 1
vt 0 0.96875
vt 0.015625 0.96875
vt 0.015625 1
vt 0 1
vt 0 0.96875
vt 0.015625 1
vt 0 1
vt 0 0.96875
vt 0.015625 0.96875
vt 0 0.96875
vt 0.022096875 0.96875
vt 0.022096875 1
vt 0 1
vt 0 1
vt 0 0.96875
vt 0.022096875 0.96875
vt 0.022096875 1
vt 0 1
vt 0 0.96875
vt 0.022096875 0.96875
vt 0.022096875 1
vt 0 0.96875
vt 0.022096875 0.96875
vt 0.022096875 1
vt 0 1
vn 1.5700924586837754e-16 1 -3.4863055968421e-32
vn -1.5700924586837754e-16 -1 3.4863055968421e-32
vn 1.5839901817762111e-16 0.9999803252306153 0.0062728902168894445
vn 1.5561329531772648e-16 0.9999803252306153 -0.006272890216889443
vn -0.006272862324763706 0.9999803254055826 1.3928552366512707e-18
vn 0.00627286232476402 0.9999803254055826 -1.3928552366513405e-18
vn -1.5646821342406822e-16 -0.9999970366051633 0.0024344980780024246
vn -1.5754934775190982e-16 -0.9999970366051633 -0.002434498078002425
vn -0.0024344872527540394 -0.9999970366315175 5.405647602327956e-19
vn 0.0024344872527537254 -0.9999970366315175 -5.405647602327259e-19
vn -0.0018726797211068046 -0.9999964930422355 0.0018726916170480896
vn -0.0018726797211068055 -0.9999964930422355 -0.0018726916170480887
vn 0.0018726797211064915 -0.9999964930422355 0.0018726916170480887
vn 0.0018726797211064906 -0.9999964930422355 -0.0018726916170480896
vn -0.004825256754185099 0.9999767164782919 0.004825287405967909
vn -0.004825256754185101 0.9999767164782919 -0.004825287405967907
vn 0.004825256754185415 0.9999767164782919 0.004825287405967907
vn 0.004825256754185413 0.9999767164782919 -0.004825287405967909
vn 2.2204460492503136e-16 -3.4863055968420995e-32 1
vn -2.2204460492503136e-16 3.4863055968420995e-32 -1
vn -1 1.5700924586837752e-16 2.2204460492503136e-16
vn 1 -1.5700924586837752e-16 -2.2204460492503136e-16
vn 0.7071045352906242 -1.1102194983609044e-16 0.7071090270753375
vn -0.7071045352906241 1.1102194983609042e-16 0.7071090270753377
vn 0.7071045352906241 -1.1102194983609042e-16 -0.7071090270753377
vn -0.7071045352906243 1.1102194983609047e-16 -0.7071090270753375
usemtl none
f 741/2713/727 742/2714/727 744/2715/727 743/2716/727
f 748/2717/728 746/2718/728 745/2719/728 747/2720/728
f 742/2721/729 741/2722/729 754/2723/729 756/2724/729
f 750/2725/730 743/2726/730 744/2727/730 752/2728/730
f 762/2729/731 741/2730/731 743/2731/731 764/2732/731
f 744/2733/732 742/2734/732 758/2735/732 760/2736/732
f 753/2737/733 745/2738/733 746/2739/733 755/2740/733
f 748/2741/734 747/2742/734 749/2743/734 751/2744/734
f 747/2745/735 745/2746/735 761/2747/735 763/2748/735
f 757/2749/736 746/2750/736 748/2751/736 759/2752/736
f 745/2753/737 753/2754/737 761/2755/737
f 747/2756/738 763/2757/738 749/2758/738
f 746/2759/739 757/2760/739 755/2761/739
f 748/2762/740 751/2763/740 759/2764/740
f 741/2765/741 762/2766/741 754/2767/741
f 743/2768/742 750/2769/742 764/2770/742
f 742/2771/743 756/2772/743 758/2773/743
f 744/2774/744 760/2775/744 752/2776/744
f 756/2777/745 754/2778/745 753/2779/745 755/2780/745
f 749/2781/746 750/2782/746 752/2783/746 751/2784/746
f 761/2785/747 762/2786/747 764/2787/747 763/2788/747
f 760/2789/748 758/2790/748 757/2791/748 759/2792/748
f 755/2793/749 757/2794/749 758/2795/749 756/2796/749
f 762/2797/750 761/2798/750 753/2799/750 754/2800/750
f 760/2801/751 759/2802/751 751/2803/751 752/2804/751
f 749/2805/752 763/2806/752 764/2807/752 750/2808/752
o beveled_cuboid
v -0.783333125 1.15625 -1.4333331249999997
v -0.691666875 1.15625 -1.4333331249999997
v -0.783333125 1.15625 -1.5291668749999998
v -0.691666875 1.15625 -1.5291668749999998
v -0.783333125 1.10625 -1.4333331249999997
v -0.691666875 1.10625 -1.4333331249999997
v -0.7833331250000001 1.10625 -1.5291668749999998
v -0.691666875 1.10625 -1.5291668749999998
v -0.7833331250000001 1.106588125 -1.6249999999999998
v -0.7833331250000001 1.1553787500000001 -1.6249999999999998
v -0.691666875 1.106588125 -1.6249999999999998
v -0.691666875 1.1553787500000001 -1.6249999999999998
v -0.783333125 1.106588125 -1.3374999999999997
v -0.783333125 1.1553787500000001 -1.3374999999999997
v -0.691666875 1.106588125 -1.3374999999999997
v -0.691666875 1.1553787500000001 -1.3374999999999997
v -0.6000000000000001 1.106588125 -1.4333331249999999
v -0.6 1.15537875 -1.4333331249999999
v -0.6000000000000001 1.106588125 -1.5291668749999998
v -0.6000000000000001 1.15537875 -1.5291668749999998
v -0.875 1.106588125 -1.4333331249999997
v -0.875 1.1553787500000001 -1.4333331249999997
v -0.875 1.106588125 -1.5291668749999996
v -0.875 1.1553787500000001 -1.5291668749999996
vt 0.015625 0.984375
vt 0.015625 1
vt 0 1
vt 0 0.984375
vt 0 0.984375
vt 0.015625 0.984375
vt 0.015625 1
vt 0 1
vt 0.015625 1
vt 0 1
vt 0 0.977903125
vt 0.015625 0.977903125
vt 0.015625 0.977903125
vt 0.015625 1
vt 0 1
vt 0 0.977903125
vt 0.015625 0.977903125
vt 0.015625 1
vt 0 1
vt 0 0.977903125
vt 0.015625 1
vt 0 1
vt 0 0.977903125
vt 0.015625 0.977903125
vt 0 1
vt 0 0.977903125
vt 0.015625 0.977903125
vt 0.015625 1
vt 0 0.977903125
vt 0.015625 0.977903125
vt 0.015625 1
vt 0 1
vt 0 0.977903125
vt 0.015625 0.977903125
vt 0.015625 1
vt 0 1
vt 0 1
vt 0 0.977903125
vt 0.015625 0.977903125
vt 0.015625 1
vt 0.0110484375 0.9808625
vt 0.022096875 1
vt 0 1
vt 0.0110484375 0.9808625
vt 0.022096875 1
vt 0 1
vt 0.0110484375 0.9808625
vt 0.022096875 1
vt 0 1
vt 0.0110484375 0.9808625
vt 0.022096875 1
vt 0 1
vt 0.0110484375 1
vt 0 0.9808640625
vt 0.022096875 0.9808640625
vt 0.0110484375 1
vt 0 0.9808640625
vt 0.022096875 0.9808640625
vt 0.0110484375 1
vt 0 0.9808640625
vt 0.022096875 0.9808640625
vt 0.0110484375 1
vt 0 0.9808640625
vt 0.022096875 0.9808640625
vt 0.015625 1
vt 0 1
vt 0 0.96875
vt 0.015625 0.96875
vt 0.015625 0.96875
vt 0.015625 1
vt 0 1
vt 0 0.96875
vt 0.015625 0.96875
vt 0.015625 1
vt 0 1
vt 0 0.96875
vt 0.015625 1
vt 0 1
vt 0 0.96875
vt 0.015625 0.96875
vt 0 0.96875
vt 0.022096875 0.96875
vt 0.022096875 1
vt 0 1
vt 0 1
vt 0 0.96875
vt 0.022096875 0.96875
vt 0.022096875 1
vt 0 1
vt 0 0.96875
vt 0.022096875 0.96875
vt 0.022096875 1
vt 0 0.96875
vt 0.022096875 0.96875
vt 0.022096875 1
vt 0 1
vn 1.5700924586837754e-16 1 -3.4863055968421e-32
vn -1.5700924586837754e-16 -1 3.4863055968421e-32
vn 1.5902135374445605e-16 0.9999586764745411 0.009090948426010962
vn 1.5498416164116116e-16 0.9999586764745411 -0.009090948426010962
vn -0.009504094582230343 0.9999548350731509 2.1103329266814674e-18
vn 0.009504094582230659 0.9999548350731509 -2.1103329266815375e-18
vn -1.5622484048099671e-16 -0.999993775718669 0.0035282465787784493
vn -1.5779169671632264e-16 -0.999993775718669 -0.0035282465787784493
vn -0.0036886028869548377 -0.9999931970812314 8.190343707592171e-19
vn 0.0036886028869545237 -0.9999931970812314 -8.190343707591473e-19
vn -0.0036885799283651204 -0.9999869729269284 0.0035282225767023696
vn -0.003688579928365122 -0.9999869729269284 -0.003528222576702368
vn 0.003688579928364808 -0.9999869729269284 0.003528222576702368
vn 0.0036885799283648065 -0.9999869729269284 -0.0035282225767023696
vn -0.009503701875009297 0.9999135171463296 0.009090537867921534
vn -0.009503701875009303 0.9999135171463296 -0.00909053786792153
vn 0.009503701875009617 0.9999135171463296 0.00909053786792153
vn 0.009503701875009611 0.9999135171463296 -0.009090537867921534
vn 2.2204460492503136e-16 -3.4863055968420995e-32 1
vn -2.2204460492503136e-16 3.4863055968420995e-32 -1
vn -1 1.5700924586837752e-16 2.2204460492503136e-16
vn 1 -1.5700924586837752e-16 -2.2204460492503136e-16
vn 0.7226403218536854 -1.1346121196832876e-16 0.6912242510439011
vn -0.7226403218536852 1.134612119683287e-16 0.6912242510439013
vn 0.7226403218536852 -1.134612119683287e-16 -0.6912242510439013
vn -0.7226403218536854 1.1346121196832876e-16 -0.6912242510439011
usemtl none
f 765/2809/753 766/2810/753 768/2811/753 767/2812/753
f 772/2813/754 770/2814/754 769/2815/754 771/2816/754
f 766/2817/755 765/2818/755 778/2819/755 780/2820/755
f 774/2821/756 767/2822/756 768/2823/756 776/2824/756
f 786/2825/757 765/2826/757 767/2827/757 788/2828/757
f 768/2829/758 766/2830/758 782/2831/758 784/2832/758
f 777/2833/759 769/2834/759 770/2835/759 779/2836/759
f 772/2837/760 771/2838/760 773/2839/760 775/2840/760
f 771/2841/761 769/2842/761 785/2843/761 787/2844/761
f 781/2845/762 770/2846/762 772/2847/762 783/2848/762
f 769/2849/763 777/2850/763 785/2851/763
f 771/2852/764 787/2853/764 773/2854/764
f 770/2855/765 781/2856/765 779/2857/765
f 772/2858/766 775/2859/766 783/2860/766
f 765/2861/767 786/2862/767 778/2863/767
f 767/2864/768 774/2865/768 788/2866/768
f 766/2867/769 780/2868/769 782/2869/769
f 768/2870/770 784/2871/770 776/2872/770
f 780/2873/771 778/2874/771 777/2875/771 779/2876/771
f 773/2877/772 774/2878/772 776/2879/772 775/2880/772
f 785/2881/773 786/2882/773 788/2883/773 787/2884/773
f 784/2885/774 782/2886/774 781/2887/774 783/2888/774
f 779/2889/775 781/2890/775 782/2891/775 780/2892/775
f 786/2893/776 785/2894/776 777/2895/776 778/2896/776
f 784/2897/777 783/2898/777 775/2899/777 776/2900/777
f 773/2901/778 787/2902/778 788/2903/778 774/2904/778
o beveled_cuboid
v -0.04375000000000073 0.883333124999999 -1.4333331250000008
v -0.04375000000000073 0.791666874999999 -1.4333331250000008
v -0.04375000000000073 0.883333124999999 -1.5291668750000007
v -0.04375000000000073 0.791666874999999 -1.5291668750000007
v -0.15625000000000072 0.883333124999999 -1.4333331250000008
v -0.15625000000000072 0.791666874999999 -1.4333331250000008
v -0.15625000000000072 0.883333124999999 -1.5291668750000007
v -0.15625000000000072 0.791666874999999 -1.5291668750000007
v -0.1554892187500007 0.883333124999999 -1.6250000000000007
v -0.04571031250000085 0.883333124999999 -1.6250000000000007
v -0.1554892187500007 0.7916668749999991 -1.6250000000000007
v -0.04571031250000085 0.7916668749999991 -1.6250000000000007
v -0.15548921875000066 0.8833331249999989 -1.3375000000000006
v -0.04571031250000074 0.8833331249999989 -1.3375000000000008
v -0.15548921875000066 0.791666874999999 -1.3375000000000006
v -0.04571031250000074 0.791666874999999 -1.3375000000000008
v -0.15548921875000069 0.6999999999999991 -1.4333331250000008
v -0.045710312500000794 0.6999999999999991 -1.4333331250000008
v -0.15548921875000069 0.6999999999999991 -1.5291668750000007
v -0.045710312500000794 0.6999999999999991 -1.5291668750000007
v -0.15548921875000069 0.974999999999999 -1.4333331250000005
v -0.045710312500000794 0.974999999999999 -1.4333331250000008
v -0.15548921875000069 0.974999999999999 -1.5291668750000007
v -0.045710312500000794 0.974999999999999 -1.5291668750000007
vt 0.015625 0.984375
vt 0.015625 1
vt 0 1
vt 0 0.984375
vt 0 0.984375
vt 0.015625 0.984375
vt 0.015625 1
vt 0 1
vt 0.015625 1
vt 0 1
vt 0 0.977903125
vt 0.015625 0.977903125
vt 0.015625 0.977903125
vt 0.015625 1
vt 0 1
vt 0 0.977903125
vt 0.015625 0.977903125
vt 0.015625 1
vt 0 1
vt 0 0.977903125
vt 0.015625 1
vt 0 1
vt 0 0.977903125
vt 0.015625 0.977903125
vt 0 1
vt 0 0.977903125
vt 0.015625 0.977903125
vt 0.015625 1
vt 0 0.977903125
vt 0.015625 0.977903125
vt 0.015625 1
vt 0 1
vt 0 0.977903125
vt 0.015625 0.977903125
vt 0.015625 1
vt 0 1
vt 0 1
vt 0 0.977903125
vt 0.015625 0.977903125
vt 0.015625 1
vt 0.0110484375 0.9808625
vt 0.022096875 1
vt 0 1
vt 0.0110484375 0.9808625
vt 0.022096875 1
vt 0 1
vt 0.0110484375 0.9808625
vt 0.022096875 1
vt 0 1
vt 0.0110484375 0.9808625
vt 0.022096875 1
vt 0 1
vt 0.0110484375 1
vt 0 0.9808640625
vt 0.022096875 0.9808640625
vt 0.0110484375 1
vt 0 0.9808640625
vt 0.022096875 0.9808640625
vt 0.0110484375 1
vt 0 0.9808640625
vt 0.022096875 0.9808640625
vt 0.0110484375 1
vt 0 0.9808640625
vt 0.022096875 0.9808640625
vt 0.015625 1
vt 0 1
vt 0 0.96875
vt 0.015625 0.96875
vt 0.015625 0.96875
vt 0.015625 1
vt 0 1
vt 0 0.96875
vt 0.015625 0.96875
vt 0.015625 1
vt 0 1
vt 0 0.96875
vt 0.015625 1
vt 0 1
vt 0 0.96875
vt 0.015625 0.96875
vt 0 0.96875
vt 0.022096875 0.96875
vt 0.022096875 1
vt 0 1
vt 0 1
vt 0 0.96875
vt 0.022096875 0.96875
vt 0.022096875 1
vt 0 1
vt 0 0.96875
vt 0.022096875 0.96875
vt 0.022096875 1
vt 0 0.96875
vt 0.022096875 0.96875
vt 0.022096875 1
vt 0 1
vn 1 4.930380657631324e-32 -2.220446049250313e-16
vn -1 -4.930380657631324e-32 2.220446049250313e-16
vn 0.9997908523167375 -4.541078854047172e-18 0.020451201034946884
vn 0.9997908523167375 4.541078854047271e-18 -0.02045120103494733
vn 0.9997714154668527 0.02138029034896657 -2.1724647083895789e-16
vn 0.9997714154668527 -0.02138029034896657 -2.267412270863954e-16
vn -0.9999684907708738 -1.762668694351368e-18 0.00793835407505846
vn -0.9999684907708738 1.7626686943512693e-18 -0.007938354075058015
vn -0.9999655616513755 0.00829912713780329 2.2387973448205286e-16
vn -0.9999655616513755 -0.00829912713780329 2.2019418166898056e-16
vn -0.999934055677412 0.00829886565671479 0.007938080708480384
vn -0.999934055677412 0.008298865656714793 -0.007938080708479936
vn -0.999934055677412 -0.008298865656714793 0.00793808070848038
vn -0.999934055677412 -0.00829886565671479 -0.00793808070847994
vn 0.999562411144614 0.021375820754192684 0.020446528161290434
vn 0.999562411144614 0.02137582075419269 -0.02044652816129087
vn 0.999562411144614 -0.02137582075419269 0.020446528161290427
vn 0.999562411144614 -0.021375820754192684 -0.02044652816129088
vn 2.220446049250313e-16 -2.220446049250313e-16 1
vn -2.220446049250313e-16 2.220446049250313e-16 -1
vn 4.930380657631324e-32 1 2.220446049250313e-16
vn -4.930380657631324e-32 -1 -2.220446049250313e-16
vn 1.5348261573764367e-16 -0.7226403218536855 0.6912242510439011
vn 1.5348261573764372e-16 0.7226403218536853 0.6912242510439013
vn -1.5348261573764372e-16 -0.7226403218536853 -0.6912242510439013
vn -1.5348261573764367e-16 0.7226403218536855 -0.6912242510439011
usemtl none
f 789/2905/779 790/2906/779 792/2907/779 791/2908/779
f 796/2909/780 794/2910/780 793/2911/780 795/2912/780
f 790/2913/781 789/2914/781 802/2915/781 804/2916/781
f 798/2917/782 791/2918/782 792/2919/782 800/2920/782
f 810/2921/783 789/2922/783 791/2923/783 812/2924/783
f 792/2925/784 790/2926/784 806/2927/784 808/2928/784
f 801/2929/785 793/2930/785 794/2931/785 803/2932/785
f 796/2933/786 795/2934/786 797/2935/786 799/2936/786
f 795/2937/787 793/2938/787 809/2939/787 811/2940/787
f 805/2941/788 794/2942/788 796/2943/788 807/2944/788
f 793/2945/789 801/2946/789 809/2947/789
f 795/2948/790 811/2949/790 797/2950/790
f 794/2951/791 805/2952/791 803/2953/791
f 796/2954/792 799/2955/792 807/2956/792
f 789/2957/793 810/2958/793 802/2959/793
f 791/2960/794 798/2961/794 812/2962/794
f 790/2963/795 804/2964/795 806/2965/795
f 792/2966/796 808/2967/796 800/2968/796
f 804/2969/797 802/2970/797 801/2971/797 803/2972/797
f 797/2973/798 798/2974/798 800/2975/798 799/2976/798
f 809/2977/799 810/2978/799 812/2979/799 811/2980/799
f 808/2981/800 806/2982/800 805/2983/800 807/2984/800
f 803/2985/801 805/2986/801 806/2987/801 804/2988/801
f 810/2989/802 809/2990/802 801/2991/802 802/2992/802
f 808/2993/803 807/2994/803 799/2995/803 800/2996/803
f 797/2997/804 811/2998/804 812/2999/804 798/3000/804
o mesh
v 0.734375 2.225 0.615625
v 0.734375 2.225 0.259375
v 0.734375 2.09375 0.615625
v 0.734375 2.09375 0.259375
v 0.390625 2.225 0.615625
v 0.390625 2.225 0.259375
v 0.390625 2.09375 0.615625
v 0.390625 2.09375 0.259375
vt 0.25 1
vt 0 1
vt 0 0.875
vt 0.25 0.875
vt 0.25 0.875
vt 0.25 1
vt 0 1
vt 0 0.875
vt 0 0.75
vt 0.25 0.75
vt 0.25 1
vt 0 1
vt 0.25 0.75
vt 0.25 1
vt 0 1
vt 0 0.75
vt 0.25 0.875
vt 0.25 1
vt 0 1
vt 0 0.875
vt 0.25 1
vt 0 1
vt 0 0.875
vt 0.25 0.875
vn 1 0 0
vn -1 0 0
vn 0 1 0
vn 0 -1 0
vn 0 0 1
vn 0 0 -1
usemtl none
f 814/3001/805 813/3002/805 815/3003/805 816/3004/805
f 819/3005/806 817/3006/806 818/3007/806 820/3008/806
f 817/3009/807 813/3010/807 814/3011/807 818/3012/807
f 816/3013/808 815/3014/808 819/3015/808 820/3016/808
f 815/3017/809 813/3018/809 817/3019/809 819/3020/809
f 818/3021/810 814/3022/810 816/3023/810 820/3024/810
o mesh
v 0.746875 2.25 0.634375
v 0.746875 2.25 0.240625
v 0.746875 2.2265625 0.634375
v 0.746875 2.2265625 0.240625
v 0.378125 2.25 0.634375
v 0.378125 2.25 0.240625
v 0.378125 2.2265625 0.634375
v 0.378125 2.2265625 0.240625
v 0.717270625 2.25 0.5989525
v 0.71966625 2.25 0.275268125
v 0.40911624999999996 2.25 0.27302125
v 0.407279375 2.25 0.59850375
v 0.719659375 2.225 0.596765625
v 0.718496875 2.225 0.27351375
v 0.40774125 2.225 0.27295375
v 0.407955625 2.225 0.59672875
vt 0.25 1
vt 0 1
vt 0 0.875
vt 0.25 0.875
vt 0.25 0.875
vt 0.25 1
vt 0 1
vt 0 0.875
vt 0.25 0.75
vt 0.25 1
vt 0 1
vt 0 0.75
vt 0.25 0.875
vt 0.25 1
vt 0 1
vt 0 0.875
vt 0.25 1
vt 0 1
vt 0 0.875
vt 0.25 0.875
vt 0 0.75
vt 0.25 0.75
vt 0.22992921875 0.772490625
vt 0.01976578125 0.772775625
vt 0.22992921875 0.772490625
vt 0.25 0.75
vt 0.25 1
vt 0.23155328125 0.978004375
vt 0.25 1
vt 0 1
vt 0.02101125 0.9794309375
vt 0.23155328125 0.978004375
vt 0 1
vt 0 0.75
vt 0.01976578125 0.772775625
vt 0.02101125 0.9794309375
vt 0.2230740625 0.7818153125
vt 0.22992921875 0.772490625
vt 0.23155328125 0.978004375
vt 0.22228609375 0.971181875
vt 0.22228609375 0.971181875
vt 0.23155328125 0.978004375
vt 0.02101125 0.9794309375
vt 0.02855359375 0.9715371875
vt 0.02101125 0.9794309375
vt 0.01976578125 0.772775625
vt 0.02869875 0.7818390625
vt 0.02855359375 0.9715371875
vt 0.02869875 0.7818390625
vt 0.01976578125 0.772775625
vt 0.22992921875 0.772490625
vt 0.2230740625 0.7818153125
vt 0.02869875 0.7818390625
vt 0.2230740625 0.7818153125
vt 0.22228609375 0.971181875
vt 0.02855359375 0.9715371875
vn 1 0 0
vn -1 0 0
vn 0 -1 0
vn 0 0 1
vn 0 0 -1
vn 0 1 0
vn 0 1 0
vn 0 1 0
vn 0 1 0
vn -0.99549992055672 -0.09447551835856478 -0.00736780852391687
vn -0.007217380169468961 -0.0696650802491536 0.9975443278458199
vn 0.9996291887384191 0.02663942647090527 0.005641451893923241
vn 0.0014439810117076201 0.0708605081420354 -0.9974851895164611
vn 0 1 0
usemtl none
f 822/3025/811 821/3026/811 823/3027/811 824/3028/811
f 827/3029/812 825/3030/812 826/3031/812 828/3032/812
f 824/3033/813 823/3034/813 827/3035/813 828/3036/813
f 823/3037/814 821/3038/814 825/3039/814 827/3040/814
f 826/3041/815 822/3042/815 824/3043/815 828/3044/815
f 825/3045/816 821/3046/816 829/3047/816 832/3048/816
f 829/3049/817 821/3050/817 822/3051/817 830/3052/817
f 822/3053/818 826/3054/818 831/3055/818 830/3056/818
f 826/3057/819 825/3058/819 832/3059/819 831/3060/819
f 833/3061/820 829/3062/820 830/3063/820 834/3064/820
f 834/3065/821 830/3066/821 831/3067/821 835/3068/821
f 831/3069/822 832/3070/822 836/3071/822 835/3072/822
f 836/3073/823 832/3074/823 829/3075/823 833/3076/823
f 836/3077/824 833/3078/824 834/3079/824 835/3080/824
o cube
v -0.3249999999999999 1.10625 -0.25
v -0.3249999999999999 1.10625 -1.0625
v -0.3249999999999999 0.29374999999999996 -0.25
v -0.3249999999999999 0.29374999999999996 -1.0625
v -1.1375 1.10625 -1.0625
v -1.1375 1.10625 -0.25
v -1.1375 0.29374999999999996 -1.0625
v -1.1375 0.29374999999999996 -0.25
vt 0 1
vt 0.203125 1
vt 0.203125 0.796875
vt 0 0.796875
vt 0 1
vt 0.203125 1
vt 0.203125 0.796875
vt 0 0.796875
vt 0 1
vt 0.203125 1
vt 0.203125 0.796875
vt 0 0.796875
vt 0 1
vt 0.203125 1
vt 0.203125 0.796875
vt 0 0.796875
vt 0 1
vt 0.203125 1
vt 0.203125 0.796875
vt 0 0.796875
vt 0 1
vt 0.203125 1
vt 0.203125 0.796875
vt 0 0.796875
vn 0 0 -1
vn 1 0 0
vn 0 0 1
vn -1 0 0
vn 0 1 0
vn 0 -1 0
usemtl none
f 840/3084/825 843/3083/825 841/3082/825 838/3081/825
f 839/3088/826 840/3087/826 838/3086/826 837/3085/826
f 844/3092/827 839/3091/827 837/3090/827 842/3089/827
f 843/3096/828 844/3095/828 842/3094/828 841/3093/828
f 842/3100/829 837/3099/829 838/3098/829 841/3097/829
f 843/3104/830 840/3103/830 839/3102/830 844/3101/830
o cube
v -0.3062499999999999 0.29375 -0.23124999999999996
v -0.3062499999999999 0.29375 -1.08125
v -0.3062499999999999 0.24374999999999997 -0.23124999999999996
v -0.3062499999999999 0.24374999999999997 -1.08125
v -1.15625 0.29375 -1.08125
v -1.15625 0.29375 -0.23124999999999996
v -1.15625 0.24374999999999997 -1.08125
v -1.15625 0.24374999999999997 -0.23124999999999996
vt 0.0015625 0.821875
vt 0.2140625 0.821875
vt 0.2140625 0.809375
vt 0.0015625 0.809375
vt 0 0.821875
vt 0.2125 0.821875
vt 0.2125 0.809375
vt 0 0.809375
vt 0 0.821875
vt 0.2125 0.821875
vt 0.2125 0.809375
vt 0 0.809375
vt 0.0046875 0.821875
vt 0.2171875 0.821875
vt 0.2171875 0.809375
vt 0.0046875 0.809375
vt 0 0.9953125
vt 0.2125 0.9953125
vt 0.2125 0.7828125
vt 0 0.7828125
vt 0 1
vt 0.2125 1
vt 0.2125 0.7875
vt 0 0.7875
vn 0 0 -1
vn 1 0 0
vn 0 0 1
vn -1 0 0
vn 0 1 0
vn 0 -1 0
usemtl none
f 848/3108/831 851/3107/831 849/3106/831 846/3105/831
f 847/3112/832 848/3111/832 846/3110/832 845/3109/832
f 852/3116/833 847/3115/833 845/3114/833 850/3113/833
f 851/3120/834 852/3119/834 850/3118/834 849/3117/834
f 850/3124/835 845/3123/835 846/3122/835 849/3121/835
f 851/3128/836 848/3127/836 847/3126/836 852/3125/836
o cube
v -0.28124999999999994 0.24374999999999997 -0.20625000000000004
v -0.28124999999999994 0.24374999999999997 -1.10625
v -0.28124999999999994 0.14375 -0.20625000000000004
v -0.28124999999999994 0.14375 -1.10625
v -1.18125 0.24374999999999997 -1.10625
v -1.18125 0.24374999999999997 -0.20625000000000004
v -1.18125 0.14375 -1.10625
v -1.18125 0.14375 -0.20625000000000004
vt 0 0.821875
vt 0.225 0.821875
vt 0.225 0.796875
vt 0 0.796875
vt 0 0.821875
vt 0.225 0.821875
vt 0.225 0.796875
vt 0 0.796875
vt 0 0.821875
vt 0.225 0.821875
vt 0.225 0.796875
vt 0 0.796875
vt 0 0.821875
vt 0.225 0.821875
vt 0.225 0.796875
vt 0 0.796875
vt 0 1
vt 0.225 1
vt 0.225 0.775
vt 0 0.775
vt 0 1
vt 0.225 1
vt 0.225 0.775
vt 0 0.775
vn 0 0 -1
vn 1 0 0
vn 0 0 1
vn -1 0 0
vn 0 1 0
vn 0 -1 0
usemtl none
f 856/3132/837 859/3131/837 857/3130/837 854/3129/837
f 855/3136/838 856/3135/838 854/3134/838 853/3133/838
f 860/3140/839 855/3139/839 853/3138/839 858/3137/839
f 859/3144/840 860/3143/840 858/3142/840 857/3141/840
f 858/3148/841 853/3147/841 854/3146/841 857/3145/841
f 859/3152/842 856/3151/842 855/3150/842 860/3149/842
o cube
v -0.29374999999999996 0.14375 -0.9812500000000001
v -0.29374999999999996 0.14375 -1.09375
v -0.29374999999999996 0 -0.9812500000000001
v -0.29374999999999996 0 -1.09375
v -0.40625 0.14375 -1.09375
v -0.40625 0.14375 -0.9812500000000001
v -0.40625 0 -1.09375
v -0.40625 0 -0.9812500000000001
vt 0.00625 0.821875
vt 0.034375 0.821875
vt 0.034375 0.7859375
vt 0.00625 0.7859375
vt 0.196875 0.821875
vt 0.225 0.821875
vt 0.225 0.7859375
vt 0.196875 0.7859375
vt 0.190625 0.821875
vt 0.21875 0.821875
vt 0.21875 0.7859375
vt 0.190625 0.7859375
vt 0 0.821875
vt 0.028125 0.821875
vt 0.028125 0.7859375
vt 0 0.7859375
vt 0.190625 1
vt 0.21875 1
vt 0.21875 0.971875
vt 0.190625 0.971875
vt 0.190625 0.803125
vt 0.21875 0.803125
vt 0.21875 0.775
vt 0.190625 0.775
vn 0 0 -1
vn 1 0 0
vn 0 0 1
vn -1 0 0
vn 0 1 0
vn 0 -1 0
usemtl none
f 864/3156/843 867/3155/843 865/3154/843 862/3153/843
f 863/3160/844 864/3159/844 862/3158/844 861/3157/844
f 868/3164/845 863/3163/845 861/3162/845 866/3161/845
f 867/3168/846 868/3167/846 866/3166/846 865/3165/846
f 866/3172/847 861/3171/847 862/3170/847 865/3169/847
f 867/3176/848 864/3175/848 863/3174/848 868/3173/848
o cube
v -1.05625 0.14375 -0.9812500000000001
v -1.05625 0.14375 -1.09375
v -1.05625 0 -0.9812500000000001
v -1.05625 0 -1.09375
v -1.1687499999999997 0.14375 -1.09375
v -1.1687499999999997 0.14375 -0.9812500000000001
v -1.1687499999999997 0 -1.09375
v -1.1687499999999997 0 -0.9812500000000001
vt 0.00625 0.821875
vt 0.034375 0.821875
vt 0.034375 0.7859375
vt 0.00625 0.7859375
vt 0.196875 0.821875
vt 0.225 0.821875
vt 0.225 0.7859375
vt 0.196875 0.7859375
vt 0.190625 0.821875
vt 0.21875 0.821875
vt 0.21875 0.7859375
vt 0.190625 0.7859375
vt 0 0.821875
vt 0.028125 0.821875
vt 0.028125 0.7859375
vt 0 0.7859375
vt 0.190625 1
vt 0.21875 1
vt 0.21875 0.971875
vt 0.190625 0.971875
vt 0.190625 0.803125
vt 0.21875 0.803125
vt 0.21875 0.775
vt 0.190625 0.775
vn 0 0 -1
vn 1 0 0
vn 0 0 1
vn -1 0 0
vn 0 1 0
vn 0 -1 0
usemtl none
f 872/3180/849 875/3179/849 873/3178/849 870/3177/849
f 871/3184/850 872/3183/850 870/3182/850 869/3181/850
f 876/3188/851 871/3187/851 869/3186/851 874/3185/851
f 875/3192/852 876/3191/852 874/3190/852 873/3189/852
f 874/3196/853 869/3195/853 870/3194/853 873/3193/853
f 875/3200/854 872/3199/854 871/3198/854 876/3197/854
o cube
v -0.29374999999999996 0.14375 -0.21875
v -0.29374999999999996 0.14375 -0.33125000000000004
v -0.29374999999999996 0 -0.21875
v -0.29374999999999996 0 -0.33125000000000004
v -0.40625 0.14375 -0.33125000000000004
v -0.40625 0.14375 -0.21875
v -0.40625 0 -0.33125000000000004
v -0.40625 0 -0.21875
vt 0.00625 0.821875
vt 0.034375 0.821875
vt 0.034375 0.7859375
vt 0.00625 0.7859375
vt 0.196875 0.821875
vt 0.225 0.821875
vt 0.225 0.7859375
vt 0.196875 0.7859375
vt 0.190625 0.821875
vt 0.21875 0.821875
vt 0.21875 0.7859375
vt 0.190625 0.7859375
vt 0 0.821875
vt 0.028125 0.821875
vt 0.028125 0.7859375
vt 0 0.7859375
vt 0.190625 1
vt 0.21875 1
vt 0.21875 0.971875
vt 0.190625 0.971875
vt 0.190625 0.803125
vt 0.21875 0.803125
vt 0.21875 0.775
vt 0.190625 0.775
vn 0 0 -1
vn 1 0 0
vn 0 0 1
vn -1 0 0
vn 0 1 0
vn 0 -1 0
usemtl none
f 880/3204/855 883/3203/855 881/3202/855 878/3201/855
f 879/3208/856 880/3207/856 878/3206/856 877/3205/856
f 884/3212/857 879/3211/857 877/3210/857 882/3209/857
f 883/3216/858 884/3215/858 882/3214/858 881/3213/858
f 882/3220/859 877/3219/859 878/3218/859 881/3217/859
f 883/3224/860 880/3223/860 879/3222/860 884/3221/860
o cube
v -1.05625 0.14375 -0.21875
v -1.05625 0.14375 -0.33125000000000004
v -1.05625 0 -0.21875
v -1.05625 0 -0.33125000000000004
v -1.1687499999999997 0.14375 -0.33125000000000004
v -1.1687499999999997 0.14375 -0.21875
v -1.1687499999999997 0 -0.33125000000000004
v -1.1687499999999997 0 -0.21875
vt 0.00625 0.821875
vt 0.034375 0.821875
vt 0.034375 0.7859375
vt 0.00625 0.7859375
vt 0.196875 0.821875
vt 0.225 0.821875
vt 0.225 0.7859375
vt 0.196875 0.7859375
vt 0.190625 0.821875
vt 0.21875 0.821875
vt 0.21875 0.7859375
vt 0.190625 0.7859375
vt 0 0.821875
vt 0.028125 0.821875
vt 0.028125 0.7859375
vt 0 0.7859375
vt 0.190625 1
vt 0.21875 1
vt 0.21875 0.971875
vt 0.190625 0.971875
vt 0.190625 0.803125
vt 0.21875 0.803125
vt 0.21875 0.775
vt 0.190625 0.775
vn 0 0 -1
vn 1 0 0
vn 0 0 1
vn -1 0 0
vn 0 1 0
vn 0 -1 0
usemtl none
f 888/3228/861 891/3227/861 889/3226/861 886/3225/861
f 887/3232/862 888/3231/862 886/3230/862 885/3229/862
f 892/3236/863 887/3235/863 885/3234/863 890/3233/863
f 891/3240/864 892/3239/864 890/3238/864 889/3237/864
f 890/3244/865 885/3243/865 886/3242/865 889/3241/865
f 891/3248/866 888/3247/866 887/3246/866 892/3245/866
o cube
v -0.31249999999999994 0.075 -0.23750000000000004
v -0.31249999999999994 0.075 -1.075
v -0.31249999999999994 0.05625000000000001 -0.23750000000000004
v -0.31249999999999994 0.05625000000000001 -1.075
v -1.15 0.075 -1.075
v -1.15 0.075 -0.23750000000000004
v -1.15 0.05625000000000001 -1.075
v -1.15 0.05625000000000001 -0.23750000000000004
vt 0.0078125 0.8015625
vt 0.2171875 0.8015625
vt 0.2171875 0.796875
vt 0.0078125 0.796875
vt 0.0078125 0.8015625
vt 0.2171875 0.8015625
vt 0.2171875 0.796875
vt 0.0078125 0.796875
vt 0.0078125 0.8015625
vt 0.2171875 0.8015625
vt 0.2171875 0.796875
vt 0.0078125 0.796875
vt 0.0078125 0.8015625
vt 0.2171875 0.8015625
vt 0.2171875 0.796875
vt 0.0078125 0.796875
vt 0.0078125 0.9921875
vt 0.2171875 0.9921875
vt 0.2171875 0.7828125
vt 0.0078125 0.7828125
vt 0.0078125 0.9921875
vt 0.2171875 0.9921875
vt 0.2171875 0.7828125
vt 0.0078125 0.7828125
vn 0 0 -1
vn 1 0 0
vn 0 0 1
vn -1 0 0
vn 0 1 0
vn 0 -1 0
usemtl none
f 896/3252/867 899/3251/867 897/3250/867 894/3249/867
f 895/3256/868 896/3255/868 894/3254/868 893/3253/868
f 900/3260/869 895/3259/869 893/3258/869 898/3257/869
f 899/3264/870 900/3263/870 898/3262/870 897/3261/870
f 898/3268/871 893/3267/871 894/3266/871 897/3265/871
f 899/3272/872 896/3271/872 895/3270/872 900/3269/872
o cube
v -0.3187499999999999 1.1125 -1.0500000000000003
v -0.3187499999999999 1.1125 -1.06875
v -0.3187499999999999 0.29374999999999996 -1.0500000000000003
v -0.3187499999999999 0.29374999999999996 -1.06875
v -0.33749999999999997 1.1125 -1.06875
v -0.33749999999999997 1.1125 -1.0500000000000003
v -0.33749999999999997 0.29374999999999996 -1.06875
v -0.33749999999999997 0.29374999999999996 -1.0500000000000003
vt 0 1
vt 0.0046875 1
vt 0.0046875 0.7953125
vt 0 0.7953125
vt 0.2 1
vt 0.2046875 1
vt 0.2046875 0.7953125
vt 0.2 0.7953125
vt 0.2 1
vt 0.2046875 1
vt 0.2046875 0.7953125
vt 0.2 0.7953125
vt 0.0015625 1
vt 0.00625 1
vt 0.00625 0.7953125
vt 0.0015625 0.7953125
vt 0.2 0.9984375
vt 0.2046875 0.9984375
vt 0.2046875 0.99375
vt 0.2 0.99375
vt 0.2 0.8
vt 0.2046875 0.8
vt 0.2046875 0.7953125
vt 0.2 0.7953125
vn 0 0 -1
vn 1 0 0
vn 0 0 1
vn -1 0 0
vn 0 1 0
vn 0 -1 0
usemtl none
f 904/3276/873 907/3275/873 905/3274/873 902/3273/873
f 903/3280/874 904/3279/874 902/3278/874 901/3277/874
f 908/3284/875 903/3283/875 901/3282/875 906/3281/875
f 907/3288/876 908/3287/876 906/3286/876 905/3285/876
f 906/3292/877 901/3291/877 902/3290/877 905/3289/877
f 907/3296/878 904/3295/878 903/3294/878 908/3293/878
o cube
v -1.125 1.1125 -1.0500000000000003
v -1.125 1.1125 -1.06875
v -1.125 0.29374999999999996 -1.0500000000000003
v -1.125 0.29374999999999996 -1.06875
v -1.1437499999999998 1.1125 -1.06875
v -1.1437499999999998 1.1125 -1.0500000000000003
v -1.1437499999999998 0.29374999999999996 -1.06875
v -1.1437499999999998 0.29374999999999996 -1.0500000000000003
vt 0 1
vt 0.0046875 1
vt 0.0046875 0.7953125
vt 0 0.7953125
vt 0.2 1
vt 0.2046875 1
vt 0.2046875 0.7953125
vt 0.2 0.7953125
vt 0.2 1
vt 0.2046875 1
vt 0.2046875 0.7953125
vt 0.2 0.7953125
vt 0.0015625 1
vt 0.00625 1
vt 0.00625 0.7953125
vt 0.0015625 0.7953125
vt 0.2 0.9984375
vt 0.2046875 0.9984375
vt 0.2046875 0.99375
vt 0.2 0.99375
vt 0.2 0.8
vt 0.2046875 0.8
vt 0.2046875 0.7953125
vt 0.2 0.7953125
vn 0 0 -1
vn 1 0 0
vn 0 0 1
vn -1 0 0
vn 0 1 0
vn 0 -1 0
usemtl none
f 912/3300/879 915/3299/879 913/3298/879 910/3297/879
f 911/3304/880 912/3303/880 910/3302/880 909/3301/880
f 916/3308/881 911/3307/881 909/3306/881 914/3305/881
f 915/3312/882 916/3311/882 914/3310/882 913/3309/882
f 914/3316/883 909/3315/883 910/3314/883 913/3313/883
f 915/3320/884 912/3319/884 911/3318/884 916/3317/884
o cube
v -1.125 1.1125 -0.2437499999999999
v -1.125 1.1125 -0.26249999999999996
v -1.125 0.29374999999999996 -0.2437499999999999
v -1.125 0.29374999999999996 -0.26249999999999996
v -1.1437499999999998 1.1125 -0.26249999999999996
v -1.1437499999999998 1.1125 -0.2437499999999999
v -1.1437499999999998 0.29374999999999996 -0.26249999999999996
v -1.1437499999999998 0.29374999999999996 -0.2437499999999999
vt 0 1
vt 0.0046875 1
vt 0.0046875 0.7953125
vt 0 0.7953125
vt 0.2 1
vt 0.2046875 1
vt 0.2046875 0.7953125
vt 0.2 0.7953125
vt 0.2 1
vt 0.2046875 1
vt 0.2046875 0.7953125
vt 0.2 0.7953125
vt 0.0015625 1
vt 0.00625 1
vt 0.00625 0.7953125
vt 0.0015625 0.7953125
vt 0.2 0.9984375
vt 0.2046875 0.9984375
vt 0.2046875 0.99375
vt 0.2 0.99375
vt 0.2 0.8
vt 0.2046875 0.8
vt 0.2046875 0.7953125
vt 0.2 0.7953125
vn 0 0 -1
vn 1 0 0
vn 0 0 1
vn -1 0 0
vn 0 1 0
vn 0 -1 0
usemtl none
f 920/3324/885 923/3323/885 921/3322/885 918/3321/885
f 919/3328/886 920/3327/886 918/3326/886 917/3325/886
f 924/3332/887 919/3331/887 917/3330/887 922/3329/887
f 923/3336/888 924/3335/888 922/3334/888 921/3333/888
f 922/3340/889 917/3339/889 918/3338/889 921/3337/889
f 923/3344/890 920/3343/890 919/3342/890 924/3341/890
o cube
v -0.3187499999999999 1.1125 -0.2437499999999999
v -0.3187499999999999 1.1125 -0.26249999999999996
v -0.3187499999999999 0.29374999999999996 -0.2437499999999999
v -0.3187499999999999 0.29374999999999996 -0.26249999999999996
v -0.33749999999999997 1.1125 -0.26249999999999996
v -0.33749999999999997 1.1125 -0.2437499999999999
v -0.33749999999999997 0.29374999999999996 -0.26249999999999996
v -0.33749999999999997 0.29374999999999996 -0.2437499999999999
vt 0 1
vt 0.0046875 1
vt 0.0046875 0.7953125
vt 0 0.7953125
vt 0.2 1
vt 0.2046875 1
vt 0.2046875 0.7953125
vt 0.2 0.7953125
vt 0.2 1
vt 0.2046875 1
vt 0.2046875 0.7953125
vt 0.2 0.7953125
vt 0.0015625 1
vt 0.00625 1
vt 0.00625 0.7953125
vt 0.0015625 0.7953125
vt 0.2 0.9984375
vt 0.2046875 0.9984375
vt 0.2046875 0.99375
vt 0.2 0.99375
vt 0.2 0.8
vt 0.2046875 0.8
vt 0.2046875 0.7953125
vt 0.2 0.7953125
vn 0 0 -1
vn 1 0 0
vn 0 0 1
vn -1 0 0
vn 0 1 0
vn 0 -1 0
usemtl none
f 928/3348/891 931/3347/891 929/3346/891 926/3345/891
f 927/3352/892 928/3351/892 926/3350/892 925/3349/892
f 932/3356/893 927/3355/893 925/3354/893 930/3353/893
f 931/3360/894 932/3359/894 930/3358/894 929/3357/894
f 930/3364/895 925/3363/895 926/3362/895 929/3361/895
f 931/3368/896 928/3367/896 927/3366/896 932/3365/896
o cube
v -0.30624999999999997 1.0125 -0.38125
v -0.30624999999999997 1.0125 -0.93125
v -0.30624999999999997 0.73125 -0.38125
v -0.30624999999999997 0.73125 -0.93125
v -0.325 1.0125 -0.93125
v -0.325 1.0125 -0.38125
v -0.325 0.73125 -0.93125
v -0.325 0.73125 -0.38125
vt 0 0.9765625
vt 0.0046875 0.9765625
vt 0.0046875 0.90625
vt 0 0.90625
vt 0.0328125 0.9765625
vt 0.1703125 0.9765625
vt 0.1703125 0.90625
vt 0.0328125 0.90625
vt 0.203125 0.9765625
vt 0.2078125 0.9765625
vt 0.2078125 0.90625
vt 0.203125 0.90625
vt 0.0328125 0.9765625
vt 0.1703125 0.9765625
vt 0.1703125 0.90625
vt 0.0328125 0.90625
vt 0.203125 0.9671875
vt 0.2078125 0.9671875
vt 0.2078125 0.8296875
vt 0.203125 0.8296875
vt 0.203125 0.9671875
vt 0.2078125 0.9671875
vt 0.2078125 0.8296875
vt 0.203125 0.8296875
vn 0 0 -1
vn 1 0 0
vn 0 0 1
vn -1 0 0
vn 0 1 0
vn 0 -1 0
usemtl none
f 936/3372/897 939/3371/897 937/3370/897 934/3369/897
f 935/3376/898 936/3375/898 934/3374/898 933/3373/898
f 940/3380/899 935/3379/899 933/3378/899 938/3377/899
f 939/3384/900 940/3383/900 938/3382/900 937/3381/900
f 938/3388/901 933/3387/901 934/3386/901 937/3385/901
f 939/3392/902 936/3391/902 935/3390/902 940/3389/902
o cube
v -0.29375 0.96875 -0.78125
v -0.29375 0.96875 -0.8875
v -0.29375 0.9312499999999999 -0.78125
v -0.29375 0.9312499999999999 -0.8875
v -0.30624999999999997 0.96875 -0.8875
v -0.30624999999999997 0.96875 -0.78125
v -0.30624999999999997 0.9312499999999999 -0.8875
v -0.30624999999999997 0.9312499999999999 -0.78125
vt 0 0.965625
vt 0.003125 0.965625
vt 0.003125 0.95625
vt 0 0.95625
vt 0.1328125 0.965625
vt 0.159375 0.965625
vt 0.159375 0.95625
vt 0.1328125 0.95625
vt 0.2078125 0.965625
vt 0.2109375 0.965625
vt 0.2109375 0.95625
vt 0.2078125 0.95625
vt 0.04375 0.965625
vt 0.0703125 0.965625
vt 0.0703125 0.95625
vt 0.04375 0.95625
vt 0.2078125 0.95625
vt 0.2109375 0.95625
vt 0.2109375 0.9296875
vt 0.2078125 0.9296875
vt 0.2078125 0.8671875
vt 0.2109375 0.8671875
vt 0.2109375 0.840625
vt 0.2078125 0.840625
vn 0 0 -1
vn 1 0 0
vn 0 0 1
vn -1 0 0
vn 0 1 0
vn 0 -1 0
usemtl none
f 944/3396/903 947/3395/903 945/3394/903 942/3393/903
f 943/3400/904 944/3399/904 942/3398/904 941/3397/904
f 948/3404/905 943/3403/905 941/3402/905 946/3401/905
f 947/3408/906 948/3407/906 946/3406/906 945/3405/906
f 946/3412/907 941/3411/907 942/3410/907 945/3409/907
f 947/3416/908 944/3415/908 943/3414/908 948/3413/908
o cube
v -0.29375 0.90625 -0.8499999999999999
v -0.29375 0.90625 -0.8875
v -0.29375 0.8687499999999999 -0.8499999999999999
v -0.29375 0.8687499999999999 -0.8875
v -0.30624999999999997 0.90625 -0.8875
v -0.30624999999999997 0.90625 -0.8499999999999999
v -0.30624999999999997 0.8687499999999999 -0.8875
v -0.30624999999999997 0.8687499999999999 -0.8499999999999999
vt 0 0.965625
vt 0.003125 0.965625
vt 0.003125 0.95625
vt 0 0.95625
vt 0.15 0.965625
vt 0.159375 0.965625
vt 0.159375 0.95625
vt 0.15 0.95625
vt 0.2078125 0.965625
vt 0.2109375 0.965625
vt 0.2109375 0.95625
vt 0.2078125 0.95625
vt 0.04375 0.965625
vt 0.053125 0.965625
vt 0.053125 0.95625
vt 0.04375 0.95625
vt 0.2078125 0.95625
vt 0.2109375 0.95625
vt 0.2109375 0.946875
vt 0.2078125 0.946875
vt 0.2078125 0.85
vt 0.2109375 0.85
vt 0.2109375 0.840625
vt 0.2078125 0.840625
vn 0 0 -1
vn 1 0 0
vn 0 0 1
vn -1 0 0
vn 0 1 0
vn 0 -1 0
usemtl none
f 952/3420/909 955/3419/909 953/3418/909 950/3417/909
f 951/3424/910 952/3423/910 950/3422/910 949/3421/910
f 956/3428/911 951/3427/911 949/3426/911 954/3425/911
f 955/3432/912 956/3431/912 954/3430/912 953/3429/912
f 954/3436/913 949/3435/913 950/3434/913 953/3433/913
f 955/3440/914 952/3439/914 951/3438/914 956/3437/914
o cube
v -0.29375 0.84375 -0.825
v -0.29375 0.84375 -0.8875
v -0.29375 0.8062499999999999 -0.825
v -0.29375 0.8062499999999999 -0.8875
v -0.30624999999999997 0.84375 -0.8875
v -0.30624999999999997 0.84375 -0.825
v -0.30624999999999997 0.8062499999999999 -0.8875
v -0.30624999999999997 0.8062499999999999 -0.825
vt 0 0.965625
vt 0.003125 0.965625
vt 0.003125 0.95625
vt 0 0.95625
vt 0.14375 0.965625
vt 0.159375 0.965625
vt 0.159375 0.95625
vt 0.14375 0.95625
vt 0.2078125 0.965625
vt 0.2109375 0.965625
vt 0.2109375 0.95625
vt 0.2078125 0.95625
vt 0.04375 0.965625
vt 0.059375 0.965625
vt 0.059375 0.95625
vt 0.04375 0.95625
vt 0.2078125 0.95625
vt 0.2109375 0.95625
vt 0.2109375 0.940625
vt 0.2078125 0.940625
vt 0.2078125 0.85625
vt 0.2109375 0.85625
vt 0.2109375 0.840625
vt 0.2078125 0.840625
vn 0 0 -1
vn 1 0 0
vn 0 0 1
vn -1 0 0
vn 0 1 0
vn 0 -1 0
usemtl none
f 960/3444/915 963/3443/915 961/3442/915 958/3441/915
f 959/3448/916 960/3447/916 958/3446/916 957/3445/916
f 964/3452/917 959/3451/917 957/3450/917 962/3449/917
f 963/3456/918 964/3455/918 962/3454/918 961/3453/918
f 962/3460/919 957/3459/919 958/3458/919 961/3457/919
f 963/3464/920 960/3463/920 959/3462/920 964/3461/920
o cube
v -0.3006569728242962 0.96875 -0.4467845432742355
v -0.2863630440805752 0.96875 -0.5140321908246848
v -0.3006569728242962 0.9312499999999999 -0.4467845432742355
v -0.2863630440805752 0.9312499999999999 -0.5140321908246848
v -0.29858988908974776 0.96875 -0.5166310869599067
v -0.31288381783346875 0.96875 -0.44938343940945746
v -0.29858988908974776 0.9312499999999999 -0.5166310869599067
v -0.31288381783346875 0.9312499999999999 -0.44938343940945746
vt 0 0.965625
vt 0.003125 0.965625
vt 0.003125 0.95625
vt 0 0.95625
vt 0.1328125 0.965625
vt 0.15 0.965625
vt 0.15 0.95625
vt 0.1328125 0.95625
vt 0.2078125 0.965625
vt 0.2109375 0.965625
vt 0.2109375 0.95625
vt 0.2078125 0.95625
vt 0.053125 0.965625
vt 0.0703125 0.965625
vt 0.0703125 0.95625
vt 0.053125 0.95625
vt 0.2078125 0.946875
vt 0.2109375 0.946875
vt 0.2109375 0.9296875
vt 0.2078125 0.9296875
vt 0.2078125 0.8671875
vt 0.2109375 0.8671875
vt 0.2109375 0.85
vt 0.2078125 0.85
vn 0.2079116908177593 0 -0.9781476007338057
vn 0.9781476007338057 0 0.2079116908177593
vn -0.2079116908177593 0 0.9781476007338057
vn -0.9781476007338057 0 -0.2079116908177593
vn 0 1 0
vn 0 -1 0
usemtl none
f 968/3468/921 971/3467/921 969/3466/921 966/3465/921
f 967/3472/922 968/3471/922 966/3470/922 965/3469/922
f 972/3476/923 967/3475/923 965/3474/923 970/3473/923
f 971/3480/924 972/3479/924 970/3478/924 969/3477/924
f 970/3484/925 965/3483/925 966/3482/925 969/3481/925
f 971/3488/926 968/3487/926 967/3486/926 972/3485/926
o cube
v -0.2999999999999999 0.96875 -0.4250000000000001
v -0.2999999999999999 0.96875 -0.53125
v -0.2999999999999999 0.9312499999999999 -0.4250000000000001
v -0.2999999999999999 0.9312499999999999 -0.53125
v -0.30624999999999997 0.96875 -0.53125
v -0.30624999999999997 0.96875 -0.4250000000000001
v -0.30624999999999997 0.9312499999999999 -0.53125
v -0.30624999999999997 0.9312499999999999 -0.4250000000000001
vt 0.0015625 0.965625
vt 0.003125 0.965625
vt 0.003125 0.95625
vt 0.0015625 0.95625
vt 0.1328125 0.965625
vt 0.159375 0.965625
vt 0.159375 0.95625
vt 0.1328125 0.95625
vt 0.2078125 0.965625
vt 0.209375 0.965625
vt 0.209375 0.95625
vt 0.2078125 0.95625
vt 0.04375 0.965625
vt 0.0703125 0.965625
vt 0.0703125 0.95625
vt 0.04375 0.95625
vt 0.2078125 0.95625
vt 0.209375 0.95625
vt 0.209375 0.9296875
vt 0.2078125 0.9296875
vt 0.2078125 0.8671875
vt 0.209375 0.8671875
vt 0.209375 0.840625
vt 0.2078125 0.840625
vn 0 0 -1
vn 1 0 0
vn 0 0 1
vn -1 0 0
vn 0 1 0
vn 0 -1 0
usemtl none
f 976/3492/927 979/3491/927 977/3490/927 974/3489/927
f 975/3496/928 976/3495/928 974/3494/928 973/3493/928
f 980/3500/929 975/3499/929 973/3498/929 978/3497/929
f 979/3504/930 980/3503/930 978/3502/930 977/3501/930
f 978/3508/931 973/3507/931 974/3506/931 977/3505/931
f 979/3512/932 976/3511/932 975/3510/932 980/3509/932
o cube
v -0.24374999999999986 1.10625 -1.2187500000000013
v -0.24374999999999986 1.10625 -1.7687500000000003
v -0.24374999999999986 0.11874999999999991 -1.2187500000000013
v -0.24374999999999986 0.11874999999999991 -1.7687500000000003
v -1.19375 1.10625 -1.7687500000000003
v -1.19375 1.10625 -1.2187500000000013
v -1.19375 0.11874999999999991 -1.7687500000000003
v -1.19375 0.11874999999999991 -1.2187500000000013
vt 0 1
vt 0.23750000000000004 1
vt 0.23750000000000004 0.753125
vt 0 0.753125
vt 0 1
vt 0.13749999999999973 1
vt 0.13749999999999973 0.753125
vt 0 0.753125
vt 0 1
vt 0.23750000000000004 1
vt 0.23750000000000004 0.753125
vt 0 0.753125
vt 0.06562500000000027 1
vt 0.203125 1
vt 0.203125 0.753125
vt 0.06562500000000027 0.753125
vt 0 0.9343749999999997
vt 0.23750000000000004 0.9343749999999997
vt 0.23750000000000004 0.796875
vt 0 0.796875
vt 0 1
vt 0.23750000000000004 1
vt 0.23750000000000004 0.8625000000000003
vt 0 0.8625000000000003
vn 0 0 -1
vn 1 0 0
vn 0 0 1
vn -1 0 0
vn 0 1 0
vn 0 -1 0
usemtl none
f 984/3516/933 987/3515/933 985/3514/933 982/3513/933
f 983/3520/934 984/3519/934 982/3518/934 981/3517/934
f 988/3524/935 983/3523/935 981/3522/935 986/3521/935
f 987/3528/936 988/3527/936 986/3526/936 985/3525/936
f 986/3532/937 981/3531/937 982/3530/937 985/3529/937
f 987/3536/938 984/3535/938 983/3534/938 988/3533/938
o cube
v -0.2312499999999999 0.11874999999999991 -1.2062500000000014
v -0.2312499999999999 0.11874999999999991 -1.7562500000000003
v -0.2312499999999999 0.0749999999999999 -1.2062500000000014
v -0.2312499999999999 0.0749999999999999 -1.7562500000000003
v -1.2062500000000003 0.11874999999999991 -1.7562500000000003
v -1.2062500000000003 0.11874999999999991 -1.2062500000000014
v -1.2062500000000003 0.0749999999999999 -1.7562500000000003
v -1.2062500000000003 0.0749999999999999 -1.2062500000000014
vt 0 0.753125
vt 0.24375000000000008 0.753125
vt 0.24375000000000008 0.7421875
vt 0 0.7421875
vt 0 0.753125
vt 0.13749999999999973 0.753125
vt 0.13749999999999973 0.7421875
vt 0 0.7421875
vt 0.0015624999999999667 0.753125
vt 0.24531250000000004 0.753125
vt 0.24531250000000004 0.7421875
vt 0.0015624999999999667 0.7421875
vt 0.06875000000000026 0.753125
vt 0.20625 0.753125
vt 0.20625 0.7421875
vt 0.06875000000000026 0.7421875
vt 0.0015624999999999667 0.9312499999999997
vt 0.24531250000000004 0.9312499999999997
vt 0.24531250000000004 0.79375
vt 0.0015624999999999667 0.79375
vt 0.0015624999999999667 1
vt 0.24531250000000004 1
vt 0.24531250000000004 0.8625000000000003
vt 0.0015624999999999667 0.8625000000000003
vn 0 0 -1
vn 1 0 0
vn 0 0 1
vn -1 0 0
vn 0 1 0
vn 0 -1 0
usemtl none
f 992/3540/939 995/3539/939 993/3538/939 990/3537/939
f 991/3544/940 992/3543/940 990/3542/940 989/3541/940
f 996/3548/941 991/3547/941 989/3546/941 994/3545/941
f 995/3552/942 996/3551/942 994/3550/942 993/3549/942
f 994/3556/943 989/3555/943 990/3554/943 993/3553/943
f 995/3560/944 992/3559/944 991/3558/944 996/3557/944
o cube
v -1.05625 0.07499999999999998 -1.2312500000000024
v -1.05625 0.07499999999999998 -1.3437500000000027
v -1.05625 0 -1.2312500000000024
v -1.05625 0 -1.3437500000000027
v -1.1687499999999997 0.07499999999999998 -1.3437500000000027
v -1.1687499999999997 0.07499999999999998 -1.2312500000000024
v -1.1687499999999997 0 -1.3437500000000027
v -1.1687499999999997 0 -1.2312500000000024
vt 0.00625 0.8046875
vt 0.03437500000000001 0.8046875
vt 0.03437500000000001 0.7859375
vt 0.00625 0.7859375
vt 0.196875 0.8046875
vt 0.22500000000000006 0.8046875
vt 0.22500000000000006 0.7859375
vt 0.196875 0.7859375
vt 0.190625 0.8046875
vt 0.21875 0.8046875
vt 0.21875 0.7859375
vt 0.190625 0.7859375
vt 0 0.8046875
vt 0.028125000000000067 0.8046875
vt 0.028125000000000067 0.7859375
vt 0 0.7859375
vt 0.190625 1
vt 0.21875 1
vt 0.21875 0.9718749999999999
vt 0.190625 0.9718749999999999
vt 0.190625 0.803125
vt 0.21875 0.803125
vt 0.21875 0.7749999999999999
vt 0.190625 0.7749999999999999
vn 0 0 -1
vn 1 0 0
vn 0 0 1
vn -1 0 0
vn 0 1 0
vn 0 -1 0
usemtl none
f 1000/3564/945 1003/3563/945 1001/3562/945 998/3561/945
f 999/3568/946 1000/3567/946 998/3566/946 997/3565/946
f 1004/3572/947 999/3571/947 997/3570/947 1002/3569/947
f 1003/3576/948 1004/3575/948 1002/3574/948 1001/3573/948
f 1002/3580/949 997/3579/949 998/3578/949 1001/3577/949
f 1003/3584/950 1000/3583/950 999/3582/950 1004/3581/950
o cube
v -1.05625 0.07499999999999998 -1.6125000000000056
v -1.05625 0.07499999999999998 -1.7250000000000059
v -1.05625 0 -1.6125000000000056
v -1.05625 0 -1.7250000000000059
v -1.1687499999999997 0.07499999999999998 -1.7250000000000059
v -1.1687499999999997 0.07499999999999998 -1.6125000000000056
v -1.1687499999999997 0 -1.7250000000000059
v -1.1687499999999997 0 -1.6125000000000056
vt 0.00625 0.8046875
vt 0.03437500000000001 0.8046875
vt 0.03437500000000001 0.7859375
vt 0.00625 0.7859375
vt 0.196875 0.8046875
vt 0.22500000000000006 0.8046875
vt 0.22500000000000006 0.7859375
vt 0.196875 0.7859375
vt 0.190625 0.8046875
vt 0.21875 0.8046875
vt 0.21875 0.7859375
vt 0.190625 0.7859375
vt 0 0.8046875
vt 0.028125000000000067 0.8046875
vt 0.028125000000000067 0.7859375
vt 0 0.7859375
vt 0.190625 1
vt 0.21875 1
vt 0.21875 0.9718749999999999
vt 0.190625 0.9718749999999999
vt 0.190625 0.803125
vt 0.21875 0.803125
vt 0.21875 0.7749999999999999
vt 0.190625 0.7749999999999999
vn 0 0 -1
vn 1 0 0
vn 0 0 1
vn -1 0 0
vn 0 1 0
vn 0 -1 0
usemtl none
f 1008/3588/951 1011/3587/951 1009/3586/951 1006/3585/951
f 1007/3592/952 1008/3591/952 1006/3590/952 1005/3589/952
f 1012/3596/953 1007/3595/953 1005/3594/953 1010/3593/953
f 1011/3600/954 1012/3599/954 1010/3598/954 1009/3597/954
f 1010/3604/955 1005/3603/955 1006/3602/955 1009/3601/955
f 1011/3608/956 1008/3607/956 1007/3606/956 1012/3605/956
o cube
v -0.2749999999999998 0.07499999999999998 -1.6125000000000056
v -0.2749999999999998 0.07499999999999998 -1.7250000000000059
v -0.2749999999999998 0 -1.6125000000000056
v -0.2749999999999998 0 -1.7250000000000059
v -0.38749999999999984 0.07499999999999998 -1.7250000000000059
v -0.38749999999999984 0.07499999999999998 -1.6125000000000056
v -0.38749999999999984 0 -1.7250000000000059
v -0.38749999999999984 0 -1.6125000000000056
vt 0.00625 0.8046875
vt 0.03437500000000001 0.8046875
vt 0.03437500000000001 0.7859375
vt 0.00625 0.7859375
vt 0.196875 0.8046875
vt 0.22500000000000006 0.8046875
vt 0.22500000000000006 0.7859375
vt 0.196875 0.7859375
vt 0.190625 0.8046875
vt 0.21875 0.8046875
vt 0.21875 0.7859375
vt 0.190625 0.7859375
vt 0 0.8046875
vt 0.028125000000000067 0.8046875
vt 0.028125000000000067 0.7859375
vt 0 0.7859375
vt 0.190625 1
vt 0.21875 1
vt 0.21875 0.9718749999999999
vt 0.190625 0.9718749999999999
vt 0.190625 0.803125
vt 0.21875 0.803125
vt 0.21875 0.7749999999999999
vt 0.190625 0.7749999999999999
vn 0 0 -1
vn 1 0 0
vn 0 0 1
vn -1 0 0
vn 0 1 0
vn 0 -1 0
usemtl none
f 1016/3612/957 1019/3611/957 1017/3610/957 1014/3609/957
f 1015/3616/958 1016/3615/958 1014/3614/958 1013/3613/958
f 1020/3620/959 1015/3619/959 1013/3618/959 1018/3617/959
f 1019/3624/960 1020/3623/960 1018/3622/960 1017/3621/960
f 1018/3628/961 1013/3627/961 1014/3626/961 1017/3625/961
f 1019/3632/962 1016/3631/962 1015/3630/962 1020/3629/962
o cube
v -0.2749999999999998 0.07499999999999998 -1.2312500000000024
v -0.2749999999999998 0.07499999999999998 -1.3437500000000027
v -0.2749999999999998 0 -1.2312500000000024
v -0.2749999999999998 0 -1.3437500000000027
v -0.38749999999999984 0.07499999999999998 -1.3437500000000027
v -0.38749999999999984 0.07499999999999998 -1.2312500000000024
v -0.38749999999999984 0 -1.3437500000000027
v -0.38749999999999984 0 -1.2312500000000024
vt 0.00625 0.8046875
vt 0.03437500000000001 0.8046875
vt 0.03437500000000001 0.7859375
vt 0.00625 0.7859375
vt 0.196875 0.8046875
vt 0.22500000000000006 0.8046875
vt 0.22500000000000006 0.7859375
vt 0.196875 0.7859375
vt 0.190625 0.8046875
vt 0.21875 0.8046875
vt 0.21875 0.7859375
vt 0.190625 0.7859375
vt 0 0.8046875
vt 0.028125000000000067 0.8046875
vt 0.028125000000000067 0.7859375
vt 0 0.7859375
vt 0.190625 1
vt 0.21875 1
vt 0.21875 0.9718749999999999
vt 0.190625 0.9718749999999999
vt 0.190625 0.803125
vt 0.21875 0.803125
vt 0.21875 0.7749999999999999
vt 0.190625 0.7749999999999999
vn 0 0 -1
vn 1 0 0
vn 0 0 1
vn -1 0 0
vn 0 1 0
vn 0 -1 0
usemtl none
f 1024/3636/963 1027/3635/963 1025/3634/963 1022/3633/963
f 1023/3640/964 1024/3639/964 1022/3638/964 1021/3637/964
f 1028/3644/965 1023/3643/965 1021/3642/965 1026/3641/965
f 1027/3648/966 1028/3647/966 1026/3646/966 1025/3645/966
f 1026/3652/967 1021/3651/967 1022/3650/967 1025/3649/967
f 1027/3656/968 1024/3655/968 1023/3654/968 1028/3653/968
o cube
v -0.10000000000000003 0.11874999999999991 -1.756250000000001
v -0.10000000000000003 0.11874999999999991 -2.7187500000000004
v -0.10000000000000003 0.0749999999999999 -1.756250000000001
v -0.10000000000000003 0.0749999999999999 -2.7187500000000004
v -1.4250000000000003 0.11874999999999991 -2.7187500000000004
v -1.4250000000000003 0.11874999999999991 -1.756250000000001
v -1.4250000000000003 0.0749999999999999 -2.7187500000000004
v -1.4250000000000003 0.0749999999999999 -1.756250000000001
vt 0 0.753125
vt 0.33125000000000004 0.753125
vt 0.33125000000000004 0.7421875
vt 0 0.7421875
vt 0 0.753125
vt 0.24062499999999987 0.753125
vt 0.24062499999999987 0.7421875
vt 0 0.7421875
vt 0 0.753125
vt 0.33125000000000004 0.753125
vt 0.33125000000000004 0.7421875
vt 0 0.7421875
vt 0.006249999999999978 0.753125
vt 0.24687499999999984 0.753125
vt 0.24687499999999984 0.7421875
vt 0.006249999999999978 0.7421875
vt 0 0.99375
vt 0.33125000000000004 0.99375
vt 0.33125000000000004 0.7531250000000002
vt 0 0.7531250000000002
vt 0 1
vt 0.33125000000000004 1
vt 0.33125000000000004 0.7593750000000001
vt 0 0.7593750000000001
vn 0 0 -1
vn 1 0 0
vn 0 0 1
vn -1 0 0
vn 0 1 0
vn 0 -1 0
usemtl none
f 1032/3660/969 1035/3659/969 1033/3658/969 1030/3657/969
f 1031/3664/970 1032/3663/970 1030/3662/970 1029/3661/970
f 1036/3668/971 1031/3667/971 1029/3666/971 1034/3665/971
f 1035/3672/972 1036/3671/972 1034/3670/972 1033/3669/972
f 1034/3676/973 1029/3675/973 1030/3674/973 1033/3673/973
f 1035/3680/974 1032/3679/974 1031/3678/974 1036/3677/974
o cube
v -1.312500000000003 0.6437499999999999 -1.7562500000000072
v -1.312500000000003 0.6437499999999999 -1.8687500000000075
v -1.312500000000003 0 -1.7562500000000072
v -1.312500000000003 0 -1.8687500000000075
v -1.425000000000003 0.6437499999999999 -1.8687500000000075
v -1.425000000000003 0.6437499999999999 -1.7562500000000072
v -1.425000000000003 0 -1.8687500000000075
v -1.425000000000003 0 -1.7562500000000072
vt 0.00625 0.946875
vt 0.03437500000000001 0.946875
vt 0.03437500000000001 0.7859375
vt 0.00625 0.7859375
vt 0.196875 0.946875
vt 0.22500000000000006 0.946875
vt 0.22500000000000006 0.7859375
vt 0.196875 0.7859375
vt 0.190625 0.946875
vt 0.21875 0.946875
vt 0.21875 0.7859375
vt 0.190625 0.7859375
vt 0 0.946875
vt 0.028125000000000067 0.946875
vt 0.028125000000000067 0.7859375
vt 0 0.7859375
vt 0.190625 1
vt 0.21875 1
vt 0.21875 0.9718749999999999
vt 0.190625 0.9718749999999999
vt 0.190625 0.803125
vt 0.21875 0.803125
vt 0.21875 0.7749999999999999
vt 0.190625 0.7749999999999999
vn 0 0 -1
vn 1 0 0
vn 0 0 1
vn -1 0 0
vn 0 1 0
vn 0 -1 0
usemtl none
f 1040/3684/975 1043/3683/975 1041/3682/975 1038/3681/975
f 1039/3688/976 1040/3687/976 1038/3686/976 1037/3685/976
f 1044/3692/977 1039/3691/977 1037/3690/977 1042/3689/977
f 1043/3696/978 1044/3695/978 1042/3694/978 1041/3693/978
f 1042/3700/979 1037/3699/979 1038/3698/979 1041/3697/979
f 1043/3704/980 1040/3703/980 1039/3702/980 1044/3701/980
o cube
v -1.312500000000003 0.6437499999999999 -2.606250000000014
v -1.312500000000003 0.6437499999999999 -2.7187500000000147
v -1.312500000000003 0 -2.606250000000014
v -1.312500000000003 0 -2.7187500000000147
v -1.425000000000003 0.6437499999999999 -2.7187500000000147
v -1.425000000000003 0.6437499999999999 -2.606250000000014
v -1.425000000000003 0 -2.7187500000000147
v -1.425000000000003 0 -2.606250000000014
vt 0.00625 0.946875
vt 0.03437500000000001 0.946875
vt 0.03437500000000001 0.7859375
vt 0.00625 0.7859375
vt 0.196875 0.946875
vt 0.22500000000000017 0.946875
vt 0.22500000000000017 0.7859375
vt 0.196875 0.7859375
vt 0.190625 0.946875
vt 0.21875 0.946875
vt 0.21875 0.7859375
vt 0.190625 0.7859375
vt 0 0.946875
vt 0.028125000000000178 0.946875
vt 0.028125000000000178 0.7859375
vt 0 0.7859375
vt 0.190625 1
vt 0.21875 1
vt 0.21875 0.9718749999999998
vt 0.190625 0.9718749999999998
vt 0.190625 0.803125
vt 0.21875 0.803125
vt 0.21875 0.7749999999999998
vt 0.190625 0.7749999999999998
vn 0 0 -1
vn 1 0 0
vn 0 0 1
vn -1 0 0
vn 0 1 0
vn 0 -1 0
usemtl none
f 1048/3708/981 1051/3707/981 1049/3706/981 1046/3705/981
f 1047/3712/982 1048/3711/982 1046/3710/982 1045/3709/982
f 1052/3716/983 1047/3715/983 1045/3714/983 1050/3713/983
f 1051/3720/984 1052/3719/984 1050/3718/984 1049/3717/984
f 1050/3724/985 1045/3723/985 1046/3722/985 1049/3721/985
f 1051/3728/986 1048/3727/986 1047/3726/986 1052/3725/986
o cube
v -0.10000000000000031 0.6437499999999999 -1.7562500000000072
v -0.10000000000000031 0.6437499999999999 -1.8687500000000075
v -0.10000000000000031 0 -1.7562500000000072
v -0.10000000000000031 0 -1.8687500000000075
v -0.21250000000000036 0.6437499999999999 -1.8687500000000075
v -0.21250000000000036 0.6437499999999999 -1.7562500000000072
v -0.21250000000000036 0 -1.8687500000000075
v -0.21250000000000036 0 -1.7562500000000072
vt 0.00625 0.946875
vt 0.03437500000000001 0.946875
vt 0.03437500000000001 0.7859375
vt 0.00625 0.7859375
vt 0.196875 0.946875
vt 0.22500000000000006 0.946875
vt 0.22500000000000006 0.7859375
vt 0.196875 0.7859375
vt 0.190625 0.946875
vt 0.21875 0.946875
vt 0.21875 0.7859375
vt 0.190625 0.7859375
vt 0 0.946875
vt 0.028125000000000067 0.946875
vt 0.028125000000000067 0.7859375
vt 0 0.7859375
vt 0.190625 1
vt 0.21875 1
vt 0.21875 0.9718749999999999
vt 0.190625 0.9718749999999999
vt 0.190625 0.803125
vt 0.21875 0.803125
vt 0.21875 0.7749999999999999
vt 0.190625 0.7749999999999999
vn 0 0 -1
vn 1 0 0
vn 0 0 1
vn -1 0 0
vn 0 1 0
vn 0 -1 0
usemtl none
f 1056/3732/987 1059/3731/987 1057/3730/987 1054/3729/987
f 1055/3736/988 1056/3735/988 1054/3734/988 1053/3733/988
f 1060/3740/989 1055/3739/989 1053/3738/989 1058/3737/989
f 1059/3744/990 1060/3743/990 1058/3742/990 1057/3741/990
f 1058/3748/991 1053/3747/991 1054/3746/991 1057/3745/991
f 1059/3752/992 1056/3751/992 1055/3750/992 1060/3749/992
o cube
v -0.10000000000000031 0.6437499999999999 -2.606250000000014
v -0.10000000000000031 0.6437499999999999 -2.7187500000000147
v -0.10000000000000031 0 -2.606250000000014
v -0.10000000000000031 0 -2.7187500000000147
v -0.21250000000000036 0.6437499999999999 -2.7187500000000147
v -0.21250000000000036 0.6437499999999999 -2.606250000000014
v -0.21250000000000036 0 -2.7187500000000147
v -0.21250000000000036 0 -2.606250000000014
vt 0.00625 0.946875
vt 0.03437500000000001 0.946875
vt 0.03437500000000001 0.7859375
vt 0.00625 0.7859375
vt 0.196875 0.946875
vt 0.22500000000000017 0.946875
vt 0.22500000000000017 0.7859375
vt 0.196875 0.7859375
vt 0.190625 0.946875
vt 0.21875 0.946875
vt 0.21875 0.7859375
vt 0.190625 0.7859375
vt 0 0.946875
vt 0.028125000000000178 0.946875
vt 0.028125000000000178 0.7859375
vt 0 0.7859375
vt 0.190625 1
vt 0.21875 1
vt 0.21875 0.9718749999999998
vt 0.190625 0.9718749999999998
vt 0.190625 0.803125
vt 0.21875 0.803125
vt 0.21875 0.7749999999999998
vt 0.190625 0.7749999999999998
vn 0 0 -1
vn 1 0 0
vn 0 0 1
vn -1 0 0
vn 0 1 0
vn 0 -1 0
usemtl none
f 1064/3756/993 1067/3755/993 1065/3754/993 1062/3753/993
f 1063/3760/994 1064/3759/994 1062/3758/994 1061/3757/994
f 1068/3764/995 1063/3763/995 1061/3762/995 1066/3761/995
f 1067/3768/996 1068/3767/996 1066/3766/996 1065/3765/996
f 1066/3772/997 1061/3771/997 1062/3770/997 1065/3769/997
f 1067/3776/998 1064/3775/998 1063/3774/998 1068/3773/998
o cube
v -0.11249999999999999 1.43125 -1.7687500000000012
v -0.11249999999999999 1.43125 -2.7062500000000003
v -0.11249999999999999 0.11874999999999991 -1.7687500000000012
v -0.11249999999999999 0.11874999999999991 -2.7062500000000003
v -1.4125000000000003 1.43125 -2.7062500000000003
v -1.4125000000000003 1.43125 -1.7687500000000012
v -1.4125000000000003 0.11874999999999991 -2.7062500000000003
v -1.4125000000000003 0.11874999999999991 -1.7687500000000012
vt 0.003124999999999989 1
vt 0.32812500000000006 1
vt 0.32812500000000006 0.671875
vt 0.003124999999999989 0.671875
vt 0.003124999999999989 1
vt 0.23749999999999982 1
vt 0.23749999999999982 0.671875
vt 0.003124999999999989 0.671875
vt 0.009375000000000022 1
vt 0.3343750000000001 1
vt 0.3343750000000001 0.671875
vt 0.009375000000000022 0.671875
vt 0.006249999999999978 1
vt 0.2406249999999998 1
vt 0.2406249999999998 0.671875
vt 0.006249999999999978 0.671875
vt 0.009375000000000022 0.99375
vt 0.3343750000000001 0.99375
vt 0.3343750000000001 0.7593750000000001
vt 0.009375000000000022 0.7593750000000001
vt 0.009375000000000022 0.996875
vt 0.3343750000000001 0.996875
vt 0.3343750000000001 0.7625000000000002
vt 0.009375000000000022 0.7625000000000002
vn 0 0 -1
vn 1 0 0
vn 0 0 1
vn -1 0 0
vn 0 1 0
vn 0 -1 0
usemtl none
f 1072/3780/999 1075/3779/999 1073/3778/999 1070/3777/999
f 1071/3784/1000 1072/3783/1000 1070/3782/1000 1069/3781/1000
f 1076/3788/1001 1071/3787/1001 1069/3786/1001 1074/3785/1001
f 1075/3792/1002 1076/3791/1002 1074/3790/1002 1073/3789/1002
f 1074/3796/1003 1069/3795/1003 1070/3794/1003 1073/3793/1003
f 1075/3800/1004 1072/3799/1004 1071/3798/1004 1076/3797/1004
o cube
v -0.09999999999999998 1.3499999999999999 -1.8687500000000008
v -0.09999999999999998 1.3499999999999999 -2.6062500000000006
v -0.09999999999999998 0.6937499999999999 -1.8687500000000008
v -0.09999999999999998 0.6937499999999999 -2.6062500000000006
v -0.11249999999999999 1.3499999999999999 -2.6062500000000006
v -0.11249999999999999 1.3499999999999999 -1.8687500000000008
v -0.11249999999999999 0.6937499999999999 -2.6062500000000006
v -0.11249999999999999 0.6937499999999999 -1.8687500000000008
vt 0 0.9796875
vt 0.0031249999999999993 0.9796875
vt 0.0031249999999999993 0.815625
vt 0 0.815625
vt 0.028124999999999956 0.9796875
vt 0.2124999999999999 0.9796875
vt 0.2124999999999999 0.815625
vt 0.028124999999999956 0.815625
vt 0.275 0.9796875
vt 0.278125 0.9796875
vt 0.278125 0.815625
vt 0.275 0.815625
vt 0.03124999999999989 0.9796875
vt 0.21562499999999984 0.9796875
vt 0.21562499999999984 0.815625
vt 0.03124999999999989 0.815625
vt 0.275 0.9687500000000001
vt 0.278125 0.9687500000000001
vt 0.278125 0.7843750000000002
vt 0.275 0.7843750000000002
vt 0.275 0.971875
vt 0.278125 0.971875
vt 0.278125 0.7875000000000001
vt 0.275 0.7875000000000001
vn 0 0 -1
vn 1 0 0
vn 0 0 1
vn -1 0 0
vn 0 1 0
vn 0 -1 0
usemtl none
f 1080/3804/1005 1083/3803/1005 1081/3802/1005 1078/3801/1005
f 1079/3808/1006 1080/3807/1006 1078/3806/1006 1077/3805/1006
f 1084/3812/1007 1079/3811/1007 1077/3810/1007 1082/3809/1007
f 1083/3816/1008 1084/3815/1008 1082/3814/1008 1081/3813/1008
f 1082/3820/1009 1077/3819/1009 1078/3818/1009 1081/3817/1009
f 1083/3824/1010 1080/3823/1010 1079/3822/1010 1084/3821/1010
o cube
v -0.09375 1.2999999999999998 -1.918750000000001
v -0.09375 1.2999999999999998 -1.9562500000000007
v -0.09375 1.2625000000000002 -1.918750000000001
v -0.09375 1.2625000000000002 -1.9562500000000007
v -0.09999999999999998 1.2999999999999998 -1.9562500000000007
v -0.09999999999999998 1.2999999999999998 -1.918750000000001
v -0.09999999999999998 1.2625000000000002 -1.9562500000000007
v -0.09999999999999998 1.2625000000000002 -1.918750000000001
vt 0.001562499999999998 0.9671875
vt 0.0031249999999999993 0.9671875
vt 0.0031249999999999993 0.9578125000000001
vt 0.001562499999999998 0.9578125000000001
vt 0.04062499999999997 0.9671875
vt 0.04999999999999993 0.9671875
vt 0.04999999999999993 0.9578125000000001
vt 0.04062499999999997 0.9578125000000001
vt 0.278125 0.9671875
vt 0.27968750000000003 0.9671875
vt 0.27968750000000003 0.9578125000000001
vt 0.278125 0.9578125000000001
vt 0.19374999999999987 0.9671875
vt 0.20312499999999983 0.9671875
vt 0.20312499999999983 0.9578125000000001
vt 0.19374999999999987 0.9578125000000001
vt 0.278125 0.8062500000000001
vt 0.27968750000000003 0.8062500000000001
vt 0.27968750000000003 0.7968750000000002
vt 0.278125 0.7968750000000002
vt 0.278125 0.9593750000000001
vt 0.27968750000000003 0.9593750000000001
vt 0.27968750000000003 0.9500000000000001
vt 0.278125 0.9500000000000001
vn 0 0 -1
vn 1 0 0
vn 0 0 1
vn -1 0 0
vn 0 1 0
vn 0 -1 0
usemtl none
f 1088/3828/1011 1091/3827/1011 1089/3826/1011 1086/3825/1011
f 1087/3832/1012 1088/3831/1012 1086/3830/1012 1085/3829/1012
f 1092/3836/1013 1087/3835/1013 1085/3834/1013 1090/3833/1013
f 1091/3840/1014 1092/3839/1014 1090/3838/1014 1089/3837/1014
f 1090/3844/1015 1085/3843/1015 1086/3842/1015 1089/3841/1015
f 1091/3848/1016 1088/3847/1016 1087/3846/1016 1092/3845/1016
o cube
v -0.09375 1.2999999999999998 -2.5187500000000034
v -0.09375 1.2999999999999998 -2.556250000000003
v -0.09375 1.2625000000000002 -2.5187500000000034
v -0.09375 1.2625000000000002 -2.556250000000003
v -0.09999999999999998 1.2999999999999998 -2.556250000000003
v -0.09999999999999998 1.2999999999999998 -2.5187500000000034
v -0.09999999999999998 1.2625000000000002 -2.556250000000003
v -0.09999999999999998 1.2625000000000002 -2.5187500000000034
vt 0.001562499999999998 0.9671875
vt 0.0031249999999999993 0.9671875
vt 0.0031249999999999993 0.9578125000000001
vt 0.001562499999999998 0.9578125000000001
vt 0.04062499999999997 0.9671875
vt 0.04999999999999993 0.9671875
vt 0.04999999999999993 0.9578125000000001
vt 0.04062499999999997 0.9578125000000001
vt 0.278125 0.9671875
vt 0.27968750000000003 0.9671875
vt 0.27968750000000003 0.9578125000000001
vt 0.278125 0.9578125000000001
vt 0.19374999999999987 0.9671875
vt 0.20312499999999983 0.9671875
vt 0.20312499999999983 0.9578125000000001
vt 0.19374999999999987 0.9578125000000001
vt 0.278125 0.8062500000000001
vt 0.27968750000000003 0.8062500000000001
vt 0.27968750000000003 0.7968750000000002
vt 0.278125 0.7968750000000002
vt 0.278125 0.9593750000000001
vt 0.27968750000000003 0.9593750000000001
vt 0.27968750000000003 0.9500000000000001
vt 0.278125 0.9500000000000001
vn 0 0 -1
vn 1 0 0
vn 0 0 1
vn -1 0 0
vn 0 1 0
vn 0 -1 0
usemtl none
f 1096/3852/1017 1099/3851/1017 1097/3850/1017 1094/3849/1017
f 1095/3856/1018 1096/3855/1018 1094/3854/1018 1093/3853/1018
f 1100/3860/1019 1095/3859/1019 1093/3858/1019 1098/3857/1019
f 1099/3864/1020 1100/3863/1020 1098/3862/1020 1097/3861/1020
f 1098/3868/1021 1093/3867/1021 1094/3866/1021 1097/3865/1021
f 1099/3872/1022 1096/3871/1022 1095/3870/1022 1100/3869/1022
o cube
v -0.09375 0.7812499999999992 -2.5187500000000034
v -0.09375 0.7812499999999992 -2.556250000000003
v -0.09375 0.7437499999999997 -2.5187500000000034
v -0.09375 0.7437499999999997 -2.556250000000003
v -0.09999999999999998 0.7812499999999992 -2.556250000000003
v -0.09999999999999998 0.7812499999999992 -2.5187500000000034
v -0.09999999999999998 0.7437499999999997 -2.556250000000003
v -0.09999999999999998 0.7437499999999997 -2.5187500000000034
vt 0.001562499999999998 0.9671875
vt 0.0031249999999999993 0.9671875
vt 0.0031249999999999993 0.9578125000000001
vt 0.001562499999999998 0.9578125000000001
vt 0.04062499999999997 0.9671875
vt 0.04999999999999993 0.9671875
vt 0.04999999999999993 0.9578125000000001
vt 0.04062499999999997 0.9578125000000001
vt 0.278125 0.9671875
vt 0.27968750000000003 0.9671875
vt 0.27968750000000003 0.9578125000000001
vt 0.278125 0.9578125000000001
vt 0.19374999999999987 0.9671875
vt 0.20312499999999983 0.9671875
vt 0.20312499999999983 0.9578125000000001
vt 0.19374999999999987 0.9578125000000001
vt 0.278125 0.8062500000000001
vt 0.27968750000000003 0.8062500000000001
vt 0.27968750000000003 0.7968750000000002
vt 0.278125 0.7968750000000002
vt 0.278125 0.9593750000000001
vt 0.27968750000000003 0.9593750000000001
vt 0.27968750000000003 0.9500000000000001
vt 0.278125 0.9500000000000001
vn 0 0 -1
vn 1 0 0
vn 0 0 1
vn -1 0 0
vn 0 1 0
vn 0 -1 0
usemtl none
f 1104/3876/1023 1107/3875/1023 1105/3874/1023 1102/3873/1023
f 1103/3880/1024 1104/3879/1024 1102/3878/1024 1101/3877/1024
f 1108/3884/1025 1103/3883/1025 1101/3882/1025 1106/3881/1025
f 1107/3888/1026 1108/3887/1026 1106/3886/1026 1105/3885/1026
f 1106/3892/1027 1101/3891/1027 1102/3890/1027 1105/3889/1027
f 1107/3896/1028 1104/3895/1028 1103/3894/1028 1108/3893/1028
o cube
v -0.09375 0.7812499999999992 -1.918750000000001
v -0.09375 0.7812499999999992 -1.9562500000000007
v -0.09375 0.7437499999999997 -1.918750000000001
v -0.09375 0.7437499999999997 -1.9562500000000007
v -0.09999999999999998 0.7812499999999992 -1.9562500000000007
v -0.09999999999999998 0.7812499999999992 -1.918750000000001
v -0.09999999999999998 0.7437499999999997 -1.9562500000000007
v -0.09999999999999998 0.7437499999999997 -1.918750000000001
vt 0.001562499999999998 0.9671875
vt 0.0031249999999999993 0.9671875
vt 0.0031249999999999993 0.9578125000000001
vt 0.001562499999999998 0.9578125000000001
vt 0.04062499999999997 0.9671875
vt 0.04999999999999993 0.9671875
vt 0.04999999999999993 0.9578125000000001
vt 0.04062499999999997 0.9578125000000001
vt 0.278125 0.9671875
vt 0.27968750000000003 0.9671875
vt 0.27968750000000003 0.9578125000000001
vt 0.278125 0.9578125000000001
vt 0.19374999999999987 0.9671875
vt 0.20312499999999983 0.9671875
vt 0.20312499999999983 0.9578125000000001
vt 0.19374999999999987 0.9578125000000001
vt 0.278125 0.8062500000000001
vt 0.27968750000000003 0.8062500000000001
vt 0.27968750000000003 0.7968750000000002
vt 0.278125 0.7968750000000002
vt 0.278125 0.9593750000000001
vt 0.27968750000000003 0.9593750000000001
vt 0.27968750000000003 0.9500000000000001
vt 0.278125 0.9500000000000001
vn 0 0 -1
vn 1 0 0
vn 0 0 1
vn -1 0 0
vn 0 1 0
vn 0 -1 0
usemtl none
f 1112/3900/1029 1115/3899/1029 1113/3898/1029 1110/3897/1029
f 1111/3904/1030 1112/3903/1030 1110/3902/1030 1109/3901/1030
f 1116/3908/1031 1111/3907/1031 1109/3906/1031 1114/3905/1031
f 1115/3912/1032 1116/3911/1032 1114/3910/1032 1113/3909/1032
f 1114/3916/1033 1109/3915/1033 1110/3914/1033 1113/3913/1033
f 1115/3920/1034 1112/3919/1034 1111/3918/1034 1116/3917/1034
o cube
v -0.08750000000000002 1.2562499999999996 -1.9687500000000009
v -0.08750000000000002 1.2562499999999996 -2.500000000000001
v -0.08750000000000002 0.9249999999999998 -1.9687500000000009
v -0.08750000000000002 0.9249999999999998 -2.500000000000001
v -0.09999999999999998 1.2562499999999996 -2.500000000000001
v -0.09999999999999998 1.2562499999999996 -1.9687500000000009
v -0.09999999999999998 0.9249999999999998 -2.500000000000001
v -0.09999999999999998 0.9249999999999998 -1.9687500000000009
vt 0 0.9562499999999999
vt 0.0031249999999999993 0.9562499999999999
vt 0.0031249999999999993 0.8734375000000001
vt 0 0.8734375000000001
vt 0.05312499999999998 0.9562499999999999
vt 0.18593749999999998 0.9562499999999999
vt 0.18593749999999998 0.8734375000000001
vt 0.05312499999999998 0.8734375000000001
vt 0.278125 0.9562499999999999
vt 0.28125 0.9562499999999999
vt 0.28125 0.8734375000000001
vt 0.278125 0.8734375000000001
vt 0.05781249999999982 0.9562499999999999
vt 0.19062499999999982 0.9562499999999999
vt 0.19062499999999982 0.8734375000000001
vt 0.05781249999999982 0.8734375000000001
vt 0.278125 0.9421875000000002
vt 0.28125 0.9421875000000002
vt 0.28125 0.8093750000000002
vt 0.278125 0.8093750000000002
vt 0.278125 0.946875
vt 0.28125 0.946875
vt 0.28125 0.8140625
vt 0.278125 0.8140625
vn 0 0 -1
vn 1 0 0
vn 0 0 1
vn -1 0 0
vn 0 1 0
vn 0 -1 0
usemtl none
f 1120/3924/1035 1123/3923/1035 1121/3922/1035 1118/3921/1035
f 1119/3928/1036 1120/3927/1036 1118/3926/1036 1117/3925/1036
f 1124/3932/1037 1119/3931/1037 1117/3930/1037 1122/3929/1037
f 1123/3936/1038 1124/3935/1038 1122/3934/1038 1121/3933/1038
f 1122/3940/1039 1117/3939/1039 1118/3938/1039 1121/3937/1039
f 1123/3944/1040 1120/3943/1040 1119/3942/1040 1124/3941/1040
o cube
v -0.08750000000000002 0.90625 -1.9687500000000007
v -0.08750000000000002 0.90625 -2.0375000000000005
v -0.08750000000000002 0.8062499999999999 -1.9687500000000007
v -0.08750000000000002 0.8062499999999999 -2.0375000000000005
v -0.09999999999999998 0.90625 -2.0375000000000005
v -0.09999999999999998 0.90625 -1.9687500000000007
v -0.09999999999999998 0.8062499999999999 -2.0375000000000005
v -0.09999999999999998 0.8062499999999999 -1.9687500000000007
vt 0 0.86875
vt 0.0031249999999999993 0.86875
vt 0.0031249999999999993 0.84375
vt 0 0.84375
vt 0.05312499999999998 0.86875
vt 0.0703125 0.86875
vt 0.0703125 0.84375
vt 0.05312499999999998 0.84375
vt 0.278125 0.86875
vt 0.28125 0.86875
vt 0.28125 0.84375
vt 0.278125 0.84375
vt 0.1734374999999998 0.86875
vt 0.19062499999999982 0.86875
vt 0.19062499999999982 0.84375
vt 0.1734374999999998 0.84375
vt 0.278125 0.8265625000000002
vt 0.28125 0.8265625000000002
vt 0.28125 0.8093750000000002
vt 0.278125 0.8093750000000002
vt 0.278125 0.946875
vt 0.28125 0.946875
vt 0.28125 0.9296875
vt 0.278125 0.9296875
vn 0 0 -1
vn 1 0 0
vn 0 0 1
vn -1 0 0
vn 0 1 0
vn 0 -1 0
usemtl none
f 1128/3948/1041 1131/3947/1041 1129/3946/1041 1126/3945/1041
f 1127/3952/1042 1128/3951/1042 1126/3950/1042 1125/3949/1042
f 1132/3956/1043 1127/3955/1043 1125/3954/1043 1130/3953/1043
f 1131/3960/1044 1132/3959/1044 1130/3958/1044 1129/3957/1044
f 1130/3964/1045 1125/3963/1045 1126/3962/1045 1129/3961/1045
f 1131/3968/1046 1128/3967/1046 1127/3966/1046 1132/3965/1046
o cube
v -0.08750000000000002 0.90625 -2.0625000000000027
v -0.08750000000000002 0.90625 -2.1312500000000023
v -0.08750000000000002 0.8062499999999999 -2.0625000000000027
v -0.08750000000000002 0.8062499999999999 -2.1312500000000023
v -0.09999999999999998 0.90625 -2.1312500000000023
v -0.09999999999999998 0.90625 -2.0625000000000027
v -0.09999999999999998 0.8062499999999999 -2.1312500000000023
v -0.09999999999999998 0.8062499999999999 -2.0625000000000027
vt 0 0.86875
vt 0.0031249999999999993 0.86875
vt 0.0031249999999999993 0.84375
vt 0 0.84375
vt 0.05312499999999998 0.86875
vt 0.0703125 0.86875
vt 0.0703125 0.84375
vt 0.05312499999999998 0.84375
vt 0.278125 0.86875
vt 0.28125 0.86875
vt 0.28125 0.84375
vt 0.278125 0.84375
vt 0.1734374999999998 0.86875
vt 0.19062499999999982 0.86875
vt 0.19062499999999982 0.84375
vt 0.1734374999999998 0.84375
vt 0.278125 0.8265625000000002
vt 0.28125 0.8265625000000002
vt 0.28125 0.8093750000000002
vt 0.278125 0.8093750000000002
vt 0.278125 0.946875
vt 0.28125 0.946875
vt 0.28125 0.9296875
vt 0.278125 0.9296875
vn 0 0 -1
vn 1 0 0
vn 0 0 1
vn -1 0 0
vn 0 1 0
vn 0 -1 0
usemtl none
f 1136/3972/1047 1139/3971/1047 1137/3970/1047 1134/3969/1047
f 1135/3976/1048 1136/3975/1048 1134/3974/1048 1133/3973/1048
f 1140/3980/1049 1135/3979/1049 1133/3978/1049 1138/3977/1049
f 1139/3984/1050 1140/3983/1050 1138/3982/1050 1137/3981/1050
f 1138/3988/1051 1133/3987/1051 1134/3986/1051 1137/3985/1051
f 1139/3992/1052 1136/3991/1052 1135/3990/1052 1140/3989/1052
o cube
v -0.08750000000000002 0.90625 -2.1562500000000027
v -0.08750000000000002 0.90625 -2.2250000000000023
v -0.08750000000000002 0.8062499999999999 -2.1562500000000027
v -0.08750000000000002 0.8062499999999999 -2.2250000000000023
v -0.09999999999999998 0.90625 -2.2250000000000023
v -0.09999999999999998 0.90625 -2.1562500000000027
v -0.09999999999999998 0.8062499999999999 -2.2250000000000023
v -0.09999999999999998 0.8062499999999999 -2.1562500000000027
vt 0 0.86875
vt 0.0031249999999999993 0.86875
vt 0.0031249999999999993 0.84375
vt 0 0.84375
vt 0.05312499999999998 0.86875
vt 0.0703125 0.86875
vt 0.0703125 0.84375
vt 0.05312499999999998 0.84375
vt 0.278125 0.86875
vt 0.28125 0.86875
vt 0.28125 0.84375
vt 0.278125 0.84375
vt 0.1734374999999998 0.86875
vt 0.19062499999999982 0.86875
vt 0.19062499999999982 0.84375
vt 0.1734374999999998 0.84375
vt 0.278125 0.8265625000000002
vt 0.28125 0.8265625000000002
vt 0.28125 0.8093750000000002
vt 0.278125 0.8093750000000002
vt 0.278125 0.946875
vt 0.28125 0.946875
vt 0.28125 0.9296875
vt 0.278125 0.9296875
vn 0 0 -1
vn 1 0 0
vn 0 0 1
vn -1 0 0
vn 0 1 0
vn 0 -1 0
usemtl none
f 1144/3996/1053 1147/3995/1053 1145/3994/1053 1142/3993/1053
f 1143/4000/1054 1144/3999/1054 1142/3998/1054 1141/3997/1054
f 1148/4004/1055 1143/4003/1055 1141/4002/1055 1146/4001/1055
f 1147/4008/1056 1148/4007/1056 1146/4006/1056 1145/4005/1056
f 1146/4012/1057 1141/4011/1057 1142/4010/1057 1145/4009/1057
f 1147/4016/1058 1144/4015/1058 1143/4014/1058 1148/4013/1058
o cube
v -0.08750000000000002 0.8500000000000001 -2.431250000000003
v -0.08750000000000002 0.8500000000000001 -2.5000000000000036
v -0.08750000000000002 0.8062499999999999 -2.431250000000003
v -0.08750000000000002 0.8062499999999999 -2.5000000000000036
v -0.09999999999999998 0.8500000000000001 -2.5000000000000036
v -0.09999999999999998 0.8500000000000001 -2.431250000000003
v -0.09999999999999998 0.8062499999999999 -2.5000000000000036
v -0.09999999999999998 0.8062499999999999 -2.431250000000003
vt 0 0.8546875
vt 0.0031249999999999993 0.8546875
vt 0.0031249999999999993 0.84375
vt 0 0.84375
vt 0.05312499999999998 0.8546875
vt 0.07031250000000011 0.8546875
vt 0.07031250000000011 0.84375
vt 0.05312499999999998 0.84375
vt 0.278125 0.8546875
vt 0.28125 0.8546875
vt 0.28125 0.84375
vt 0.278125 0.84375
vt 0.1734374999999998 0.8546875
vt 0.19062499999999993 0.8546875
vt 0.19062499999999993 0.84375
vt 0.1734374999999998 0.84375
vt 0.278125 0.8265625000000002
vt 0.28125 0.8265625000000002
vt 0.28125 0.8093750000000001
vt 0.278125 0.8093750000000001
vt 0.278125 0.946875
vt 0.28125 0.946875
vt 0.28125 0.9296874999999999
vt 0.278125 0.9296874999999999
vn 0 0 -1
vn 1 0 0
vn 0 0 1
vn -1 0 0
vn 0 1 0
vn 0 -1 0
usemtl none
f 1152/4020/1059 1155/4019/1059 1153/4018/1059 1150/4017/1059
f 1151/4024/1060 1152/4023/1060 1150/4022/1060 1149/4021/1060
f 1156/4028/1061 1151/4027/1061 1149/4026/1061 1154/4025/1061
f 1155/4032/1062 1156/4031/1062 1154/4030/1062 1153/4029/1062
f 1154/4036/1063 1149/4035/1063 1150/4034/1063 1153/4033/1063
f 1155/4040/1064 1152/4039/1064 1151/4038/1064 1156/4037/1064
o cube
v -0.08750000000000002 0.8500000000000001 -2.342187500000001
v -0.08750000000000002 0.8500000000000001 -2.4109375000000015
v -0.08750000000000002 0.8062499999999999 -2.342187500000001
v -0.08750000000000002 0.8062499999999999 -2.4109375000000015
v -0.09999999999999998 0.8500000000000001 -2.4109375000000015
v -0.09999999999999998 0.8500000000000001 -2.342187500000001
v -0.09999999999999998 0.8062499999999999 -2.4109375000000015
v -0.09999999999999998 0.8062499999999999 -2.342187500000001
vt 0 0.8546875
vt 0.0031249999999999993 0.8546875
vt 0.0031249999999999993 0.84375
vt 0 0.84375
vt 0.05312499999999998 0.8546875
vt 0.07031250000000011 0.8546875
vt 0.07031250000000011 0.84375
vt 0.05312499999999998 0.84375
vt 0.278125 0.8546875
vt 0.28125 0.8546875
vt 0.28125 0.84375
vt 0.278125 0.84375
vt 0.1734374999999998 0.8546875
vt 0.19062499999999993 0.8546875
vt 0.19062499999999993 0.84375
vt 0.1734374999999998 0.84375
vt 0.278125 0.8265625000000002
vt 0.28125 0.8265625000000002
vt 0.28125 0.8093750000000001
vt 0.278125 0.8093750000000001
vt 0.278125 0.946875
vt 0.28125 0.946875
vt 0.28125 0.9296874999999999
vt 0.278125 0.9296874999999999
vn 0 0 -1
vn 1 0 0
vn 0 0 1
vn -1 0 0
vn 0 1 0
vn 0 -1 0
usemtl none
f 1160/4044/1065 1163/4043/1065 1161/4042/1065 1158/4041/1065
f 1159/4048/1066 1160/4047/1066 1158/4046/1066 1157/4045/1066
f 1164/4052/1067 1159/4051/1067 1157/4050/1067 1162/4049/1067
f 1163/4056/1068 1164/4055/1068 1162/4054/1068 1161/4053/1068
f 1162/4060/1069 1157/4059/1069 1158/4058/1069 1161/4057/1069
f 1163/4064/1070 1160/4063/1070 1159/4062/1070 1164/4061/1070
o cube
v -0.08750000000000002 0.90625 -2.431250000000003
v -0.08750000000000002 0.90625 -2.5000000000000036
v -0.08750000000000002 0.8624999999999998 -2.431250000000003
v -0.08750000000000002 0.8624999999999998 -2.5000000000000036
v -0.09999999999999998 0.90625 -2.5000000000000036
v -0.09999999999999998 0.90625 -2.431250000000003
v -0.09999999999999998 0.8624999999999998 -2.5000000000000036
v -0.09999999999999998 0.8624999999999998 -2.431250000000003
vt 0 0.8562500000000001
vt 0.0031249999999999993 0.8562500000000001
vt 0.0031249999999999993 0.8453125
vt 0 0.8453125
vt 0.05312499999999998 0.8562500000000001
vt 0.07031250000000011 0.8562500000000001
vt 0.07031250000000011 0.8453125
vt 0.05312499999999998 0.8453125
vt 0.278125 0.8562500000000001
vt 0.28125 0.8562500000000001
vt 0.28125 0.8453125
vt 0.278125 0.8453125
vt 0.1734374999999998 0.8562500000000001
vt 0.19062499999999993 0.8562500000000001
vt 0.19062499999999993 0.8453125
vt 0.1734374999999998 0.8453125
vt 0.278125 0.8265625000000002
vt 0.28125 0.8265625000000002
vt 0.28125 0.8093750000000001
vt 0.278125 0.8093750000000001
vt 0.278125 0.946875
vt 0.28125 0.946875
vt 0.28125 0.9296874999999999
vt 0.278125 0.9296874999999999
vn 0 0 -1
vn 1 0 0
vn 0 0 1
vn -1 0 0
vn 0 1 0
vn 0 -1 0
usemtl none
f 1168/4068/1071 1171/4067/1071 1169/4066/1071 1166/4065/1071
f 1167/4072/1072 1168/4071/1072 1166/4070/1072 1165/4069/1072
f 1172/4076/1073 1167/4075/1073 1165/4074/1073 1170/4073/1073
f 1171/4080/1074 1172/4079/1074 1170/4078/1074 1169/4077/1074
f 1170/4084/1075 1165/4083/1075 1166/4082/1075 1169/4081/1075
f 1171/4088/1076 1168/4087/1076 1167/4086/1076 1172/4085/1076
o cube
v -0.08750000000000002 0.90625 -2.342187500000001
v -0.08750000000000002 0.90625 -2.4109375000000015
v -0.08750000000000002 0.8624999999999998 -2.342187500000001
v -0.08750000000000002 0.8624999999999998 -2.4109375000000015
v -0.09999999999999998 0.90625 -2.4109375000000015
v -0.09999999999999998 0.90625 -2.342187500000001
v -0.09999999999999998 0.8624999999999998 -2.4109375000000015
v -0.09999999999999998 0.8624999999999998 -2.342187500000001
vt 0 0.8546875
vt 0.0031249999999999993 0.8546875
vt 0.0031249999999999993 0.84375
vt 0 0.84375
vt 0.05312499999999998 0.8546875
vt 0.07031250000000011 0.8546875
vt 0.07031250000000011 0.84375
vt 0.05312499999999998 0.84375
vt 0.278125 0.8546875
vt 0.28125 0.8546875
vt 0.28125 0.84375
vt 0.278125 0.84375
vt 0.1734374999999998 0.8546875
vt 0.19062499999999993 0.8546875
vt 0.19062499999999993 0.84375
vt 0.1734374999999998 0.84375
vt 0.278125 0.8265625000000002
vt 0.28125 0.8265625000000002
vt 0.28125 0.8093750000000001
vt 0.278125 0.8093750000000001
vt 0.278125 0.946875
vt 0.28125 0.946875
vt 0.28125 0.9296874999999999
vt 0.278125 0.9296874999999999
vn 0 0 -1
vn 1 0 0
vn 0 0 1
vn -1 0 0
vn 0 1 0
vn 0 -1 0
usemtl none
f 1176/4092/1077 1179/4091/1077 1177/4090/1077 1174/4089/1077
f 1175/4096/1078 1176/4095/1078 1174/4094/1078 1173/4093/1078
f 1180/4100/1079 1175/4099/1079 1173/4098/1079 1178/4097/1079
f 1179/4104/1080 1180/4103/1080 1178/4102/1080 1177/4101/1080
f 1178/4108/1081 1173/4107/1081 1174/4106/1081 1177/4105/1081
f 1179/4112/1082 1176/4111/1082 1175/4110/1082 1180/4109/1082
o cube
v -0.39375 1.2374999999999998 -2.7062500000000003
v -0.39375 1.2374999999999998 -2.7687500000000003
v -0.39375 0.8312499999999998 -2.7062500000000003
v -0.39375 0.8312499999999998 -2.7687500000000003
v -0.47500000000000014 1.2374999999999998 -2.7687500000000003
v -0.47500000000000014 1.2374999999999998 -2.7062500000000003
v -0.47500000000000014 0.8312499999999998 -2.7687500000000003
v -0.47500000000000014 0.8312499999999998 -2.7062500000000003
vt 0.07343749999999999 0.9515625
vt 0.09375000000000003 0.9515625
vt 0.09375000000000003 0.85
vt 0.07343749999999999 0.85
vt 0.23749999999999982 0.9515625
vt 0.2531249999999998 0.9515625
vt 0.2531249999999998 0.85
vt 0.23749999999999982 0.85
vt 0.24375000000000005 0.9515625
vt 0.2640625000000001 0.9515625
vt 0.2640625000000001 0.85
vt 0.24375000000000005 0.85
vt 0.015625 0.9515625
vt 0.03125 0.9515625
vt 0.03125 0.85
vt 0.015625 0.85
vt 0.24375000000000005 0.984375
vt 0.2640625000000001 0.984375
vt 0.2640625000000001 0.96875
vt 0.24375000000000005 0.96875
vt 0.24375000000000005 0.7625000000000002
vt 0.2640625000000001 0.7625000000000002
vt 0.2640625000000001 0.7468750000000002
vt 0.24375000000000005 0.7468750000000002
vn 0 0 -1
vn 1 0 0
vn 0 0 1
vn -1 0 0
vn 0 1 0
vn 0 -1 0
usemtl none
f 1184/4116/1083 1187/4115/1083 1185/4114/1083 1182/4113/1083
f 1183/4120/1084 1184/4119/1084 1182/4118/1084 1181/4117/1084
f 1188/4124/1085 1183/4123/1085 1181/4122/1085 1186/4121/1085
f 1187/4128/1086 1188/4127/1086 1186/4126/1086 1185/4125/1086
f 1186/4132/1087 1181/4131/1087 1182/4130/1087 1185/4129/1087
f 1187/4136/1088 1184/4135/1088 1183/4134/1088 1188/4133/1088
o cube
v -1.0437499999999997 1.2374999999999998 -2.7062500000000003
v -1.0437499999999997 1.2374999999999998 -2.7687500000000003
v -1.0437499999999997 0.8312499999999998 -2.7062500000000003
v -1.0437499999999997 0.8312499999999998 -2.7687500000000003
v -1.125 1.2374999999999998 -2.7687500000000003
v -1.125 1.2374999999999998 -2.7062500000000003
v -1.125 0.8312499999999998 -2.7687500000000003
v -1.125 0.8312499999999998 -2.7062500000000003
vt 0.07343749999999999 0.9515625
vt 0.09375000000000003 0.9515625
vt 0.09375000000000003 0.85
vt 0.07343749999999999 0.85
vt 0.23749999999999982 0.9515625
vt 0.2531249999999998 0.9515625
vt 0.2531249999999998 0.85
vt 0.23749999999999982 0.85
vt 0.24375000000000005 0.9515625
vt 0.2640625000000001 0.9515625
vt 0.2640625000000001 0.85
vt 0.24375000000000005 0.85
vt 0.015625 0.9515625
vt 0.03125 0.9515625
vt 0.03125 0.85
vt 0.015625 0.85
vt 0.24375000000000005 0.984375
vt 0.2640625000000001 0.984375
vt 0.2640625000000001 0.96875
vt 0.24375000000000005 0.96875
vt 0.24375000000000005 0.7625000000000002
vt 0.2640625000000001 0.7625000000000002
vt 0.2640625000000001 0.7468750000000002
vt 0.24375000000000005 0.7468750000000002
vn 0 0 -1
vn 1 0 0
vn 0 0 1
vn -1 0 0
vn 0 1 0
vn 0 -1 0
usemtl none
f 1192/4140/1089 1195/4139/1089 1193/4138/1089 1190/4137/1089
f 1191/4144/1090 1192/4143/1090 1190/4142/1090 1189/4141/1090
f 1196/4148/1091 1191/4147/1091 1189/4146/1091 1194/4145/1091
f 1195/4152/1092 1196/4151/1092 1194/4150/1092 1193/4149/1092
f 1194/4156/1093 1189/4155/1093 1190/4154/1093 1193/4153/1093
f 1195/4160/1094 1192/4159/1094 1191/4158/1094 1196/4157/1094
o cube
v -0.47500000000000003 1.2374999999999998 -2.7062500000000003
v -0.47500000000000003 1.2374999999999998 -2.7687500000000003
v -0.47500000000000003 1.15625 -2.7062500000000003
v -0.47500000000000003 1.15625 -2.7687500000000003
v -1.0437500000000002 1.2374999999999998 -2.7687500000000003
v -1.0437500000000002 1.2374999999999998 -2.7062500000000003
v -1.0437500000000002 1.15625 -2.7687500000000003
v -1.0437500000000002 1.15625 -2.7062500000000003
vt 0.09375 0.9515625
vt 0.23593750000000002 0.9515625
vt 0.23593750000000002 0.93125
vt 0.09375 0.93125
vt 0.23749999999999982 0.9515625
vt 0.2531249999999998 0.9515625
vt 0.2531249999999998 0.93125
vt 0.23749999999999982 0.93125
vt 0.10156250000000006 0.9515625
vt 0.24375000000000008 0.9515625
vt 0.24375000000000008 0.93125
vt 0.10156250000000006 0.93125
vt 0.015625 0.9515625
vt 0.03125 0.9515625
vt 0.03125 0.93125
vt 0.015625 0.93125
vt 0.10156250000000006 0.984375
vt 0.24375000000000008 0.984375
vt 0.24375000000000008 0.96875
vt 0.10156250000000006 0.96875
vt 0.10156250000000006 0.7625000000000002
vt 0.24375000000000008 0.7625000000000002
vt 0.24375000000000008 0.7468750000000002
vt 0.10156250000000006 0.7468750000000002
vn 0 0 -1
vn 1 0 0
vn 0 0 1
vn -1 0 0
vn 0 1 0
vn 0 -1 0
usemtl none
f 1200/4164/1095 1203/4163/1095 1201/4162/1095 1198/4161/1095
f 1199/4168/1096 1200/4167/1096 1198/4166/1096 1197/4165/1096
f 1204/4172/1097 1199/4171/1097 1197/4170/1097 1202/4169/1097
f 1203/4176/1098 1204/4175/1098 1202/4174/1098 1201/4173/1098
f 1202/4180/1099 1197/4179/1099 1198/4178/1099 1201/4177/1099
f 1203/4184/1100 1200/4183/1100 1199/4182/1100 1204/4181/1100
o cube
v -0.33125 0.8312499999999998 -2.70625
v -0.33125 0.8312499999999998 -3.64375
v -0.33125 0.75 -2.70625
v -0.33125 0.75 -3.64375
v -1.1875 0.8312499999999998 -3.64375
v -1.1875 0.8312499999999998 -2.70625
v -1.1875 0.75 -3.64375
v -1.1875 0.75 -2.70625
vt 0.05781249999999999 0.9515625
vt 0.271875 0.9515625
vt 0.271875 0.93125
vt 0.05781249999999999 0.93125
vt 0.23749999999999982 0.9515625
vt 0.4718749999999997 0.9515625
vt 0.4718749999999997 0.93125
vt 0.23749999999999982 0.93125
vt 0.0656250000000001 0.9515625
vt 0.2796875000000001 0.9515625
vt 0.2796875000000001 0.93125
vt 0.0656250000000001 0.93125
vt 0.2875000000000001 0.9515625
vt 0.521875 0.9515625
vt 0.521875 0.93125
vt 0.2875000000000001 0.93125
vt 0.0656250000000001 0.7124999999999999
vt 0.2796875000000001 0.7124999999999999
vt 0.2796875000000001 0.478125
vt 0.0656250000000001 0.478125
vt 0.0656250000000001 0.7625000000000002
vt 0.2796875000000001 0.7625000000000002
vt 0.2796875000000001 0.5281250000000003
vt 0.0656250000000001 0.5281250000000003
vn 0 0 -1
vn 1 0 0
vn 0 0 1
vn -1 0 0
vn 0 1 0
vn 0 -1 0
usemtl none
f 1208/4188/1101 1211/4187/1101 1209/4186/1101 1206/4185/1101
f 1207/4192/1102 1208/4191/1102 1206/4190/1102 1205/4189/1102
f 1212/4196/1103 1207/4195/1103 1205/4194/1103 1210/4193/1103
f 1211/4200/1104 1212/4199/1104 1210/4198/1104 1209/4197/1104
f 1210/4204/1105 1205/4203/1105 1206/4202/1105 1209/4201/1105
f 1211/4208/1106 1208/4207/1106 1207/4206/1106 1212/4205/1106
o cube
v -0.2749999999999999 0.6812500000000004 -2.70625
v -0.2749999999999999 0.6812500000000004 -3.64375
v -0.2749999999999999 0.5687500000000005 -2.70625
v -0.2749999999999999 0.5687500000000005 -3.64375
v -1.24375 0.6812500000000004 -3.64375
v -1.24375 0.6812500000000004 -2.70625
v -1.24375 0.5687500000000005 -3.64375
v -1.24375 0.5687500000000005 -2.70625
vt 0.04374999999999998 0.9515625
vt 0.28593749999999996 0.9515625
vt 0.28593749999999996 0.9234375
vt 0.04374999999999998 0.9234375
vt 0.23749999999999982 0.9515625
vt 0.4718749999999997 0.9515625
vt 0.4718749999999997 0.9234375
vt 0.23749999999999982 0.9234375
vt 0.051562500000000094 0.9515625
vt 0.29375000000000007 0.9515625
vt 0.29375000000000007 0.9234375
vt 0.051562500000000094 0.9234375
vt 0.2875000000000001 0.9515625
vt 0.521875 0.9515625
vt 0.521875 0.9234375
vt 0.2875000000000001 0.9234375
vt 0.051562500000000094 0.7124999999999999
vt 0.29375000000000007 0.7124999999999999
vt 0.29375000000000007 0.478125
vt 0.051562500000000094 0.478125
vt 0.051562500000000094 0.7625000000000002
vt 0.29375000000000007 0.7625000000000002
vt 0.29375000000000007 0.5281250000000003
vt 0.051562500000000094 0.5281250000000003
vn 0 0 -1
vn 1 0 0
vn 0 0 1
vn -1 0 0
vn 0 1 0
vn 0 -1 0
usemtl none
f 1216/4212/1107 1219/4211/1107 1217/4210/1107 1214/4209/1107
f 1215/4216/1108 1216/4215/1108 1214/4214/1108 1213/4213/1108
f 1220/4220/1109 1215/4219/1109 1213/4218/1109 1218/4217/1109
f 1219/4224/1110 1220/4223/1110 1218/4222/1110 1217/4221/1110
f 1218/4228/1111 1213/4227/1111 1214/4226/1111 1217/4225/1111
f 1219/4232/1112 1216/4231/1112 1215/4230/1112 1220/4229/1112
o cube
v -0.27499999999999997 0.8562499999999997 -2.70625
v -0.27499999999999997 0.8562499999999997 -3.64375
v -0.27499999999999997 0.75 -2.70625
v -0.27499999999999997 0.75 -3.64375
v -0.33125 0.8562499999999997 -3.64375
v -0.33125 0.8562499999999997 -2.70625
v -0.33125 0.75 -3.64375
v -0.33125 0.75 -2.70625
vt 0.04374999999999998 0.9578125
vt 0.05781249999999999 0.9578125
vt 0.05781249999999999 0.93125
vt 0.04374999999999998 0.93125
vt 0.23749999999999982 0.9578125
vt 0.4718749999999997 0.9578125
vt 0.4718749999999997 0.93125
vt 0.23749999999999982 0.93125
vt 0.2796875000000001 0.9578125
vt 0.29375000000000007 0.9578125
vt 0.29375000000000007 0.93125
vt 0.2796875000000001 0.93125
vt 0.2875000000000001 0.9578125
vt 0.521875 0.9578125
vt 0.521875 0.93125
vt 0.2875000000000001 0.93125
vt 0.2796875000000001 0.7124999999999999
vt 0.29375000000000007 0.7124999999999999
vt 0.29375000000000007 0.478125
vt 0.2796875000000001 0.478125
vt 0.2796875000000001 0.7625000000000002
vt 0.29375000000000007 0.7625000000000002
vt 0.29375000000000007 0.5281250000000003
vt 0.2796875000000001 0.5281250000000003
vn 0 0 -1
vn 1 0 0
vn 0 0 1
vn -1 0 0
vn 0 1 0
vn 0 -1 0
usemtl none
f 1224/4236/1113 1227/4235/1113 1225/4234/1113 1222/4233/1113
f 1223/4240/1114 1224/4239/1114 1222/4238/1114 1221/4237/1114
f 1228/4244/1115 1223/4243/1115 1221/4242/1115 1226/4241/1115
f 1227/4248/1116 1228/4247/1116 1226/4246/1116 1225/4245/1116
f 1226/4252/1117 1221/4251/1117 1222/4250/1117 1225/4249/1117
f 1227/4256/1118 1224/4255/1118 1223/4254/1118 1228/4253/1118
o cube
v -1.1875000000000009 0.8562499999999997 -2.70625
v -1.1875000000000009 0.8562499999999997 -3.64375
v -1.1875000000000009 0.75 -2.70625
v -1.1875000000000009 0.75 -3.64375
v -1.2437500000000012 0.8562499999999997 -3.64375
v -1.2437500000000012 0.8562499999999997 -2.70625
v -1.2437500000000012 0.75 -3.64375
v -1.2437500000000012 0.75 -2.70625
vt 0.04218749999999999 0.9578125
vt 0.05625000000000002 0.9578125
vt 0.05625000000000002 0.93125
vt 0.04218749999999999 0.93125
vt 0.23749999999999982 0.9578125
vt 0.4718749999999997 0.9578125
vt 0.4718749999999997 0.93125
vt 0.23749999999999982 0.93125
vt 0.28125000000000006 0.9578125
vt 0.2953125000000001 0.9578125
vt 0.2953125000000001 0.93125
vt 0.28125000000000006 0.93125
vt 0.2875000000000001 0.9578125
vt 0.521875 0.9578125
vt 0.521875 0.93125
vt 0.2875000000000001 0.93125
vt 0.28125000000000006 0.7124999999999999
vt 0.2953125000000001 0.7124999999999999
vt 0.2953125000000001 0.478125
vt 0.28125000000000006 0.478125
vt 0.28125000000000006 0.7625000000000002
vt 0.2953125000000001 0.7625000000000002
vt 0.2953125000000001 0.5281250000000003
vt 0.28125000000000006 0.5281250000000003
vn 0 0 -1
vn 1 0 0
vn 0 0 1
vn -1 0 0
vn 0 1 0
vn 0 -1 0
usemtl none
f 1232/4260/1119 1235/4259/1119 1233/4258/1119 1230/4257/1119
f 1231/4264/1120 1232/4263/1120 1230/4262/1120 1229/4261/1120
f 1236/4268/1121 1231/4267/1121 1229/4266/1121 1234/4265/1121
f 1235/4272/1122 1236/4271/1122 1234/4270/1122 1233/4269/1122
f 1234/4276/1123 1229/4275/1123 1230/4274/1123 1233/4273/1123
f 1235/4280/1124 1232/4279/1124 1231/4278/1124 1236/4277/1124
o cube
v -0.26875 0.5687500000000005 -3.1312500000000028
v -0.26875 0.5687500000000005 -3.250000000000002
v -0.26875 5.551115123125783e-16 -3.1312500000000028
v -0.26875 5.551115123125783e-16 -3.250000000000002
v -0.37499999999999994 0.5687500000000005 -3.250000000000002
v -0.37499999999999994 0.5687500000000005 -3.1312500000000028
v -0.37499999999999994 5.551115123125783e-16 -3.250000000000002
v -0.37499999999999994 5.551115123125783e-16 -3.1312500000000028
vt 0.04218749999999999 0.9234375
vt 0.06874999999999996 0.9234375
vt 0.06874999999999996 0.78125
vt 0.04218749999999999 0.78125
vt 0.2968749999999999 0.9234375
vt 0.32656249999999976 0.9234375
vt 0.32656249999999976 0.78125
vt 0.2968749999999999 0.78125
vt 0.2687500000000001 0.9234375
vt 0.2953125000000001 0.9234375
vt 0.2953125000000001 0.78125
vt 0.2687500000000001 0.78125
vt 0.43281250000000004 0.9234375
vt 0.4624999999999999 0.9234375
vt 0.4624999999999999 0.78125
vt 0.43281250000000004 0.78125
vt 0.2687500000000001 0.5671875
vt 0.2953125000000001 0.5671875
vt 0.2953125000000001 0.5375000000000001
vt 0.2687500000000001 0.5375000000000001
vt 0.2687500000000001 0.7031250000000001
vt 0.2953125000000001 0.7031250000000001
vt 0.2953125000000001 0.6734375000000002
vt 0.2687500000000001 0.6734375000000002
vn 0 0 -1
vn 1 0 0
vn 0 0 1
vn -1 0 0
vn 0 1 0
vn 0 -1 0
usemtl none
f 1240/4284/1125 1243/4283/1125 1241/4282/1125 1238/4281/1125
f 1239/4288/1126 1240/4287/1126 1238/4286/1126 1237/4285/1126
f 1244/4292/1127 1239/4291/1127 1237/4290/1127 1242/4289/1127
f 1243/4296/1128 1244/4295/1128 1242/4294/1128 1241/4293/1128
f 1242/4300/1129 1237/4299/1129 1238/4298/1129 1241/4297/1129
f 1243/4304/1130 1240/4303/1130 1239/4302/1130 1244/4301/1130
o cube
v -1.1437500000000016 0.5687500000000005 -3.1312500000000028
v -1.1437500000000016 0.5687500000000005 -3.250000000000002
v -1.1437500000000016 5.551115123125783e-16 -3.1312500000000028
v -1.1437500000000016 5.551115123125783e-16 -3.250000000000002
v -1.2500000000000013 0.5687500000000005 -3.250000000000002
v -1.2500000000000013 0.5687500000000005 -3.1312500000000028
v -1.2500000000000013 5.551115123125783e-16 -3.250000000000002
v -1.2500000000000013 5.551115123125783e-16 -3.1312500000000028
vt 0.04218749999999999 0.9234375
vt 0.06874999999999996 0.9234375
vt 0.06874999999999996 0.78125
vt 0.04218749999999999 0.78125
vt 0.2968749999999999 0.9234375
vt 0.32656249999999976 0.9234375
vt 0.32656249999999976 0.78125
vt 0.2968749999999999 0.78125
vt 0.2687500000000001 0.9234375
vt 0.2953125000000001 0.9234375
vt 0.2953125000000001 0.78125
vt 0.2687500000000001 0.78125
vt 0.43281250000000004 0.9234375
vt 0.4624999999999999 0.9234375
vt 0.4624999999999999 0.78125
vt 0.43281250000000004 0.78125
vt 0.2687500000000001 0.5671875
vt 0.2953125000000001 0.5671875
vt 0.2953125000000001 0.5375000000000001
vt 0.2687500000000001 0.5375000000000001
vt 0.2687500000000001 0.7031250000000001
vt 0.2953125000000001 0.7031250000000001
vt 0.2953125000000001 0.6734375000000002
vt 0.2687500000000001 0.6734375000000002
vn 0 0 -1
vn 1 0 0
vn 0 0 1
vn -1 0 0
vn 0 1 0
vn 0 -1 0
usemtl none
f 1248/4308/1131 1251/4307/1131 1249/4306/1131 1246/4305/1131
f 1247/4312/1132 1248/4311/1132 1246/4310/1132 1245/4309/1132
f 1252/4316/1133 1247/4315/1133 1245/4314/1133 1250/4313/1133
f 1251/4320/1134 1252/4319/1134 1250/4318/1134 1249/4317/1134
f 1250/4324/1135 1245/4323/1135 1246/4322/1135 1249/4321/1135
f 1251/4328/1136 1248/4327/1136 1247/4326/1136 1252/4325/1136
o cube
v -0.37500000000000155 0.27500000000000047 -3.137500000000003
v -0.37500000000000155 0.27500000000000047 -3.243750000000002
v -0.37500000000000155 0.18125000000000058 -3.137500000000003
v -0.37500000000000155 0.18125000000000058 -3.243750000000002
v -1.1437500000000014 0.27500000000000047 -3.243750000000002
v -1.1437500000000014 0.27500000000000047 -3.137500000000003
v -1.1437500000000014 0.18125000000000058 -3.243750000000002
v -1.1437500000000014 0.18125000000000058 -3.137500000000003
vt 0.0015624999999999944 0.8500000000000001
vt 0.19374999999999995 0.8500000000000001
vt 0.19374999999999995 0.8265625000000001
vt 0.0015624999999999944 0.8265625000000001
vt 0.2984374999999999 0.8500000000000001
vt 0.32499999999999973 0.8500000000000001
vt 0.32499999999999973 0.8265625000000001
vt 0.2984374999999999 0.8265625000000001
vt 0.2953125000000001 0.8500000000000001
vt 0.48750000000000004 0.8500000000000001
vt 0.48750000000000004 0.8265625000000001
vt 0.2953125000000001 0.8265625000000001
vt 0.43437500000000007 0.8500000000000001
vt 0.4609374999999999 0.8500000000000001
vt 0.4609374999999999 0.8265625000000001
vt 0.43437500000000007 0.8265625000000001
vt 0.2953125000000001 0.5656249999999999
vt 0.48750000000000004 0.5656249999999999
vt 0.48750000000000004 0.5390625000000001
vt 0.2953125000000001 0.5390625000000001
vt 0.2953125000000001 0.7015625000000001
vt 0.48750000000000004 0.7015625000000001
vt 0.48750000000000004 0.6750000000000003
vt 0.2953125000000001 0.6750000000000003
vn 0 0 -1
vn 1 0 0
vn 0 0 1
vn -1 0 0
vn 0 1 0
vn 0 -1 0
usemtl none
f 1256/4332/1137 1259/4331/1137 1257/4330/1137 1254/4329/1137
f 1255/4336/1138 1256/4335/1138 1254/4334/1138 1253/4333/1138
f 1260/4340/1139 1255/4339/1139 1253/4338/1139 1258/4337/1139
f 1259/4344/1140 1260/4343/1140 1258/4342/1140 1257/4341/1140
f 1258/4348/1141 1253/4347/1141 1254/4346/1141 1257/4345/1141
f 1259/4352/1142 1256/4351/1142 1255/4350/1142 1260/4349/1142
o cube
v 0.3853453885948222 1.625 -0.253509833773803
v 0.37611244684288214 1.625 -0.26982900307267615
v 0.3853453885948222 1.4 -0.253509833773803
v 0.37611244684288214 1.4 -0.26982900307267615
v 0.1748426921567804 1.625 -0.1559560547987494
v 0.18407563390872042 1.625 -0.13963688549987624
v 0.1748426921567804 1.4 -0.1559560547987494
v 0.18407563390872042 1.4 -0.13963688549987624
vt 0.0953125 1
vt 0.0375 1
vt 0.0375 0.94375
vt 0.0953125 0.94375
vt 0.03125 1
vt 0.0265625 1
vt 0.0265625 0.94375
vt 0.03125 0.94375
vt 0.0578125 1
vt 0 1
vt 0 0.94375
vt 0.0578125 0.94375
vt 0.0046875 1
vt 0 1
vt 0 0.94375
vt 0.0046875 0.94375
vt 0.0578125 0.9734375
vt 0 0.9734375
vt 0 0.96875
vt 0.0578125 0.96875
vt 0.0578125 1
vt 0 1
vt 0 0.9953125
vt 0.0578125 0.9953125
vn -0.4924235601034671 0 -0.8703556959398997
vn 0.8703556959398997 0 -0.4924235601034671
vn 0.4924235601034671 0 0.8703556959398997
vn -0.8703556959398997 0 0.4924235601034671
vn 0 1 0
vn 0 -1 0
usemtl none
f 1264/4356/1143 1267/4355/1143 1265/4354/1143 1262/4353/1143
f 1263/4360/1144 1264/4359/1144 1262/4358/1144 1261/4357/1144
f 1268/4364/1145 1263/4363/1145 1261/4362/1145 1266/4361/1145
f 1267/4368/1146 1268/4367/1146 1266/4366/1146 1265/4365/1146
f 1266/4372/1147 1261/4371/1147 1262/4370/1147 1265/4369/1147
f 1267/4376/1148 1264/4375/1148 1263/4374/1148 1268/4373/1148
o mesh
v -0.26875 0.7499999999999999 -2.7062499999999927
v -0.26875 0.7499999999999999 -2.8937499999999927
v -0.26875 0.6812499999999999 -2.7062499999999927
v -0.26875 0.6812499999999999 -2.8937499999999927
v -1.25 0.7499999999999999 -2.7062499999999927
v -1.25 0.7499999999999999 -2.8937499999999927
v -1.25 0.6749999999999999 -2.7062499999999927
v -1.25 0.6749999999999999 -2.8937499999999927
v -0.28124999999999994 0.6749999999999999 -2.7469841647050317
v -0.28125000596046434 0.7202758995208546 -2.746433092123476
v -0.28125000596046434 0.7205996884455258 -2.8536745643958015
v -0.28124999999999994 0.6749999999999999 -2.8536061681215643
v -0.2687500050530901 0.7211014492766019 -2.854476785043032
v -0.26875000501819646 0.7210284031763178 -2.74534265496365
v -0.26875 0.6812499999999999 -2.745474280400744
v -0.26875 0.6812499999999999 -2.8541783624175956
vt 0.25 0.875
vt 0.25 1
vt 0 1
vt 0 0.875
vt 0 0.75
vt 0.25 0.75
vt 0.25 1
vt 0 1
vt 0.25 0.875
vt 0.25 1
vt 0 1
vt 0 0.875
vt 0.25 1
vt 0 1
vt 0 0.875
vt 0.25 0.875
vt 0.06264555294005211 0.875
vt 0.18814155749542869 0.875
vt 0.1882327525277449 0.943186980742543
vt 0.061910789497977944 0.9426473325347576
vt 0 0.75
vt 0.25 0.75
vt 0.25 0.9373544470599479
vt 0 1
vt 0.25 0.8118584425045713
vt 0.25 0.9373544470599479
vt 0 0.75
vt 0.061910789497977944 0.9426473325347576
vt 0.1882327525277449 0.943186980742543
vt 0.19763571339071923 0.9518357487943367
vt 0.05212353995154295 0.9517140052938632
vt 0.05212353995154295 0.9517140052938632
vt 0.19763571339071923 0.9518357487943367
vt 0.25 1
vt 0 1
vt 0.061910789497977944 0.9426473325347576
vt 0.05212353995154295 0.9517140052938631
vt 0.05229904053433438 0.875
vt 0.06264555294005211 0.875
vt 0.05212353995154295 0.9517140052938631
vt 0 1
vt 0 0.875
vt 0.05229904053433438 0.875
vt 0.25 0.875
vt 0.25 1
vt 0.19763571339071925 0.9518357487943367
vt 0.19723781655680472 0.875
vt 0.19723781655680472 0.875
vt 0.19763571339071925 0.9518357487943367
vt 0.1882327525277449 0.943186980742543
vt 0.18814155749542869 0.875
vt 0.25 1
vt 0 1
vt 0.25 0.9477009594656648
vn -1 0 0
vn 0 1 0
vn 0 0 1
vn 0 0 -1
vn 0.9999999999999915 1.3071283166646782e-7 0
vn 0.006363676173987854 -0.9990971593160923 -0.042004403008105234
vn 0 -1 0
vn 0.03991507840532953 -0.9991985214388938 -0.0030168311562173743
vn 0.9999999999999848 -1.754502857120157e-7 -4.3716482332758867e-10
vn 0.08670749709369256 0.003296498044882035 -0.9962283588858468
vn 0.9999999999999918 0 -1.2836673472651743e-7
vn 0.9999999999999918 0 1.2866504864811505e-7
vn 0.0637453562867532 0.007472944402609942 0.9979382168520406
vn 0.006369297552984827 -0.9999797158186169 0
usemtl none
f 1275/4377/1149 1273/4378/1149 1274/4379/1149 1276/4380/1149
f 1273/4381/1150 1269/4382/1150 1270/4383/1150 1274/4384/1150
f 1271/4385/1151 1269/4386/1151 1273/4387/1151 1275/4388/1151
f 1274/4389/1152 1270/4390/1152 1272/4391/1152 1276/4392/1152
f 1277/4393/1153 1280/4394/1153 1279/4395/1153 1278/4396/1153
f 1276/4397/1154 1272/4398/1154 1277/4399/1154 1275/4400/1154
f 1280/4401/1155 1277/4402/1155 1276/4403/1155
f 1278/4404/1156 1279/4405/1156 1281/4406/1156 1282/4407/1156
f 1282/4408/1157 1281/4409/1157 1270/4410/1157 1269/4411/1157
f 1278/4412/1158 1282/4413/1158 1283/4414/1158 1277/4415/1158
f 1282/4416/1159 1269/4417/1159 1271/4418/1159 1283/4419/1159
f 1272/4420/1160 1270/4421/1160 1281/4422/1160 1284/4423/1160
f 1284/4424/1161 1281/4425/1161 1279/4426/1161 1280/4427/1161
f 1271/4428/1162 1275/4429/1162 1283/4430/1162
o mesh
v -0.26875 0.7499999999999999 -2.893749999999993
v -0.26875 0.7499999999999999 -3.081249999999993
v -0.26875 0.6812499999999999 -2.893749999999993
v -0.26875 0.6812499999999999 -3.081249999999993
v -1.25 0.7499999999999999 -2.893749999999993
v -1.25 0.7499999999999999 -3.081249999999993
v -1.25 0.6749999999999999 -2.893749999999993
v -1.25 0.6749999999999999 -3.081249999999993
v -0.28124999999999994 0.6749999999999999 -2.934484164705032
v -0.28125000596046434 0.7202758995208546 -2.9339330921234765
v -0.28125000596046434 0.7205996884455258 -3.041174564395802
v -0.28124999999999994 0.6749999999999999 -3.0411061681215648
v -0.2687500050530901 0.7211014492766019 -3.0419767850430324
v -0.26875000501819646 0.7210284031763178 -2.9328426549636504
v -0.26875 0.6812499999999999 -2.9329742804007446
v -0.26875 0.6812499999999999 -3.041678362417596
vt 0.25 0.875
vt 0.25 1
vt 0 1
vt 0 0.875
vt 0 0.75
vt 0.25 0.75
vt 0.25 1
vt 0 1
vt 0.25 0.875
vt 0.25 1
vt 0 1
vt 0 0.875
vt 0.25 1
vt 0 1
vt 0 0.875
vt 0.25 0.875
vt 0.06264555294005211 0.875
vt 0.18814155749542869 0.875
vt 0.1882327525277449 0.943186980742543
vt 0.061910789497977944 0.9426473325347576
vt 0 0.75
vt 0.25 0.75
vt 0.25 0.9373544470599479
vt 0 1
vt 0.25 0.8118584425045713
vt 0.25 0.9373544470599479
vt 0 0.75
vt 0.061910789497977944 0.9426473325347576
vt 0.1882327525277449 0.943186980742543
vt 0.19763571339071923 0.9518357487943367
vt 0.05212353995154295 0.9517140052938632
vt 0.05212353995154295 0.9517140052938632
vt 0.19763571339071923 0.9518357487943367
vt 0.25 1
vt 0 1
vt 0.061910789497977944 0.9426473325347576
vt 0.05212353995154295 0.9517140052938631
vt 0.05229904053433438 0.875
vt 0.06264555294005211 0.875
vt 0.05212353995154295 0.9517140052938631
vt 0 1
vt 0 0.875
vt 0.05229904053433438 0.875
vt 0.25 0.875
vt 0.25 1
vt 0.19763571339071925 0.9518357487943367
vt 0.19723781655680472 0.875
vt 0.19723781655680472 0.875
vt 0.19763571339071925 0.9518357487943367
vt 0.1882327525277449 0.943186980742543
vt 0.18814155749542869 0.875
vt 0.25 1
vt 0 1
vt 0.25 0.9477009594656648
vn -1 0 0
vn 0 1 0
vn 0 0 1
vn 0 0 -1
vn 0.9999999999999915 1.3071283166646782e-7 0
vn 0.006363676173987854 -0.9990971593160923 -0.042004403008105234
vn 0 -1 0
vn 0.03991507840532953 -0.9991985214388938 -0.0030168311562173743
vn 0.9999999999999848 -1.754502857120157e-7 -4.3716482332758867e-10
vn 0.08670749709369256 0.003296498044882035 -0.9962283588858468
vn 0.9999999999999918 0 -1.2836673472651743e-7
vn 0.9999999999999918 0 1.2866504864811505e-7
vn 0.0637453562867532 0.007472944402609942 0.9979382168520406
vn 0.006369297552984827 -0.9999797158186169 0
usemtl none
f 1291/4431/1163 1289/4432/1163 1290/4433/1163 1292/4434/1163
f 1289/4435/1164 1285/4436/1164 1286/4437/1164 1290/4438/1164
f 1287/4439/1165 1285/4440/1165 1289/4441/1165 1291/4442/1165
f 1290/4443/1166 1286/4444/1166 1288/4445/1166 1292/4446/1166
f 1293/4447/1167 1296/4448/1167 1295/4449/1167 1294/4450/1167
f 1292/4451/1168 1288/4452/1168 1293/4453/1168 1291/4454/1168
f 1296/4455/1169 1293/4456/1169 1292/4457/1169
f 1294/4458/1170 1295/4459/1170 1297/4460/1170 1298/4461/1170
f 1298/4462/1171 1297/4463/1171 1286/4464/1171 1285/4465/1171
f 1294/4466/1172 1298/4467/1172 1299/4468/1172 1293/4469/1172
f 1298/4470/1173 1285/4471/1173 1287/4472/1173 1299/4473/1173
f 1288/4474/1174 1286/4475/1174 1297/4476/1174 1300/4477/1174
f 1300/4478/1175 1297/4479/1175 1295/4480/1175 1296/4481/1175
f 1287/4482/1176 1291/4483/1176 1299/4484/1176
o mesh
v -0.26875 0.7499999999999999 -3.081249999999995
v -0.26875 0.7499999999999999 -3.268749999999995
v -0.26875 0.6812499999999999 -3.081249999999995
v -0.26875 0.6812499999999999 -3.268749999999995
v -1.25 0.7499999999999999 -3.081249999999995
v -1.25 0.7499999999999999 -3.268749999999995
v -1.25 0.6749999999999999 -3.081249999999995
v -1.25 0.6749999999999999 -3.268749999999995
v -0.28124999999999994 0.6749999999999999 -3.121984164705034
v -0.28125000596046434 0.7202758995208546 -3.1214330921234783
v -0.28125000596046434 0.7205996884455258 -3.2286745643958037
v -0.28124999999999994 0.6749999999999999 -3.2286061681215665
v -0.2687500050530901 0.7211014492766019 -3.229476785043034
v -0.26875000501819646 0.7210284031763178 -3.120342654963652
v -0.26875 0.6812499999999999 -3.1204742804007464
v -0.26875 0.6812499999999999 -3.229178362417598
vt 0.25 0.875
vt 0.25 1
vt 0 1
vt 0 0.875
vt 0 0.75
vt 0.25 0.75
vt 0.25 1
vt 0 1
vt 0.25 0.875
vt 0.25 1
vt 0 1
vt 0 0.875
vt 0.25 1
vt 0 1
vt 0 0.875
vt 0.25 0.875
vt 0.06264555294005211 0.875
vt 0.18814155749542869 0.875
vt 0.1882327525277449 0.943186980742543
vt 0.061910789497977944 0.9426473325347576
vt 0 0.75
vt 0.25 0.75
vt 0.25 0.9373544470599479
vt 0 1
vt 0.25 0.8118584425045713
vt 0.25 0.9373544470599479
vt 0 0.75
vt 0.061910789497977944 0.9426473325347576
vt 0.1882327525277449 0.943186980742543
vt 0.19763571339071923 0.9518357487943367
vt 0.05212353995154295 0.9517140052938632
vt 0.05212353995154295 0.9517140052938632
vt 0.19763571339071923 0.9518357487943367
vt 0.25 1
vt 0 1
vt 0.061910789497977944 0.9426473325347576
vt 0.05212353995154295 0.9517140052938631
vt 0.05229904053433438 0.875
vt 0.06264555294005211 0.875
vt 0.05212353995154295 0.9517140052938631
vt 0 1
vt 0 0.875
vt 0.05229904053433438 0.875
vt 0.25 0.875
vt 0.25 1
vt 0.19763571339071925 0.9518357487943367
vt 0.19723781655680472 0.875
vt 0.19723781655680472 0.875
vt 0.19763571339071925 0.9518357487943367
vt 0.1882327525277449 0.943186980742543
vt 0.18814155749542869 0.875
vt 0.25 1
vt 0 1
vt 0.25 0.9477009594656648
vn -1 0 0
vn 0 1 0
vn 0 0 1
vn 0 0 -1
vn 0.9999999999999915 1.3071283166646782e-7 0
vn 0.006363676173987854 -0.9990971593160923 -0.042004403008105234
vn 0 -1 0
vn 0.03991507840532953 -0.9991985214388938 -0.0030168311562173743
vn 0.9999999999999848 -1.754502857120157e-7 -4.3716482332758867e-10
vn 0.08670749709369256 0.003296498044882035 -0.9962283588858468
vn 0.9999999999999918 0 -1.2836673472651743e-7
vn 0.9999999999999918 0 1.2866504864811505e-7
vn 0.0637453562867532 0.007472944402609942 0.9979382168520406
vn 0.006369297552984827 -0.9999797158186169 0
usemtl none
f 1307/4485/1177 1305/4486/1177 1306/4487/1177 1308/4488/1177
f 1305/4489/1178 1301/4490/1178 1302/4491/1178 1306/4492/1178
f 1303/4493/1179 1301/4494/1179 1305/4495/1179 1307/4496/1179
f 1306/4497/1180 1302/4498/1180 1304/4499/1180 1308/4500/1180
f 1309/4501/1181 1312/4502/1181 1311/4503/1181 1310/4504/1181
f 1308/4505/1182 1304/4506/1182 1309/4507/1182 1307/4508/1182
f 1312/4509/1183 1309/4510/1183 1308/4511/1183
f 1310/4512/1184 1311/4513/1184 1313/4514/1184 1314/4515/1184
f 1314/4516/1185 1313/4517/1185 1302/4518/1185 1301/4519/1185
f 1310/4520/1186 1314/4521/1186 1315/4522/1186 1309/4523/1186
f 1314/4524/1187 1301/4525/1187 1303/4526/1187 1315/4527/1187
f 1304/4528/1188 1302/4529/1188 1313/4530/1188 1316/4531/1188
f 1316/4532/1189 1313/4533/1189 1311/4534/1189 1312/4535/1189
f 1303/4536/1190 1307/4537/1190 1315/4538/1190
o mesh
v -0.26875 0.7499999999999999 -3.268749999999993
v -0.26875 0.7499999999999999 -3.456249999999993
v -0.26875 0.6812499999999999 -3.268749999999993
v -0.26875 0.6812499999999999 -3.456249999999993
v -1.25 0.7499999999999999 -3.268749999999993
v -1.25 0.7499999999999999 -3.456249999999993
v -1.25 0.6749999999999999 -3.268749999999993
v -1.25 0.6749999999999999 -3.456249999999993
v -0.28124999999999994 0.6749999999999999 -3.309484164705032
v -0.28125000596046434 0.7202758995208546 -3.3089330921234765
v -0.28125000596046434 0.7205996884455258 -3.416174564395802
v -0.28124999999999994 0.6749999999999999 -3.4161061681215648
v -0.2687500050530901 0.7211014492766019 -3.4169767850430324
v -0.26875000501819646 0.7210284031763178 -3.3078426549636504
v -0.26875 0.6812499999999999 -3.3079742804007446
v -0.26875 0.6812499999999999 -3.416678362417596
vt 0.25 0.875
vt 0.25 1
vt 0 1
vt 0 0.875
vt 0 0.75
vt 0.25 0.75
vt 0.25 1
vt 0 1
vt 0.25 0.875
vt 0.25 1
vt 0 1
vt 0 0.875
vt 0.25 1
vt 0 1
vt 0 0.875
vt 0.25 0.875
vt 0.06264555294005211 0.875
vt 0.18814155749542869 0.875
vt 0.1882327525277449 0.943186980742543
vt 0.061910789497977944 0.9426473325347576
vt 0 0.75
vt 0.25 0.75
vt 0.25 0.9373544470599479
vt 0 1
vt 0.25 0.8118584425045713
vt 0.25 0.9373544470599479
vt 0 0.75
vt 0.061910789497977944 0.9426473325347576
vt 0.1882327525277449 0.943186980742543
vt 0.19763571339071923 0.9518357487943367
vt 0.05212353995154295 0.9517140052938632
vt 0.05212353995154295 0.9517140052938632
vt 0.19763571339071923 0.9518357487943367
vt 0.25 1
vt 0 1
vt 0.061910789497977944 0.9426473325347576
vt 0.05212353995154295 0.9517140052938631
vt 0.05229904053433438 0.875
vt 0.06264555294005211 0.875
vt 0.05212353995154295 0.9517140052938631
vt 0 1
vt 0 0.875
vt 0.05229904053433438 0.875
vt 0.25 0.875
vt 0.25 1
vt 0.19763571339071925 0.9518357487943367
vt 0.19723781655680472 0.875
vt 0.19723781655680472 0.875
vt 0.19763571339071925 0.9518357487943367
vt 0.1882327525277449 0.943186980742543
vt 0.18814155749542869 0.875
vt 0.25 1
vt 0 1
vt 0.25 0.9477009594656648
vn -1 0 0
vn 0 1 0
vn 0 0 1
vn 0 0 -1
vn 0.9999999999999915 1.3071283166646782e-7 0
vn 0.006363676173987854 -0.9990971593160923 -0.042004403008105234
vn 0 -1 0
vn 0.03991507840532953 -0.9991985214388938 -0.0030168311562173743
vn 0.9999999999999848 -1.754502857120157e-7 -4.3716482332758867e-10
vn 0.08670749709369256 0.003296498044882035 -0.9962283588858468
vn 0.9999999999999918 0 -1.2836673472651743e-7
vn 0.9999999999999918 0 1.2866504864811505e-7
vn 0.0637453562867532 0.007472944402609942 0.9979382168520406
vn 0.006369297552984827 -0.9999797158186169 0
usemtl none
f 1323/4539/1191 1321/4540/1191 1322/4541/1191 1324/4542/1191
f 1321/4543/1192 1317/4544/1192 1318/4545/1192 1322/4546/1192
f 1319/4547/1193 1317/4548/1193 1321/4549/1193 1323/4550/1193
f 1322/4551/1194 1318/4552/1194 1320/4553/1194 1324/4554/1194
f 1325/4555/1195 1328/4556/1195 1327/4557/1195 1326/4558/1195
f 1324/4559/1196 1320/4560/1196 1325/4561/1196 1323/4562/1196
f 1328/4563/1197 1325/4564/1197 1324/4565/1197
f 1326/4566/1198 1327/4567/1198 1329/4568/1198 1330/4569/1198
f 1330/4570/1199 1329/4571/1199 1318/4572/1199 1317/4573/1199
f 1326/4574/1200 1330/4575/1200 1331/4576/1200 1325/4577/1200
f 1330/4578/1201 1317/4579/1201 1319/4580/1201 1331/4581/1201
f 1320/4582/1202 1318/4583/1202 1329/4584/1202 1332/4585/1202
f 1332/4586/1203 1329/4587/1203 1327/4588/1203 1328/4589/1203
f 1319/4590/1204 1323/4591/1204 1331/4592/1204
o mesh
v -0.26875 0.7499999999999999 -3.4562499999999927
v -0.26875 0.7499999999999999 -3.6437499999999927
v -0.26875 0.6812499999999999 -3.4562499999999927
v -0.26875 0.6812499999999999 -3.6437499999999927
v -1.25 0.7499999999999999 -3.4562499999999927
v -1.25 0.7499999999999999 -3.6437499999999927
v -1.25 0.6749999999999999 -3.4562499999999927
v -1.25 0.6749999999999999 -3.6437499999999927
v -0.28124999999999994 0.6749999999999999 -3.4969841647050317
v -0.28125000596046434 0.7202758995208546 -3.496433092123476
v -0.28125000596046434 0.7205996884455258 -3.6036745643958015
v -0.28124999999999994 0.6749999999999999 -3.6036061681215643
v -0.2687500050530901 0.7211014492766019 -3.604476785043032
v -0.26875000501819646 0.7210284031763178 -3.49534265496365
v -0.26875 0.6812499999999999 -3.495474280400744
v -0.26875 0.6812499999999999 -3.6041783624175956
vt 0.25 0.875
vt 0.25 1
vt 0 1
vt 0 0.875
vt 0 0.75
vt 0.25 0.75
vt 0.25 1
vt 0 1
vt 0.25 0.875
vt 0.25 1
vt 0 1
vt 0 0.875
vt 0.25 1
vt 0 1
vt 0 0.875
vt 0.25 0.875
vt 0.06264555294005211 0.875
vt 0.18814155749542869 0.875
vt 0.1882327525277449 0.943186980742543
vt 0.061910789497977944 0.9426473325347576
vt 0 0.75
vt 0.25 0.75
vt 0.25 0.9373544470599479
vt 0 1
vt 0.25 0.8118584425045713
vt 0.25 0.9373544470599479
vt 0 0.75
vt 0.061910789497977944 0.9426473325347576
vt 0.1882327525277449 0.943186980742543
vt 0.19763571339071923 0.9518357487943367
vt 0.05212353995154295 0.9517140052938632
vt 0.05212353995154295 0.9517140052938632
vt 0.19763571339071923 0.9518357487943367
vt 0.25 1
vt 0 1
vt 0.061910789497977944 0.9426473325347576
vt 0.05212353995154295 0.9517140052938631
vt 0.05229904053433438 0.875
vt 0.06264555294005211 0.875
vt 0.05212353995154295 0.9517140052938631
vt 0 1
vt 0 0.875
vt 0.05229904053433438 0.875
vt 0.25 0.875
vt 0.25 1
vt 0.19763571339071925 0.9518357487943367
vt 0.19723781655680472 0.875
vt 0.19723781655680472 0.875
vt 0.19763571339071925 0.9518357487943367
vt 0.1882327525277449 0.943186980742543
vt 0.18814155749542869 0.875
vt 0.25 1
vt 0 1
vt 0.25 0.9477009594656648
vn -1 0 0
vn 0 1 0
vn 0 0 1
vn 0 0 -1
vn 0.9999999999999915 1.3071283166646782e-7 0
vn 0.006363676173987854 -0.9990971593160923 -0.042004403008105234
vn 0 -1 0
vn 0.03991507840532953 -0.9991985214388938 -0.0030168311562173743
vn 0.9999999999999848 -1.754502857120157e-7 -4.3716482332758867e-10
vn 0.08670749709369256 0.003296498044882035 -0.9962283588858468
vn 0.9999999999999918 0 -1.2836673472651743e-7
vn 0.9999999999999918 0 1.2866504864811505e-7
vn 0.0637453562867532 0.007472944402609942 0.9979382168520406
vn 0.006369297552984827 -0.9999797158186169 0
usemtl none
f 1339/4593/1205 1337/4594/1205 1338/4595/1205 1340/4596/1205
f 1337/4597/1206 1333/4598/1206 1334/4599/1206 1338/4600/1206
f 1335/4601/1207 1333/4602/1207 1337/4603/1207 1339/4604/1207
f 1338/4605/1208 1334/4606/1208 1336/4607/1208 1340/4608/1208
f 1341/4609/1209 1344/4610/1209 1343/4611/1209 1342/4612/1209
f 1340/4613/1210 1336/4614/1210 1341/4615/1210 1339/4616/1210
f 1344/4617/1211 1341/4618/1211 1340/4619/1211
f 1342/4620/1212 1343/4621/1212 1345/4622/1212 1346/4623/1212
f 1346/4624/1213 1345/4625/1213 1334/4626/1213 1333/4627/1213
f 1342/4628/1214 1346/4629/1214 1347/4630/1214 1341/4631/1214
f 1346/4632/1215 1333/4633/1215 1335/4634/1215 1347/4635/1215
f 1336/4636/1216 1334/4637/1216 1345/4638/1216 1348/4639/1216
f 1348/4640/1217 1345/4641/1217 1343/4642/1217 1344/4643/1217
f 1335/4644/1218 1339/4645/1218 1347/4646/1218